

    ----------------------------------------------------------------------
    -- VERSIONING
    ----------------------------------------------------------------------
    insert into Versioning (VERSIONID, DESCRIPTION, STATUS, TECHPACK_NAME, TECHPACK_VERSION, TECHPACK_TYPE, PRODUCT_NUMBER, BASEDEFINITION,INSTALLDESCRIPTION,UNIVERSENAME,UNIVERSEEXTENSION,LOCKEDBY,LOCKDATE,ENIQ_LEVEL) values ('TP_BASE'||':'||'BASE_TP_090123', 'TP_BASE'||' '||'BASE_TP_090123',1,'TP_BASE','R1A02','BASE','','','','','','','','2.0');

    ----------------------------------------------------------------------
    -- MEASUREMENTTYPECLASS
    ----------------------------------------------------------------------
    --PLAIN,RAW,DAY,COUNT,DAYBH,RANKBH                                                     TYPECLASSID                        VERSIONID            D
    insert into MeasurementTypeClass (TYPECLASSID, VERSIONID,DESCRIPTION) values ('TP_BASE'||':'||'BASE_TP_090123'||':PLAIN', 'TP_BASE'||':'||'BASE_TP_090123', '');
    insert into MeasurementTypeClass (TYPECLASSID, VERSIONID,DESCRIPTION) values ('TP_BASE'||':'||'BASE_TP_090123'||':RAW',   'TP_BASE'||':'||'BASE_TP_090123', '');
    insert into MeasurementTypeClass (TYPECLASSID, VERSIONID,DESCRIPTION) values ('TP_BASE'||':'||'BASE_TP_090123'||':DAY',   'TP_BASE'||':'||'BASE_TP_090123', '');
    insert into MeasurementTypeClass (TYPECLASSID, VERSIONID,DESCRIPTION) values ('TP_BASE'||':'||'BASE_TP_090123'||':COUNT', 'TP_BASE'||':'||'BASE_TP_090123', '');
    insert into MeasurementTypeClass (TYPECLASSID, VERSIONID,DESCRIPTION) values ('TP_BASE'||':'||'BASE_TP_090123'||':DAYBH', 'TP_BASE'||':'||'BASE_TP_090123', '');
    insert into MeasurementTypeClass (TYPECLASSID, VERSIONID,DESCRIPTION) values ('TP_BASE'||':'||'BASE_TP_090123'||':RANKBH','TP_BASE'||':'||'BASE_TP_090123', '');

    ----------------------------------------------------------------------
    -- MEASUREMENTTYPE
    ----------------------------------------------------------------------
    insert into MeasurementType (TYPEID, TYPECLASSID, TYPENAME, VENDORID, FOLDERNAME, DESCRIPTION, STATUS, VERSIONID, OBJECTID, OBJECTNAME, OBJECTVERSION, OBJECTTYPE, JOINABLE, SIZING, TOTALAGG, ELEMENTBHSUPPORT, RANKINGTABLE, DELTACALCSUPPORT, PLAINTABLE, UNIVERSEEXTENSION, VECTORSUPPORT, DATAFORMATSUPPORT) values ('TP_BASE'||':'||'BASE_TP_090123'||':PLAIN',   'TP_BASE'||':'||'BASE_TP_090123'||':PLAIN',  'PLAIN',  '', '', '', 0, 'TP_BASE'||':'||'BASE_TP_090123', '', '', 0, '', '', '', 0, 0, 0, 0, 0, '', 0, 0);
    insert into MeasurementType (TYPEID, TYPECLASSID, TYPENAME, VENDORID, FOLDERNAME, DESCRIPTION, STATUS, VERSIONID, OBJECTID, OBJECTNAME, OBJECTVERSION, OBJECTTYPE, JOINABLE, SIZING, TOTALAGG, ELEMENTBHSUPPORT, RANKINGTABLE, DELTACALCSUPPORT, PLAINTABLE, UNIVERSEEXTENSION, VECTORSUPPORT, DATAFORMATSUPPORT) values ('TP_BASE'||':'||'BASE_TP_090123'||':RAW',     'TP_BASE'||':'||'BASE_TP_090123'||':RAW',    'RAW',    '', '', '', 0, 'TP_BASE'||':'||'BASE_TP_090123', '', '', 0, '', '', '', 0, 0, 0, 0, 0, '', 0, 0);
    insert into MeasurementType (TYPEID, TYPECLASSID, TYPENAME, VENDORID, FOLDERNAME, DESCRIPTION, STATUS, VERSIONID, OBJECTID, OBJECTNAME, OBJECTVERSION, OBJECTTYPE, JOINABLE, SIZING, TOTALAGG, ELEMENTBHSUPPORT, RANKINGTABLE, DELTACALCSUPPORT, PLAINTABLE, UNIVERSEEXTENSION, VECTORSUPPORT, DATAFORMATSUPPORT) values ('TP_BASE'||':'||'BASE_TP_090123'||':DAY',     'TP_BASE'||':'||'BASE_TP_090123'||':DAY',    'DAY',    '', '', '', 0, 'TP_BASE'||':'||'BASE_TP_090123', '', '', 0, '', '', '', 0, 0, 0, 0, 0, '', 0, 0);
    insert into MeasurementType (TYPEID, TYPECLASSID, TYPENAME, VENDORID, FOLDERNAME, DESCRIPTION, STATUS, VERSIONID, OBJECTID, OBJECTNAME, OBJECTVERSION, OBJECTTYPE, JOINABLE, SIZING, TOTALAGG, ELEMENTBHSUPPORT, RANKINGTABLE, DELTACALCSUPPORT, PLAINTABLE, UNIVERSEEXTENSION, VECTORSUPPORT, DATAFORMATSUPPORT) values ('TP_BASE'||':'||'BASE_TP_090123'||':COUNT',   'TP_BASE'||':'||'BASE_TP_090123'||':COUNT',  'COUNT',  '', '', '', 0, 'TP_BASE'||':'||'BASE_TP_090123', '', '', 0, '', '', '', 0, 0, 0, 0, 0, '', 0, 0);
    insert into MeasurementType (TYPEID, TYPECLASSID, TYPENAME, VENDORID, FOLDERNAME, DESCRIPTION, STATUS, VERSIONID, OBJECTID, OBJECTNAME, OBJECTVERSION, OBJECTTYPE, JOINABLE, SIZING, TOTALAGG, ELEMENTBHSUPPORT, RANKINGTABLE, DELTACALCSUPPORT, PLAINTABLE, UNIVERSEEXTENSION, VECTORSUPPORT, DATAFORMATSUPPORT) values ('TP_BASE'||':'||'BASE_TP_090123'||':DAYBH',   'TP_BASE'||':'||'BASE_TP_090123'||':DAYBH',  'DAYBH',  '', '', '', 0, 'TP_BASE'||':'||'BASE_TP_090123', '', '', 0, '', '', '', 0, 0, 0, 0, 0, '', 0, 0);
    insert into MeasurementType (TYPEID, TYPECLASSID, TYPENAME, VENDORID, FOLDERNAME, DESCRIPTION, STATUS, VERSIONID, OBJECTID, OBJECTNAME, OBJECTVERSION, OBJECTTYPE, JOINABLE, SIZING, TOTALAGG, ELEMENTBHSUPPORT, RANKINGTABLE, DELTACALCSUPPORT, PLAINTABLE, UNIVERSEEXTENSION, VECTORSUPPORT, DATAFORMATSUPPORT) values ('TP_BASE'||':'||'BASE_TP_090123'||':RANKBH',  'TP_BASE'||':'||'BASE_TP_090123'||':RANKBH', 'RANKBH', '', '', '', 0, 'TP_BASE'||':'||'BASE_TP_090123', '', '', 0, '', '', '', 0, 0, 0, 0, 0, '', 0, 0);

    ----------------------------------------------------------------------
    -- MEASUREMENTTABLE
    ----------------------------------------------------------------------
    --PLAIN,RAW,DAY,COUNT,DAYBH,RANKBH                                                                                                     MTABLEID               TABLEVEL        TYPEID                        BTN   DT    PP
     insert into MeasurementTable (MTABLEID, TABLELEVEL, TYPEID, BASETABLENAME, DEFAULT_TEMPLATE, PARTITIONPLAN) values ('TP_BASE'||':'||'BASE_TP_090123'||':PLAIN',  'PLAIN'  , 'TP_BASE'||':'||'BASE_TP_090123'||':PLAIN',  null, null, null);
     insert into MeasurementTable (MTABLEID, TABLELEVEL, TYPEID, BASETABLENAME, DEFAULT_TEMPLATE, PARTITIONPLAN) values ('TP_BASE'||':'||'BASE_TP_090123'||':RAW',    'RAW'    , 'TP_BASE'||':'||'BASE_TP_090123'||':RAW',    null, null, null);
     insert into MeasurementTable (MTABLEID, TABLELEVEL, TYPEID, BASETABLENAME, DEFAULT_TEMPLATE, PARTITIONPLAN) values ('TP_BASE'||':'||'BASE_TP_090123'||':DAY',    'DAY'    , 'TP_BASE'||':'||'BASE_TP_090123'||':DAY',    null, null, null);
     insert into MeasurementTable (MTABLEID, TABLELEVEL, TYPEID, BASETABLENAME, DEFAULT_TEMPLATE, PARTITIONPLAN) values ('TP_BASE'||':'||'BASE_TP_090123'||':COUNT',  'COUNT'  , 'TP_BASE'||':'||'BASE_TP_090123'||':COUNT',  null, null, null);
     insert into MeasurementTable (MTABLEID, TABLELEVEL, TYPEID, BASETABLENAME, DEFAULT_TEMPLATE, PARTITIONPLAN) values ('TP_BASE'||':'||'BASE_TP_090123'||':DAYBH',  'DAYBH'  , 'TP_BASE'||':'||'BASE_TP_090123'||':DAYBH',  null, null, null);
     insert into MeasurementTable (MTABLEID, TABLELEVEL, TYPEID, BASETABLENAME, DEFAULT_TEMPLATE, PARTITIONPLAN) values ('TP_BASE'||':'||'BASE_TP_090123'||':RANKBH', 'RANKBH' , 'TP_BASE'||':'||'BASE_TP_090123'||':RANKBH', null, null, null);

    ----------------------------------------------------------------------
    -- MEASUREMENTCOLUMN
    ----------------------------------------------------------------------
    --PLAIN public keys LNUMBER, DATATYPE, DATASIZE, DATASCALE, UNIQUEVALUE, NULLABLE, INDEXES, DESCRIPTION, DATAID, RELEASEID, UNIQUEKEY, INCLUDESQL, COLTYPE) values ('TP_BASE'||':'||'BASE_TP_090123'||':PLAIN', 'HOUR_ID', 55, 'tinyint', 0, 0, 24, 1, 'LF', '', 'HOUR_ID', 'BASE_TP_090123', 0, 0, null);
    insert into MeasurementColumn (MTABLEID, DATANAME, COLNUMBER, DATATYPE, DATASIZE, DATASCALE, UNIQUEVALUE, NULLABLE, INDEXES, DESCRIPTION, DATAID, RELEASEID, UNIQUEKEY, INCLUDESQL, COLTYPE) values ('TP_BASE'||':'||'BASE_TP_090123'||':PLAIN', 'DATE_ID', 51, 'date', 0, 0, 255, 1, 'LF', '', 'DATE_ID', 'TP_BASE'||':'||'BASE_TP_090123', 0, 0, 'KEY');
    insert into MeasurementColumn (MTABLEID, DATANAME, COLNUMBER, DATATYPE, DATASIZE, DATASCALE, UNIQUEVALUE, NULLABLE, INDEXES, DESCRIPTION, DATAID, RELEASEID, UNIQUEKEY, INCLUDESQL, COLTYPE) values ('TP_BASE'||':'||'BASE_TP_090123'||':PLAIN', 'YEAR_ID', 52, 'smallint', 0, 0, 20, 1, 'LF', '', 'YEAR_ID', 'TP_BASE'||':'||'BASE_TP_090123', 0, 0, 'KEY');
    insert into MeasurementColumn (MTABLEID, DATANAME, COLNUMBER, DATATYPE, DATASIZE, DATASCALE, UNIQUEVALUE, NULLABLE, INDEXES, DESCRIPTION, DATAID, RELEASEID, UNIQUEKEY, INCLUDESQL, COLTYPE) values ('TP_BASE'||':'||'BASE_TP_090123'||':PLAIN', 'MONTH_ID', 53, 'tinyint', 0, 0, 12, 1, 'LF', '', 'MONTH_ID', 'TP_BASE'||':'||'BASE_TP_090123', 0, 0, 'KEY');
    insert into MeasurementColumn (MTABLEID, DATANAME, COLNUMBER, DATATYPE, DATASIZE, DATASCALE, UNIQUEVALUE, NULLABLE, INDEXES, DESCRIPTION, DATAID, RELEASEID, UNIQUEKEY, INCLUDESQL, COLTYPE) values ('TP_BASE'||':'||'BASE_TP_090123'||':PLAIN', 'DAY_ID', 54, 'tinyint', 0, 0, 31, 1, 'LF', '', 'DAY_ID', 'TP_BASE'||':'||'BASE_TP_090123', 0, 0, 'KEY');
    insert into MeasurementColumn (MTABLEID, DATANAME, COLNUMBER, DATATYPE, DATASIZE, DATASCALE, UNIQUEVALUE, NULLABLE, INDEXES, DESCRIPTION, DATAID, RELEASEID, UNIQUEKEY, INCLUDESQL, COLTYPE) values ('TP_BASE'||':'||'BASE_TP_090123'||':PLAIN', 'HOUR_ID', 55, 'tinyint', 0, 0, 24, 1, 'LF', '', 'HOUR_ID', 'TP_BASE'||':'||'BASE_TP_090123', 0, 0, 'KEY');   
    insert into MeasurementColumn (MTABLEID, DATANAME, COLNUMBER, DATATYPE, DATASIZE, DATASCALE, UNIQUEVALUE, NULLABLE, INDEXES, DESCRIPTION, DATAID, RELEASEID, UNIQUEKEY, INCLUDESQL, COLTYPE) values ('TP_BASE'||':'||'BASE_TP_090123'||':PLAIN', 'DATETIME_ID', 56, 'datetime', 0, 0, 255, 1, 'HG', '', 'DATETIME_ID', 'TP_BASE'||':'||'BASE_TP_090123', 1, 1, 'KEY');
    insert into MeasurementColumn (MTABLEID, DATANAME, COLNUMBER, DATATYPE, DATASIZE, DATASCALE, UNIQUEVALUE, NULLABLE, INDEXES, DESCRIPTION, DATAID, RELEASEID, UNIQUEKEY, INCLUDESQL, COLTYPE) values ('TP_BASE'||':'||'BASE_TP_090123'||':PLAIN', 'MIN_ID', 57, 'tinyint', 0, 0, 60, 1, 'LF', '', 'MIN_ID', 'TP_BASE'||':'||'BASE_TP_090123', 0, 0, 'KEY');
    insert into MeasurementColumn (MTABLEID, DATANAME, COLNUMBER, DATATYPE, DATASIZE, DATASCALE, UNIQUEVALUE, NULLABLE, INDEXES, DESCRIPTION, DATAID, RELEASEID, UNIQUEKEY, INCLUDESQL, COLTYPE) values ('TP_BASE'||':'||'BASE_TP_090123'||':PLAIN', 'TIMELEVEL', 58, 'varchar', 10, 0, 10, 1, 'LF', '', 'TIMELEVEL', 'TP_BASE'||':'||'BASE_TP_090123', 0, 0, 'KEY');
    insert into MeasurementColumn (MTABLEID, DATANAME, COLNUMBER, DATATYPE, DATASIZE, DATASCALE, UNIQUEVALUE, NULLABLE, INDEXES, DESCRIPTION, DATAID, RELEASEID, UNIQUEKEY, INCLUDESQL, COLTYPE) values ('TP_BASE'||':'||'BASE_TP_090123'||':PLAIN', 'SESSION_ID', 59, 'unsigned int', 0, 0, 255, 1, '', '', 'SESSION_ID', 'TP_BASE'||':'||'BASE_TP_090123', 0, 0, 'KEY');
    insert into MeasurementColumn (MTABLEID, DATANAME, COLNUMBER, DATATYPE, DATASIZE, DATASCALE, UNIQUEVALUE, NULLABLE, INDEXES, DESCRIPTION, DATAID, RELEASEID, UNIQUEKEY, INCLUDESQL, COLTYPE) values ('TP_BASE'||':'||'BASE_TP_090123'||':PLAIN', 'BATCH_ID', 60, 'smallint', 0, 0, 255, 1, '', '', 'BATCH_ID', 'TP_BASE'||':'||'BASE_TP_090123', 0, 0, 'KEY');
    insert into MeasurementColumn (MTABLEID, DATANAME, COLNUMBER, DATATYPE, DATASIZE, DATASCALE, UNIQUEVALUE, NULLABLE, INDEXES, DESCRIPTION, DATAID, RELEASEID, UNIQUEKEY, INCLUDESQL, COLTYPE) values ('TP_BASE'||':'||'BASE_TP_090123'||':PLAIN', 'PERIOD_DURATION', 61, 'unsigned int', 0, 0, 10, 1, '', '', 'PERIOD_DURATION', 'TP_BASE'||':'||'BASE_TP_090123', 0, 1, 'KEY');
    insert into MeasurementColumn (MTABLEID, DATANAME, COLNUMBER, DATATYPE, DATASIZE, DATASCALE, UNIQUEVALUE, NULLABLE, INDEXES, DESCRIPTION, DATAID, RELEASEID, UNIQUEKEY, INCLUDESQL, COLTYPE) values ('TP_BASE'||':'||'BASE_TP_090123'||':PLAIN', 'ROWSTATUS', 62, 'varchar', 16, 0, 10, 1, '', '', 'ROWSTATUS', 'TP_BASE'||':'||'BASE_TP_090123', 0, 1, 'KEY');
    insert into MeasurementColumn (MTABLEID, DATANAME, COLNUMBER, DATATYPE, DATASIZE, DATASCALE, UNIQUEVALUE, NULLABLE, INDEXES, DESCRIPTION, DATAID, RELEASEID, UNIQUEKEY, INCLUDESQL, COLTYPE) values ('TP_BASE'||':'||'BASE_TP_090123'||':PLAIN', 'DC_RELEASE', 63, 'varchar', 16, 0, 2, 1, 'LF', '', 'DC_RELEASE', 'TP_BASE'||':'||'BASE_TP_090123', 0, 1, 'KEY');
    insert into MeasurementColumn (MTABLEID, DATANAME, COLNUMBER, DATATYPE, DATASIZE, DATASCALE, UNIQUEVALUE, NULLABLE, INDEXES, DESCRIPTION, DATAID, RELEASEID, UNIQUEKEY, INCLUDESQL, COLTYPE) values ('TP_BASE'||':'||'BASE_TP_090123'||':PLAIN', 'DC_SOURCE', 64, 'varchar', 16, 0, 2, 1, 'LF', '', 'DC_SOURCE', 'TP_BASE'||':'||'BASE_TP_090123', 0, 1, 'KEY');
    insert into MeasurementColumn (MTABLEID, DATANAME, COLNUMBER, DATATYPE, DATASIZE, DATASCALE, UNIQUEVALUE, NULLABLE, INDEXES, DESCRIPTION, DATAID, RELEASEID, UNIQUEKEY, INCLUDESQL, COLTYPE) values ('TP_BASE'||':'||'BASE_TP_090123'||':PLAIN', 'DC_TIMEZONE', 65, 'varchar', 16, 0, 2, 1, 'LF', '', 'DC_TIMEZONE', 'TP_BASE'||':'||'BASE_TP_090123', 0, 1, 'KEY');
    insert into MeasurementColumn (MTABLEID, DATANAME, COLNUMBER, DATATYPE, DATASIZE, DATASCALE, UNIQUEVALUE, NULLABLE, INDEXES, DESCRIPTION, DATAID, RELEASEID, UNIQUEKEY, INCLUDESQL, COLTYPE) values ('TP_BASE'||':'||'BASE_TP_090123'||':PLAIN', 'DC_SUSPECTFLAG', 66, 'int', 0, 0, 2, 1, 'LF', '', 'DC_SUSPECTFLAG', 'TP_BASE'||':'||'BASE_TP_090123', 0, 1, 'KEY');
    --RAW public keys
    insert into MeasurementColumn (MTABLEID, DATANAME, COLNUMBER, DATATYPE, DATASIZE, DATASCALE, UNIQUEVALUE, NULLABLE, INDEXES, DESCRIPTION, DATAID, RELEASEID, UNIQUEKEY, INCLUDESQL, COLTYPE) values ('TP_BASE'||':'||'BASE_TP_090123'||':RAW',   'DATE_ID', 51, 'date', 0, 0, 255, 1, 'LF', '', 'DATE_ID', 'TP_BASE'||':'||'BASE_TP_090123', 0, 0, 'KEY');
    insert into MeasurementColumn (MTABLEID, DATANAME, COLNUMBER, DATATYPE, DATASIZE, DATASCALE, UNIQUEVALUE, NULLABLE, INDEXES, DESCRIPTION, DATAID, RELEASEID, UNIQUEKEY, INCLUDESQL, COLTYPE) values ('TP_BASE'||':'||'BASE_TP_090123'||':RAW',   'YEAR_ID', 52, 'smallint', 0, 0, 20, 1, 'LF', '', 'YEAR_ID', 'TP_BASE'||':'||'BASE_TP_090123', 0, 0, 'KEY');
    insert into MeasurementColumn (MTABLEID, DATANAME, COLNUMBER, DATATYPE, DATASIZE, DATASCALE, UNIQUEVALUE, NULLABLE, INDEXES, DESCRIPTION, DATAID, RELEASEID, UNIQUEKEY, INCLUDESQL, COLTYPE) values ('TP_BASE'||':'||'BASE_TP_090123'||':RAW',   'MONTH_ID', 53, 'tinyint', 0, 0, 12, 1, 'LF', '', 'MONTH_ID', 'TP_BASE'||':'||'BASE_TP_090123', 0, 0, 'KEY');
    insert into MeasurementColumn (MTABLEID, DATANAME, COLNUMBER, DATATYPE, DATASIZE, DATASCALE, UNIQUEVALUE, NULLABLE, INDEXES, DESCRIPTION, DATAID, RELEASEID, UNIQUEKEY, INCLUDESQL, COLTYPE) values ('TP_BASE'||':'||'BASE_TP_090123'||':RAW',   'DAY_ID', 54, 'tinyint', 0, 0, 31, 1, 'LF', '', 'DAY_ID', 'TP_BASE'||':'||'BASE_TP_090123', 0, 0, 'KEY');
    insert into MeasurementColumn (MTABLEID, DATANAME, COLNUMBER, DATATYPE, DATASIZE, DATASCALE, UNIQUEVALUE, NULLABLE, INDEXES, DESCRIPTION, DATAID, RELEASEID, UNIQUEKEY, INCLUDESQL, COLTYPE) values ('TP_BASE'||':'||'BASE_TP_090123'||':RAW',   'HOUR_ID', 55, 'tinyint', 0, 0, 24, 1, 'LF', '', 'HOUR_ID', 'TP_BASE'||':'||'BASE_TP_090123', 0, 0, 'KEY');
    insert into MeasurementColumn (MTABLEID, DATANAME, COLNUMBER, DATATYPE, DATASIZE, DATASCALE, UNIQUEVALUE, NULLABLE, INDEXES, DESCRIPTION, DATAID, RELEASEID, UNIQUEKEY, INCLUDESQL, COLTYPE) values ('TP_BASE'||':'||'BASE_TP_090123'||':RAW',   'DATETIME_ID', 56, 'datetime', 0, 0, 255, 1, 'HG', '', 'DATETIME_ID', 'TP_BASE'||':'||'BASE_TP_090123', 1, 1, 'KEY');
    insert into MeasurementColumn (MTABLEID, DATANAME, COLNUMBER, DATATYPE, DATASIZE, DATASCALE, UNIQUEVALUE, NULLABLE, INDEXES, DESCRIPTION, DATAID, RELEASEID, UNIQUEKEY, INCLUDESQL, COLTYPE) values ('TP_BASE'||':'||'BASE_TP_090123'||':RAW',   'MIN_ID', 57, 'tinyint', 0, 0, 60, 1, 'LF', '', 'MIN_ID', 'TP_BASE'||':'||'BASE_TP_090123', 0, 0, 'KEY');
    insert into MeasurementColumn (MTABLEID, DATANAME, COLNUMBER, DATATYPE, DATASIZE, DATASCALE, UNIQUEVALUE, NULLABLE, INDEXES, DESCRIPTION, DATAID, RELEASEID, UNIQUEKEY, INCLUDESQL, COLTYPE) values ('TP_BASE'||':'||'BASE_TP_090123'||':RAW',   'TIMELEVEL', 58, 'varchar', 10, 0, 10, 1, 'LF', '', 'TIMELEVEL', 'TP_BASE'||':'||'BASE_TP_090123', 0, 0, 'KEY');
    insert into MeasurementColumn (MTABLEID, DATANAME, COLNUMBER, DATATYPE, DATASIZE, DATASCALE, UNIQUEVALUE, NULLABLE, INDEXES, DESCRIPTION, DATAID, RELEASEID, UNIQUEKEY, INCLUDESQL, COLTYPE) values ('TP_BASE'||':'||'BASE_TP_090123'||':RAW',   'SESSION_ID', 59, 'unsigned int', 0, 0, 255, 1, '', '', 'SESSION_ID', 'TP_BASE'||':'||'BASE_TP_090123', 0, 0, 'KEY');
    insert into MeasurementColumn (MTABLEID, DATANAME, COLNUMBER, DATATYPE, DATASIZE, DATASCALE, UNIQUEVALUE, NULLABLE, INDEXES, DESCRIPTION, DATAID, RELEASEID, UNIQUEKEY, INCLUDESQL, COLTYPE) values ('TP_BASE'||':'||'BASE_TP_090123'||':RAW',   'BATCH_ID', 60, 'smallint', 0, 0, 255, 1, '', '', 'BATCH_ID', 'TP_BASE'||':'||'BASE_TP_090123', 0, 0, 'KEY');
    insert into MeasurementColumn (MTABLEID, DATANAME, COLNUMBER, DATATYPE, DATASIZE, DATASCALE, UNIQUEVALUE, NULLABLE, INDEXES, DESCRIPTION, DATAID, RELEASEID, UNIQUEKEY, INCLUDESQL, COLTYPE) values ('TP_BASE'||':'||'BASE_TP_090123'||':RAW',   'PERIOD_DURATION', 61, 'unsigned int', 0, 0, 10, 1, '', '', 'PERIOD_DURATION', 'TP_BASE'||':'||'BASE_TP_090123', 0, 1, 'KEY');
    insert into MeasurementColumn (MTABLEID, DATANAME, COLNUMBER, DATATYPE, DATASIZE, DATASCALE, UNIQUEVALUE, NULLABLE, INDEXES, DESCRIPTION, DATAID, RELEASEID, UNIQUEKEY, INCLUDESQL, COLTYPE) values ('TP_BASE'||':'||'BASE_TP_090123'||':RAW',   'ROWSTATUS', 62, 'varchar', 16, 0, 10, 1, '', '', 'ROWSTATUS', 'TP_BASE'||':'||'BASE_TP_090123', 0, 1, 'KEY');
    insert into MeasurementColumn (MTABLEID, DATANAME, COLNUMBER, DATATYPE, DATASIZE, DATASCALE, UNIQUEVALUE, NULLABLE, INDEXES, DESCRIPTION, DATAID, RELEASEID, UNIQUEKEY, INCLUDESQL, COLTYPE) values ('TP_BASE'||':'||'BASE_TP_090123'||':RAW',   'DC_RELEASE', 63, 'varchar', 16, 0, 2, 1, 'LF', '', 'DC_RELEASE', 'TP_BASE'||':'||'BASE_TP_090123', 0, 1, 'KEY');
    insert into MeasurementColumn (MTABLEID, DATANAME, COLNUMBER, DATATYPE, DATASIZE, DATASCALE, UNIQUEVALUE, NULLABLE, INDEXES, DESCRIPTION, DATAID, RELEASEID, UNIQUEKEY, INCLUDESQL, COLTYPE) values ('TP_BASE'||':'||'BASE_TP_090123'||':RAW',   'DC_SOURCE', 64, 'varchar', 16, 0, 2, 1, 'LF', '', 'DC_SOURCE', 'TP_BASE'||':'||'BASE_TP_090123', 0, 1, 'KEY');
    insert into MeasurementColumn (MTABLEID, DATANAME, COLNUMBER, DATATYPE, DATASIZE, DATASCALE, UNIQUEVALUE, NULLABLE, INDEXES, DESCRIPTION, DATAID, RELEASEID, UNIQUEKEY, INCLUDESQL, COLTYPE) values ('TP_BASE'||':'||'BASE_TP_090123'||':RAW',   'DC_TIMEZONE', 65, 'varchar', 16, 0, 2, 1, 'LF', '', 'DC_TIMEZONE', 'TP_BASE'||':'||'BASE_TP_090123', 0, 1, 'KEY');
    insert into MeasurementColumn (MTABLEID, DATANAME, COLNUMBER, DATATYPE, DATASIZE, DATASCALE, UNIQUEVALUE, NULLABLE, INDEXES, DESCRIPTION, DATAID, RELEASEID, UNIQUEKEY, INCLUDESQL, COLTYPE) values ('TP_BASE'||':'||'BASE_TP_090123'||':RAW',   'DC_SUSPECTFLAG', 66, 'int', 0, 0, 2, 1, 'LF', '', 'DC_SUSPECTFLAG', 'TP_BASE'||':'||'BASE_TP_090123', 0, 1, 'KEY');
    insert into MeasurementColumn (MTABLEID, DATANAME, COLNUMBER, DATATYPE, DATASIZE, DATASCALE, UNIQUEVALUE, NULLABLE, INDEXES, DESCRIPTION, DATAID, RELEASEID, UNIQUEKEY, INCLUDESQL, COLTYPE) values ('TP_BASE'||':'||'BASE_TP_090123'||':RAW',   'UTC_DATETIME_ID', 67, 'datetime', 0, 0, 255, 1, 'HG', '', 'UTC_DATETIME_ID', 'TP_BASE'||':'||'BASE_TP_090123', 1, 1, 'KEY');
    --DAY public keys
    insert into MeasurementColumn (MTABLEID, DATANAME, COLNUMBER, DATATYPE, DATASIZE, DATASCALE, UNIQUEVALUE, NULLABLE, INDEXES, DESCRIPTION, DATAID, RELEASEID, UNIQUEKEY, INCLUDESQL, COLTYPE) values ('TP_BASE'||':'||'BASE_TP_090123'||':DAY',   'DATE_ID', 51, 'date', 0, 0, 255, 1, 'LF', '', 'DATE_ID', 'TP_BASE'||':'||'BASE_TP_090123', 1, 1, 'KEY');
    insert into MeasurementColumn (MTABLEID, DATANAME, COLNUMBER, DATATYPE, DATASIZE, DATASCALE, UNIQUEVALUE, NULLABLE, INDEXES, DESCRIPTION, DATAID, RELEASEID, UNIQUEKEY, INCLUDESQL, COLTYPE) values ('TP_BASE'||':'||'BASE_TP_090123'||':DAY',   'YEAR_ID', 52, 'smallint', 0, 0, 20, 1, 'LF', '', 'YEAR_ID', 'TP_BASE'||':'||'BASE_TP_090123', 0, 0, 'KEY');
    insert into MeasurementColumn (MTABLEID, DATANAME, COLNUMBER, DATATYPE, DATASIZE, DATASCALE, UNIQUEVALUE, NULLABLE, INDEXES, DESCRIPTION, DATAID, RELEASEID, UNIQUEKEY, INCLUDESQL, COLTYPE) values ('TP_BASE'||':'||'BASE_TP_090123'||':DAY',   'MONTH_ID', 53, 'tinyint', 0, 0, 12, 1, 'LF', '', 'MONTH_ID', 'TP_BASE'||':'||'BASE_TP_090123', 0, 0, 'KEY');
    insert into MeasurementColumn (MTABLEID, DATANAME, COLNUMBER, DATATYPE, DATASIZE, DATASCALE, UNIQUEVALUE, NULLABLE, INDEXES, DESCRIPTION, DATAID, RELEASEID, UNIQUEKEY, INCLUDESQL, COLTYPE) values ('TP_BASE'||':'||'BASE_TP_090123'||':DAY',   'DAY_ID', 54, 'tinyint', 0, 0, 31, 1, 'LF', '', 'DAY_ID', 'TP_BASE'||':'||'BASE_TP_090123', 0, 0, 'KEY');
    insert into MeasurementColumn (MTABLEID, DATANAME, COLNUMBER, DATATYPE, DATASIZE, DATASCALE, UNIQUEVALUE, NULLABLE, INDEXES, DESCRIPTION, DATAID, RELEASEID, UNIQUEKEY, INCLUDESQL, COLTYPE) values ('TP_BASE'||':'||'BASE_TP_090123'||':DAY',   'WEEK_ID', 55, 'tinyint', 0, 0, 53, 1, 'LF', '', 'WEEK_ID', 'TP_BASE'||':'||'BASE_TP_090123', 0, 0, 'KEY');
    insert into MeasurementColumn (MTABLEID, DATANAME, COLNUMBER, DATATYPE, DATASIZE, DATASCALE, UNIQUEVALUE, NULLABLE, INDEXES, DESCRIPTION, DATAID, RELEASEID, UNIQUEKEY, INCLUDESQL, COLTYPE) values ('TP_BASE'||':'||'BASE_TP_090123'||':DAY',   'DATACOVERAGE', 56, 'unsigned int', 0, 0, 255, 1, '', '', 'DATACOVERAGE', 'TP_BASE'||':'||'BASE_TP_090123', 0, 0, 'KEY');
    insert into MeasurementColumn (MTABLEID, DATANAME, COLNUMBER, DATATYPE, DATASIZE, DATASCALE, UNIQUEVALUE, NULLABLE, INDEXES, DESCRIPTION, DATAID, RELEASEID, UNIQUEKEY, INCLUDESQL, COLTYPE) values ('TP_BASE'||':'||'BASE_TP_090123'||':DAY',   'AGG_COUNT', 57, 'smallint', 0, 0, 255, 1, '', '', 'AGG_COUNT', 'TP_BASE'||':'||'BASE_TP_090123', 0, 0, 'KEY');
    insert into MeasurementColumn (MTABLEID, DATANAME, COLNUMBER, DATATYPE, DATASIZE, DATASCALE, UNIQUEVALUE, NULLABLE, INDEXES, DESCRIPTION, DATAID, RELEASEID, UNIQUEKEY, INCLUDESQL, COLTYPE) values ('TP_BASE'||':'||'BASE_TP_090123'||':DAY',   'TIMELEVEL', 58, 'varchar', 10, 0, 10, 1, 'LF', '', 'TIMELEVEL', 'TP_BASE'||':'||'BASE_TP_090123', 0, 0, 'KEY');
    insert into MeasurementColumn (MTABLEID, DATANAME, COLNUMBER, DATATYPE, DATASIZE, DATASCALE, UNIQUEVALUE, NULLABLE, INDEXES, DESCRIPTION, DATAID, RELEASEID, UNIQUEKEY, INCLUDESQL, COLTYPE) values ('TP_BASE'||':'||'BASE_TP_090123'||':DAY',   'SESSION_ID', 59, 'unsigned int', 0, 0, 255, 1, '', '', 'SESSION_ID', 'TP_BASE'||':'||'BASE_TP_090123', 0, 0, 'KEY');
    insert into MeasurementColumn (MTABLEID, DATANAME, COLNUMBER, DATATYPE, DATASIZE, DATASCALE, UNIQUEVALUE, NULLABLE, INDEXES, DESCRIPTION, DATAID, RELEASEID, UNIQUEKEY, INCLUDESQL, COLTYPE) values ('TP_BASE'||':'||'BASE_TP_090123'||':DAY',   'BATCH_ID', 60, 'smallint', 0, 0, 255, 1, '', '', 'BATCH_ID', 'TP_BASE'||':'||'BASE_TP_090123', 0, 0, 'KEY');
    insert into MeasurementColumn (MTABLEID, DATANAME, COLNUMBER, DATATYPE, DATASIZE, DATASCALE, UNIQUEVALUE, NULLABLE, INDEXES, DESCRIPTION, DATAID, RELEASEID, UNIQUEKEY, INCLUDESQL, COLTYPE) values ('TP_BASE'||':'||'BASE_TP_090123'||':DAY',   'PERIOD_DURATION', 61, 'unsigned int', 0, 0, 10, 1, '', '', 'PERIOD_DURATION', 'TP_BASE'||':'||'BASE_TP_090123', 0, 1, 'KEY');
    insert into MeasurementColumn (MTABLEID, DATANAME, COLNUMBER, DATATYPE, DATASIZE, DATASCALE, UNIQUEVALUE, NULLABLE, INDEXES, DESCRIPTION, DATAID, RELEASEID, UNIQUEKEY, INCLUDESQL, COLTYPE) values ('TP_BASE'||':'||'BASE_TP_090123'||':DAY',   'ROWSTATUS', 62, 'varchar', 16, 0, 10, 1, '', '', 'ROWSTATUS', 'TP_BASE'||':'||'BASE_TP_090123', 0, 1, 'KEY');
    insert into MeasurementColumn (MTABLEID, DATANAME, COLNUMBER, DATATYPE, DATASIZE, DATASCALE, UNIQUEVALUE, NULLABLE, INDEXES, DESCRIPTION, DATAID, RELEASEID, UNIQUEKEY, INCLUDESQL, COLTYPE) values ('TP_BASE'||':'||'BASE_TP_090123'||':DAY',   'DC_RELEASE', 63, 'varchar', 16, 0, 2, 1, 'LF', '', 'DC_RELEASE', 'TP_BASE'||':'||'BASE_TP_090123', 1, 1, 'KEY');
    insert into MeasurementColumn (MTABLEID, DATANAME, COLNUMBER, DATATYPE, DATASIZE, DATASCALE, UNIQUEVALUE, NULLABLE, INDEXES, DESCRIPTION, DATAID, RELEASEID, UNIQUEKEY, INCLUDESQL, COLTYPE) values ('TP_BASE'||':'||'BASE_TP_090123'||':DAY',   'DC_SOURCE', 64, 'varchar', 16, 0, 2, 1, 'LF', '', 'DC_SOURCE', 'TP_BASE'||':'||'BASE_TP_090123', 0, 1, 'KEY');
    insert into MeasurementColumn (MTABLEID, DATANAME, COLNUMBER, DATATYPE, DATASIZE, DATASCALE, UNIQUEVALUE, NULLABLE, INDEXES, DESCRIPTION, DATAID, RELEASEID, UNIQUEKEY, INCLUDESQL, COLTYPE) values ('TP_BASE'||':'||'BASE_TP_090123'||':DAY',   'DC_TIMEZONE', 65, 'varchar', 16, 0, 2, 1, 'LF', '', 'DC_TIMEZONE', 'TP_BASE'||':'||'BASE_TP_090123', 0, 1, 'KEY');
    insert into MeasurementColumn (MTABLEID, DATANAME, COLNUMBER, DATATYPE, DATASIZE, DATASCALE, UNIQUEVALUE, NULLABLE, INDEXES, DESCRIPTION, DATAID, RELEASEID, UNIQUEKEY, INCLUDESQL, COLTYPE) values ('TP_BASE'||':'||'BASE_TP_090123'||':DAY',   'DC_SUSPECTFLAG', 66, 'int', 0, 0, 2, 1, 'LF', '', 'DC_SUSPECTFLAG', 'TP_BASE'||':'||'BASE_TP_090123', 0, 1, 'KEY');
    -- COUNT public keys
    insert into MeasurementColumn (MTABLEID, DATANAME, COLNUMBER, DATATYPE, DATASIZE, DATASCALE, UNIQUEVALUE, NULLABLE, INDEXES, DESCRIPTION, DATAID, RELEASEID, UNIQUEKEY, INCLUDESQL, COLTYPE) values ('TP_BASE'||':'||'BASE_TP_090123'||':COUNT', 'DATE_ID', 51, 'date', 0, 0, 255, 1, 'LF', '', 'DATE_ID', 'TP_BASE'||':'||'BASE_TP_090123', 0, 0, 'KEY');
    insert into MeasurementColumn (MTABLEID, DATANAME, COLNUMBER, DATATYPE, DATASIZE, DATASCALE, UNIQUEVALUE, NULLABLE, INDEXES, DESCRIPTION, DATAID, RELEASEID, UNIQUEKEY, INCLUDESQL, COLTYPE) values ('TP_BASE'||':'||'BASE_TP_090123'||':COUNT', 'YEAR_ID', 52, 'smallint', 0, 0, 20, 1, 'LF', '', 'YEAR_ID', 'TP_BASE'||':'||'BASE_TP_090123', 0, 0, 'KEY');
    insert into MeasurementColumn (MTABLEID, DATANAME, COLNUMBER, DATATYPE, DATASIZE, DATASCALE, UNIQUEVALUE, NULLABLE, INDEXES, DESCRIPTION, DATAID, RELEASEID, UNIQUEKEY, INCLUDESQL, COLTYPE) values ('TP_BASE'||':'||'BASE_TP_090123'||':COUNT', 'MONTH_ID', 53, 'tinyint', 0, 0, 12, 1, 'LF', '', 'MONTH_ID', 'TP_BASE'||':'||'BASE_TP_090123', 0, 0, 'KEY');
    insert into MeasurementColumn (MTABLEID, DATANAME, COLNUMBER, DATATYPE, DATASIZE, DATASCALE, UNIQUEVALUE, NULLABLE, INDEXES, DESCRIPTION, DATAID, RELEASEID, UNIQUEKEY, INCLUDESQL, COLTYPE) values ('TP_BASE'||':'||'BASE_TP_090123'||':COUNT', 'DAY_ID', 54, 'tinyint', 0, 0, 31, 1, 'LF', '', 'DAY_ID', 'TP_BASE'||':'||'BASE_TP_090123', 0, 0, 'KEY');
    insert into MeasurementColumn (MTABLEID, DATANAME, COLNUMBER, DATATYPE, DATASIZE, DATASCALE, UNIQUEVALUE, NULLABLE, INDEXES, DESCRIPTION, DATAID, RELEASEID, UNIQUEKEY, INCLUDESQL, COLTYPE) values ('TP_BASE'||':'||'BASE_TP_090123'||':COUNT', 'HOUR_ID', 55, 'tinyint', 0, 0, 24, 1, 'LF', '', 'HOUR_ID', 'TP_BASE'||':'||'BASE_TP_090123', 0, 0, 'KEY');
    insert into MeasurementColumn (MTABLEID, DATANAME, COLNUMBER, DATATYPE, DATASIZE, DATASCALE, UNIQUEVALUE, NULLABLE, INDEXES, DESCRIPTION, DATAID, RELEASEID, UNIQUEKEY, INCLUDESQL, COLTYPE) values ('TP_BASE'||':'||'BASE_TP_090123'||':COUNT', 'DATETIME_ID', 56, 'datetime', 0, 0, 255, 1, 'HG', '', 'DATETIME_ID', 'TP_BASE'||':'||'BASE_TP_090123', 1, 1, 'KEY');
    insert into MeasurementColumn (MTABLEID, DATANAME, COLNUMBER, DATATYPE, DATASIZE, DATASCALE, UNIQUEVALUE, NULLABLE, INDEXES, DESCRIPTION, DATAID, RELEASEID, UNIQUEKEY, INCLUDESQL, COLTYPE) values ('TP_BASE'||':'||'BASE_TP_090123'||':COUNT', 'MIN_ID', 57, 'tinyint', 0, 0, 60, 1, 'LF', '', 'MIN_ID', 'TP_BASE'||':'||'BASE_TP_090123', 0, 0, 'KEY');
    insert into MeasurementColumn (MTABLEID, DATANAME, COLNUMBER, DATATYPE, DATASIZE, DATASCALE, UNIQUEVALUE, NULLABLE, INDEXES, DESCRIPTION, DATAID, RELEASEID, UNIQUEKEY, INCLUDESQL, COLTYPE) values ('TP_BASE'||':'||'BASE_TP_090123'||':COUNT', 'TIMELEVEL', 58, 'varchar', 10, 0, 10, 1, 'LF', '', 'TIMELEVEL', 'TP_BASE'||':'||'BASE_TP_090123', 0, 0, 'KEY');
    insert into MeasurementColumn (MTABLEID, DATANAME, COLNUMBER, DATATYPE, DATASIZE, DATASCALE, UNIQUEVALUE, NULLABLE, INDEXES, DESCRIPTION, DATAID, RELEASEID, UNIQUEKEY, INCLUDESQL, COLTYPE) values ('TP_BASE'||':'||'BASE_TP_090123'||':COUNT', 'SESSION_ID', 59, 'unsigned int', 0, 0, 255, 1, '', '', 'SESSION_ID', 'TP_BASE'||':'||'BASE_TP_090123', 0, 0, 'KEY');
    insert into MeasurementColumn (MTABLEID, DATANAME, COLNUMBER, DATATYPE, DATASIZE, DATASCALE, UNIQUEVALUE, NULLABLE, INDEXES, DESCRIPTION, DATAID, RELEASEID, UNIQUEKEY, INCLUDESQL, COLTYPE) values ('TP_BASE'||':'||'BASE_TP_090123'||':COUNT', 'BATCH_ID', 60, 'smallint', 0, 0, 255, 1, '', '', 'BATCH_ID', 'TP_BASE'||':'||'BASE_TP_090123', 0, 0, 'KEY');
    insert into MeasurementColumn (MTABLEID, DATANAME, COLNUMBER, DATATYPE, DATASIZE, DATASCALE, UNIQUEVALUE, NULLABLE, INDEXES, DESCRIPTION, DATAID, RELEASEID, UNIQUEKEY, INCLUDESQL, COLTYPE) values ('TP_BASE'||':'||'BASE_TP_090123'||':COUNT', 'PERIOD_DURATION', 61, 'unsigned int', 0, 0, 10, 1, '', '', 'PERIOD_DURATION', 'TP_BASE'||':'||'BASE_TP_090123', 0, 1, 'KEY');
    insert into MeasurementColumn (MTABLEID, DATANAME, COLNUMBER, DATATYPE, DATASIZE, DATASCALE, UNIQUEVALUE, NULLABLE, INDEXES, DESCRIPTION, DATAID, RELEASEID, UNIQUEKEY, INCLUDESQL, COLTYPE) values ('TP_BASE'||':'||'BASE_TP_090123'||':COUNT', 'ROWSTATUS', 62, 'varchar', 16, 0, 10, 1, '', '', 'ROWSTATUS', 'TP_BASE'||':'||'BASE_TP_090123', 0, 1, 'KEY');
    insert into MeasurementColumn (MTABLEID, DATANAME, COLNUMBER, DATATYPE, DATASIZE, DATASCALE, UNIQUEVALUE, NULLABLE, INDEXES, DESCRIPTION, DATAID, RELEASEID, UNIQUEKEY, INCLUDESQL, COLTYPE) values ('TP_BASE'||':'||'BASE_TP_090123'||':COUNT', 'DC_RELEASE', 63, 'varchar', 16, 0, 2, 1, 'LF', '', 'DC_RELEASE', 'TP_BASE'||':'||'BASE_TP_090123', 0, 1, 'KEY');
    insert into MeasurementColumn (MTABLEID, DATANAME, COLNUMBER, DATATYPE, DATASIZE, DATASCALE, UNIQUEVALUE, NULLABLE, INDEXES, DESCRIPTION, DATAID, RELEASEID, UNIQUEKEY, INCLUDESQL, COLTYPE) values ('TP_BASE'||':'||'BASE_TP_090123'||':COUNT', 'DC_SOURCE', 64, 'varchar', 16, 0, 2, 1, 'LF', '', 'DC_SOURCE', 'TP_BASE'||':'||'BASE_TP_090123', 0, 1, 'KEY');
    insert into MeasurementColumn (MTABLEID, DATANAME, COLNUMBER, DATATYPE, DATASIZE, DATASCALE, UNIQUEVALUE, NULLABLE, INDEXES, DESCRIPTION, DATAID, RELEASEID, UNIQUEKEY, INCLUDESQL, COLTYPE) values ('TP_BASE'||':'||'BASE_TP_090123'||':COUNT', 'DC_TIMEZONE', 65, 'varchar', 16, 0, 2, 1, 'LF', '', 'DC_TIMEZONE', 'TP_BASE'||':'||'BASE_TP_090123', 0, 1, 'KEY');
    insert into MeasurementColumn (MTABLEID, DATANAME, COLNUMBER, DATATYPE, DATASIZE, DATASCALE, UNIQUEVALUE, NULLABLE, INDEXES, DESCRIPTION, DATAID, RELEASEID, UNIQUEKEY, INCLUDESQL, COLTYPE) values ('TP_BASE'||':'||'BASE_TP_090123'||':COUNT', 'DC_SUSPECTFLAG', 66, 'int', 0, 0, 2, 1, 'LF', '', 'DC_SUSPECTFLAG', 'TP_BASE'||':'||'BASE_TP_090123', 0, 1, 'KEY');
    insert into MeasurementColumn (MTABLEID, DATANAME, COLNUMBER, DATATYPE, DATASIZE, DATASCALE, UNIQUEVALUE, NULLABLE, INDEXES, DESCRIPTION, DATAID, RELEASEID, UNIQUEKEY, INCLUDESQL, COLTYPE) values ('TP_BASE'||':'||'BASE_TP_090123'||':COUNT', 'UTC_DATETIME_ID', 67, 'datetime', 0, 0, 255, 1, 'HG', '', 'UTC_DATETIME_ID', 'TP_BASE'||':'||'BASE_TP_090123', 1, 1, 'KEY');
    --DAYBH public keys
    insert into MeasurementColumn (MTABLEID, DATANAME, COLNUMBER, DATATYPE, DATASIZE, DATASCALE, UNIQUEVALUE, NULLABLE, INDEXES, DESCRIPTION, DATAID, RELEASEID, UNIQUEKEY, INCLUDESQL, COLTYPE) values ('TP_BASE'||':'||'BASE_TP_090123'||':DAYBH', 'DATE_ID', 51, 'date', 0, 0, 255, 1, 'LF', '', 'DATE_ID', 'TP_BASE'||':'||'BASE_TP_090123', 1, 1, 'KEY');
    insert into MeasurementColumn (MTABLEID, DATANAME, COLNUMBER, DATATYPE, DATASIZE, DATASCALE, UNIQUEVALUE, NULLABLE, INDEXES, DESCRIPTION, DATAID, RELEASEID, UNIQUEKEY, INCLUDESQL, COLTYPE) values ('TP_BASE'||':'||'BASE_TP_090123'||':DAYBH', 'YEAR_ID', 52, 'smallint', 0, 0, 20, 1, 'LF', '', 'YEAR_ID', 'TP_BASE'||':'||'BASE_TP_090123', 0, 0, 'KEY');
    insert into MeasurementColumn (MTABLEID, DATANAME, COLNUMBER, DATATYPE, DATASIZE, DATASCALE, UNIQUEVALUE, NULLABLE, INDEXES, DESCRIPTION, DATAID, RELEASEID, UNIQUEKEY, INCLUDESQL, COLTYPE) values ('TP_BASE'||':'||'BASE_TP_090123'||':DAYBH', 'MONTH_ID', 53, 'tinyint', 0, 0, 12, 1, 'LF', '', 'MONTH_ID', 'TP_BASE'||':'||'BASE_TP_090123', 0, 0, 'KEY');
    insert into MeasurementColumn (MTABLEID, DATANAME, COLNUMBER, DATATYPE, DATASIZE, DATASCALE, UNIQUEVALUE, NULLABLE, INDEXES, DESCRIPTION, DATAID, RELEASEID, UNIQUEKEY, INCLUDESQL, COLTYPE) values ('TP_BASE'||':'||'BASE_TP_090123'||':DAYBH', 'DAY_ID', 54, 'tinyint', 0, 0, 31, 1, 'LF', '', 'DAY_ID', 'TP_BASE'||':'||'BASE_TP_090123', 0, 0, 'KEY');
    insert into MeasurementColumn (MTABLEID, DATANAME, COLNUMBER, DATATYPE, DATASIZE, DATASCALE, UNIQUEVALUE, NULLABLE, INDEXES, DESCRIPTION, DATAID, RELEASEID, UNIQUEKEY, INCLUDESQL, COLTYPE) values ('TP_BASE'||':'||'BASE_TP_090123'||':DAYBH', 'MIN_ID', 55, 'tinyint', 0, 0, 60, 1, 'LF', '', 'MIN_ID', 'TP_BASE'||':'||'BASE_TP_090123', 1, 1, 'KEY');
    insert into MeasurementColumn (MTABLEID, DATANAME, COLNUMBER, DATATYPE, DATASIZE, DATASCALE, UNIQUEVALUE, NULLABLE, INDEXES, DESCRIPTION, DATAID, RELEASEID, UNIQUEKEY, INCLUDESQL, COLTYPE) values ('TP_BASE'||':'||'BASE_TP_090123'||':DAYBH', 'BHTYPE', 56, 'varchar', 50, 0, 20, 1, 'LF', '', 'BHTYPE', 'TP_BASE'||':'||'BASE_TP_090123', 1, 1, 'KEY');
    insert into MeasurementColumn (MTABLEID, DATANAME, COLNUMBER, DATATYPE, DATASIZE, DATASCALE, UNIQUEVALUE, NULLABLE, INDEXES, DESCRIPTION, DATAID, RELEASEID, UNIQUEKEY, INCLUDESQL, COLTYPE) values ('TP_BASE'||':'||'BASE_TP_090123'||':DAYBH', 'BUSYHOUR', 57, 'tinyint', 0, 0, 24, 1, 'LF', '', 'BUSYHOUR', 'TP_BASE'||':'||'BASE_TP_090123', 0, 1, 'KEY');
    insert into MeasurementColumn (MTABLEID, DATANAME, COLNUMBER, DATATYPE, DATASIZE, DATASCALE, UNIQUEVALUE, NULLABLE, INDEXES, DESCRIPTION, DATAID, RELEASEID, UNIQUEKEY, INCLUDESQL, COLTYPE) values ('TP_BASE'||':'||'BASE_TP_090123'||':DAYBH', 'BHCLASS', 58, 'smallint', 0, 0, 10, 1, 'LF', '', 'BHCLASS', 'TP_BASE'||':'||'BASE_TP_090123', 0, 1, 'KEY');
    insert into MeasurementColumn (MTABLEID, DATANAME, COLNUMBER, DATATYPE, DATASIZE, DATASCALE, UNIQUEVALUE, NULLABLE, INDEXES, DESCRIPTION, DATAID, RELEASEID, UNIQUEKEY, INCLUDESQL, COLTYPE) values ('TP_BASE'||':'||'BASE_TP_090123'||':DAYBH', 'TIMELEVEL', 59, 'varchar', 10, 0, 10, 1, 'LF', '', 'TIMELEVEL', 'TP_BASE'||':'||'BASE_TP_090123', 0, 0, 'KEY');
    insert into MeasurementColumn (MTABLEID, DATANAME, COLNUMBER, DATATYPE, DATASIZE, DATASCALE, UNIQUEVALUE, NULLABLE, INDEXES, DESCRIPTION, DATAID, RELEASEID, UNIQUEKEY, INCLUDESQL, COLTYPE) values ('TP_BASE'||':'||'BASE_TP_090123'||':DAYBH', 'SESSION_ID', 60, 'unsigned int', 0, 0, 255, 1, '', '', 'SESSION_ID', 'TP_BASE'||':'||'BASE_TP_090123', 0, 0, 'KEY');
    insert into MeasurementColumn (MTABLEID, DATANAME, COLNUMBER, DATATYPE, DATASIZE, DATASCALE, UNIQUEVALUE, NULLABLE, INDEXES, DESCRIPTION, DATAID, RELEASEID, UNIQUEKEY, INCLUDESQL, COLTYPE) values ('TP_BASE'||':'||'BASE_TP_090123'||':DAYBH', 'BATCH_ID', 61, 'smallint', 0, 0, 255, 1, '', '', 'BATCH_ID', 'TP_BASE'||':'||'BASE_TP_090123', 0, 0, 'KEY');
    insert into MeasurementColumn (MTABLEID, DATANAME, COLNUMBER, DATATYPE, DATASIZE, DATASCALE, UNIQUEVALUE, NULLABLE, INDEXES, DESCRIPTION, DATAID, RELEASEID, UNIQUEKEY, INCLUDESQL, COLTYPE) values ('TP_BASE'||':'||'BASE_TP_090123'||':DAYBH', 'PERIOD_DURATION', 62, 'unsigned int', 0, 0, 10, 1, '', '', 'PERIOD_DURATION', 'TP_BASE'||':'||'BASE_TP_090123', 0, 1, 'KEY');
    insert into MeasurementColumn (MTABLEID, DATANAME, COLNUMBER, DATATYPE, DATASIZE, DATASCALE, UNIQUEVALUE, NULLABLE, INDEXES, DESCRIPTION, DATAID, RELEASEID, UNIQUEKEY, INCLUDESQL, COLTYPE) values ('TP_BASE'||':'||'BASE_TP_090123'||':DAYBH', 'ROWSTATUS', 63, 'varchar', 16, 0, 10, 1, '', '', 'ROWSTATUS', 'TP_BASE'||':'||'BASE_TP_090123', 0, 1, 'KEY');
    insert into MeasurementColumn (MTABLEID, DATANAME, COLNUMBER, DATATYPE, DATASIZE, DATASCALE, UNIQUEVALUE, NULLABLE, INDEXES, DESCRIPTION, DATAID, RELEASEID, UNIQUEKEY, INCLUDESQL, COLTYPE) values ('TP_BASE'||':'||'BASE_TP_090123'||':DAYBH', 'DC_RELEASE', 64, 'varchar', 16, 0, 2, 1, 'LF', '', 'DC_RELEASE', 'TP_BASE'||':'||'BASE_TP_090123', 0, 1, 'KEY');
    insert into MeasurementColumn (MTABLEID, DATANAME, COLNUMBER, DATATYPE, DATASIZE, DATASCALE, UNIQUEVALUE, NULLABLE, INDEXES, DESCRIPTION, DATAID, RELEASEID, UNIQUEKEY, INCLUDESQL, COLTYPE) values ('TP_BASE'||':'||'BASE_TP_090123'||':DAYBH', 'DC_SOURCE', 65, 'varchar', 16, 0, 2, 1, 'LF', '', 'DC_SOURCE', 'TP_BASE'||':'||'BASE_TP_090123', 0, 1, 'KEY');
    insert into MeasurementColumn (MTABLEID, DATANAME, COLNUMBER, DATATYPE, DATASIZE, DATASCALE, UNIQUEVALUE, NULLABLE, INDEXES, DESCRIPTION, DATAID, RELEASEID, UNIQUEKEY, INCLUDESQL, COLTYPE) values ('TP_BASE'||':'||'BASE_TP_090123'||':DAYBH', 'DC_TIMEZONE', 66, 'varchar', 16, 0, 2, 1, 'LF', '', 'DC_TIMEZONE', 'TP_BASE'||':'||'BASE_TP_090123', 0, 1, 'KEY');
    insert into MeasurementColumn (MTABLEID, DATANAME, COLNUMBER, DATATYPE, DATASIZE, DATASCALE, UNIQUEVALUE, NULLABLE, INDEXES, DESCRIPTION, DATAID, RELEASEID, UNIQUEKEY, INCLUDESQL, COLTYPE) values ('TP_BASE'||':'||'BASE_TP_090123'||':DAYBH', 'DC_SUSPECTFLAG', 67, 'int', 0, 0, 2, 1, 'LF', '', 'DC_SUSPECTFLAG', 'TP_BASE'||':'||'BASE_TP_090123', 0, 1, 'KEY');
    --RANKBH public keys
    insert into MeasurementColumn (MTABLEID, DATANAME, COLNUMBER, DATATYPE, DATASIZE, DATASCALE, UNIQUEVALUE, NULLABLE, INDEXES, DESCRIPTION, DATAID, RELEASEID, UNIQUEKEY, INCLUDESQL, COLTYPE) values ('TP_BASE'||':'||'BASE_TP_090123'||':RANKBH', 'DATE_ID', 51, 'date', 0, 0, 255, 1, 'LF', '', 'DATE_ID', 'TP_BASE'||':'||'BASE_TP_090123', 1, 0, 'KEY');
    insert into MeasurementColumn (MTABLEID, DATANAME, COLNUMBER, DATATYPE, DATASIZE, DATASCALE, UNIQUEVALUE, NULLABLE, INDEXES, DESCRIPTION, DATAID, RELEASEID, UNIQUEKEY, INCLUDESQL, COLTYPE) values ('TP_BASE'||':'||'BASE_TP_090123'||':RANKBH', 'BHTYPE', 52, 'varchar', 50, 0, 20, 1, 'LF', '', 'BHTYPE', 'TP_BASE'||':'||'BASE_TP_090123', 1, 0, 'KEY');
    insert into MeasurementColumn (MTABLEID, DATANAME, COLNUMBER, DATATYPE, DATASIZE, DATASCALE, UNIQUEVALUE, NULLABLE, INDEXES, DESCRIPTION, DATAID, RELEASEID, UNIQUEKEY, INCLUDESQL, COLTYPE) values ('TP_BASE'||':'||'BASE_TP_090123'||':RANKBH', 'BHVALUE', 53, 'numeric', 18, 8, 255, 1, 'HG', '', 'BHVALUE', 'TP_BASE'||':'||'BASE_TP_090123', 0, 0, 'KEY');
    insert into MeasurementColumn (MTABLEID, DATANAME, COLNUMBER, DATATYPE, DATASIZE, DATASCALE, UNIQUEVALUE, NULLABLE, INDEXES, DESCRIPTION, DATAID, RELEASEID, UNIQUEKEY, INCLUDESQL, COLTYPE) values ('TP_BASE'||':'||'BASE_TP_090123'||':RANKBH', 'BHCLASS', 54, 'tinyint', 0, 0, 10, 1, 'LF', '', 'BHCLASS', 'TP_BASE'||':'||'BASE_TP_090123', 0, 0, 'KEY');
    insert into MeasurementColumn (MTABLEID, DATANAME, COLNUMBER, DATATYPE, DATASIZE, DATASCALE, UNIQUEVALUE, NULLABLE, INDEXES, DESCRIPTION, DATAID, RELEASEID, UNIQUEKEY, INCLUDESQL, COLTYPE) values ('TP_BASE'||':'||'BASE_TP_090123'||':RANKBH', 'WEEKBH', 55, 'tinyint', 0, 0, 2, 1, 'LF', '', 'WEEKBH', 'TP_BASE'||':'||'BASE_TP_090123', 0, 0, 'KEY');
    insert into MeasurementColumn (MTABLEID, DATANAME, COLNUMBER, DATATYPE, DATASIZE, DATASCALE, UNIQUEVALUE, NULLABLE, INDEXES, DESCRIPTION, DATAID, RELEASEID, UNIQUEKEY, INCLUDESQL, COLTYPE) values ('TP_BASE'||':'||'BASE_TP_090123'||':RANKBH', 'MONTHBH', 56, 'tinyint', 0, 0, 2, 1, 'LF', '', 'MONTHBH', 'TP_BASE'||':'||'BASE_TP_090123', 0, 0, 'KEY');
    insert into MeasurementColumn (MTABLEID, DATANAME, COLNUMBER, DATATYPE, DATASIZE, DATASCALE, UNIQUEVALUE, NULLABLE, INDEXES, DESCRIPTION, DATAID, RELEASEID, UNIQUEKEY, INCLUDESQL, COLTYPE) values ('TP_BASE'||':'||'BASE_TP_090123'||':RANKBH', 'BUSYHOUR', 57, 'tinyint', 0, 0, 24, 1, 'LF', '', 'BUSYHOUR', 'TP_BASE'||':'||'BASE_TP_090123', 0, 0, 'KEY');
    insert into MeasurementColumn (MTABLEID, DATANAME, COLNUMBER, DATATYPE, DATASIZE, DATASCALE, UNIQUEVALUE, NULLABLE, INDEXES, DESCRIPTION, DATAID, RELEASEID, UNIQUEKEY, INCLUDESQL, COLTYPE) values ('TP_BASE'||':'||'BASE_TP_090123'||':RANKBH', 'DATACOVERAGE', 58, 'unsigned int', 0, 0, 255, 1, '', '', 'DATACOVERAGE', 'TP_BASE'||':'||'BASE_TP_090123', 0, 0, 'KEY');
    insert into MeasurementColumn (MTABLEID, DATANAME, COLNUMBER, DATATYPE, DATASIZE, DATASCALE, UNIQUEVALUE, NULLABLE, INDEXES, DESCRIPTION, DATAID, RELEASEID, UNIQUEKEY, INCLUDESQL, COLTYPE) values ('TP_BASE'||':'||'BASE_TP_090123'||':RANKBH', 'PERIOD_DURATION', 59, 'unsigned int', 0, 0, 10, 1, '', '', 'PERIOD_DURATION', 'TP_BASE'||':'||'BASE_TP_090123', 0, 1, 'KEY');
    insert into MeasurementColumn (MTABLEID, DATANAME, COLNUMBER, DATATYPE, DATASIZE, DATASCALE, UNIQUEVALUE, NULLABLE, INDEXES, DESCRIPTION, DATAID, RELEASEID, UNIQUEKEY, INCLUDESQL, COLTYPE) values ('TP_BASE'||':'||'BASE_TP_090123'||':RANKBH', 'TIMELEVEL', 60, 'varchar', 10, 0, 10, 1, 'LF', '', 'TIMELEVEL', 'TP_BASE'||':'||'BASE_TP_090123', 0, 0, 'KEY');
    insert into MeasurementColumn (MTABLEID, DATANAME, COLNUMBER, DATATYPE, DATASIZE, DATASCALE, UNIQUEVALUE, NULLABLE, INDEXES, DESCRIPTION, DATAID, RELEASEID, UNIQUEKEY, INCLUDESQL, COLTYPE) values ('TP_BASE'||':'||'BASE_TP_090123'||':RANKBH', 'SESSION_ID', 61, 'unsigned int', 0, 0, 255, 1, '', '', 'SESSION_ID', 'TP_BASE'||':'||'BASE_TP_090123', 0, 0, 'KEY');
    insert into MeasurementColumn (MTABLEID, DATANAME, COLNUMBER, DATATYPE, DATASIZE, DATASCALE, UNIQUEVALUE, NULLABLE, INDEXES, DESCRIPTION, DATAID, RELEASEID, UNIQUEKEY, INCLUDESQL, COLTYPE) values ('TP_BASE'||':'||'BASE_TP_090123'||':RANKBH', 'BATCH_ID', 62, 'smallint', 0, 0, 255, 1, '', '', 'BATCH_ID', 'TP_BASE'||':'||'BASE_TP_090123', 0, 0, 'KEY');
    insert into MeasurementColumn (MTABLEID, DATANAME, COLNUMBER, DATATYPE, DATASIZE, DATASCALE, UNIQUEVALUE, NULLABLE, INDEXES, DESCRIPTION, DATAID, RELEASEID, UNIQUEKEY, INCLUDESQL, COLTYPE) values ('TP_BASE'||':'||'BASE_TP_090123'||':RANKBH', 'ROWSTATUS', 63, 'varchar', 16, 0, 10, 1, '', '', 'ROWSTATUS', 'TP_BASE'||':'||'BASE_TP_090123', 0, 1, 'KEY');
    insert into MeasurementColumn (MTABLEID, DATANAME, COLNUMBER, DATATYPE, DATASIZE, DATASCALE, UNIQUEVALUE, NULLABLE, INDEXES, DESCRIPTION, DATAID, RELEASEID, UNIQUEKEY, INCLUDESQL, COLTYPE) values ('TP_BASE'||':'||'BASE_TP_090123'||':RANKBH', 'DC_RELEASE', 64, 'varchar', 16, 0, 2, 1, 'LF', '', 'DC_RELEASE', 'TP_BASE'||':'||'BASE_TP_090123', 0, 1, 'KEY');
    insert into MeasurementColumn (MTABLEID, DATANAME, COLNUMBER, DATATYPE, DATASIZE, DATASCALE, UNIQUEVALUE, NULLABLE, INDEXES, DESCRIPTION, DATAID, RELEASEID, UNIQUEKEY, INCLUDESQL, COLTYPE) values ('TP_BASE'||':'||'BASE_TP_090123'||':RANKBH', 'DC_SOURCE', 65, 'varchar', 16, 0, 2, 1, 'LF', '', 'DC_SOURCE', 'TP_BASE'||':'||'BASE_TP_090123', 0, 1, 'KEY');
    insert into MeasurementColumn (MTABLEID, DATANAME, COLNUMBER, DATATYPE, DATASIZE, DATASCALE, UNIQUEVALUE, NULLABLE, INDEXES, DESCRIPTION, DATAID, RELEASEID, UNIQUEKEY, INCLUDESQL, COLTYPE) values ('TP_BASE'||':'||'BASE_TP_090123'||':RANKBH', 'DC_TIMEZONE', 66, 'varchar', 16, 0, 2, 1, 'LF', '', 'DC_TIMEZONE', 'TP_BASE'||':'||'BASE_TP_090123', 0, 1, 'KEY');
    insert into MeasurementColumn (MTABLEID, DATANAME, COLNUMBER, DATATYPE, DATASIZE, DATASCALE, UNIQUEVALUE, NULLABLE, INDEXES, DESCRIPTION, DATAID, RELEASEID, UNIQUEKEY, INCLUDESQL, COLTYPE) values ('TP_BASE'||':'||'BASE_TP_090123'||':RANKBH', 'DC_SUSPECTFLAG', 67, 'int', 0, 0, 2, 1, 'LF', '', 'DC_SUSPECTFLAG', 'TP_BASE'||':'||'BASE_TP_090123', 0, 1, 'KEY');

    ----------------------------------------------------------------------
    -- MEASUREMENTKEY
    ----------------------------------------------------------------------
    -- 																									     TYPEID, 						DATANAME, 	DESCRIPTION, 	ISELEMENT, 	UNIQUEKEY, 	COLNUMBER, 	DATATYPE,	DATASIZE, 	DATASCALE, 	UNIQUEVALUE, 	NULLABLE, 	INDEXES, 	INCLUDESQL, 	UNIVOBJECT, 	JOINABLE, 	DATAID
    insert into MeasurementKey (TYPEID, DATANAME, DESCRIPTION, ISELEMENT, UNIQUEKEY, COLNUMBER, DATATYPE, DATASIZE, DATASCALE, UNIQUEVALUE, NULLABLE, INDEXES, INCLUDESQL, UNIVOBJECT, JOINABLE, DATAID) values ('TP_BASE'||':'||'BASE_TP_090123'||':COUNT',	'BATCH_ID',	'',		0,		0,		1,		'smallint',	0,		0,		255,		1,		'',		0,		'BATCH_ID',	0,		'BATCH_ID');
    insert into MeasurementKey (TYPEID, DATANAME, DESCRIPTION, ISELEMENT, UNIQUEKEY, COLNUMBER, DATATYPE, DATASIZE, DATASCALE, UNIQUEVALUE, NULLABLE, INDEXES, INCLUDESQL, UNIVOBJECT, JOINABLE, DATAID) values ('TP_BASE'||':'||'BASE_TP_090123'||':COUNT',	'DATE_ID',	'',		0,		0,		2,		'date',		0,		0,		255,		1,		'LF',		1,		'DATE_ID',	0,		'DATE_ID');
    insert into MeasurementKey (TYPEID, DATANAME, DESCRIPTION, ISELEMENT, UNIQUEKEY, COLNUMBER, DATATYPE, DATASIZE, DATASCALE, UNIQUEVALUE, NULLABLE, INDEXES, INCLUDESQL, UNIVOBJECT, JOINABLE, DATAID) values ('TP_BASE'||':'||'BASE_TP_090123'||':COUNT',	'DATETIME_ID','',0,0,3,'datetime',0,0,255,1,'HG',0,'DATETIME_ID',0,'DATETIME_ID');
    insert into MeasurementKey (TYPEID, DATANAME, DESCRIPTION, ISELEMENT, UNIQUEKEY, COLNUMBER, DATATYPE, DATASIZE, DATASCALE, UNIQUEVALUE, NULLABLE, INDEXES, INCLUDESQL, UNIVOBJECT, JOINABLE, DATAID) values ('TP_BASE'||':'||'BASE_TP_090123'||':COUNT',	'DAY_ID','',0,0,4,'tinyint',0,0,31,1,'LF',0,'DAY_ID',0,'DAY_ID');
    insert into MeasurementKey (TYPEID, DATANAME, DESCRIPTION, ISELEMENT, UNIQUEKEY, COLNUMBER, DATATYPE, DATASIZE, DATASCALE, UNIQUEVALUE, NULLABLE, INDEXES, INCLUDESQL, UNIVOBJECT, JOINABLE, DATAID) values ('TP_BASE'||':'||'BASE_TP_090123'||':COUNT',	'DC_RELEASE','',0,0,5,'varchar',16,0,2,1,'LF',0,'DC_RELEASE',0,'DC_RELEASE');
    insert into MeasurementKey (TYPEID, DATANAME, DESCRIPTION, ISELEMENT, UNIQUEKEY, COLNUMBER, DATATYPE, DATASIZE, DATASCALE, UNIQUEVALUE, NULLABLE, INDEXES, INCLUDESQL, UNIVOBJECT, JOINABLE, DATAID) values ('TP_BASE'||':'||'BASE_TP_090123'||':COUNT',	'DC_SOURCE','',0,0,6,'varchar',16,0,2,1,'LF',0,'DC_SOURCE',0,'DC_SOURCE');
    insert into MeasurementKey (TYPEID, DATANAME, DESCRIPTION, ISELEMENT, UNIQUEKEY, COLNUMBER, DATATYPE, DATASIZE, DATASCALE, UNIQUEVALUE, NULLABLE, INDEXES, INCLUDESQL, UNIVOBJECT, JOINABLE, DATAID) values ('TP_BASE'||':'||'BASE_TP_090123'||':COUNT',	'DC_SUSPECTFLAG','',0,0,7,'int',0,0,2,1,'LF',0,'DC_SUSPECTFLAG',0,'DC_SUSPECTFLAG');
    insert into MeasurementKey (TYPEID, DATANAME, DESCRIPTION, ISELEMENT, UNIQUEKEY, COLNUMBER, DATATYPE, DATASIZE, DATASCALE, UNIQUEVALUE, NULLABLE, INDEXES, INCLUDESQL, UNIVOBJECT, JOINABLE, DATAID) values ('TP_BASE'||':'||'BASE_TP_090123'||':COUNT',	'DC_TIMEZONE','',0,0,8,'varchar',16,0,2,1,'LF',0,'DC_TIMEZONE',0,'DC_TIMEZONE');
    insert into MeasurementKey (TYPEID, DATANAME, DESCRIPTION, ISELEMENT, UNIQUEKEY, COLNUMBER, DATATYPE, DATASIZE, DATASCALE, UNIQUEVALUE, NULLABLE, INDEXES, INCLUDESQL, UNIVOBJECT, JOINABLE, DATAID) values ('TP_BASE'||':'||'BASE_TP_090123'||':COUNT',	'HOUR_ID','',0,0,9,'tinyint',0,0,24,1,'LF',0,'HOUR_ID',0,'HOUR_ID');
    insert into MeasurementKey (TYPEID, DATANAME, DESCRIPTION, ISELEMENT, UNIQUEKEY, COLNUMBER, DATATYPE, DATASIZE, DATASCALE, UNIQUEVALUE, NULLABLE, INDEXES, INCLUDESQL, UNIVOBJECT, JOINABLE, DATAID) values ('TP_BASE'||':'||'BASE_TP_090123'||':COUNT',	'MIN_ID','',0,0,10,'tinyint',0,0,60,1,'LF',1,'MIN_ID',0,'MIN_ID');
    insert into MeasurementKey (TYPEID, DATANAME, DESCRIPTION, ISELEMENT, UNIQUEKEY, COLNUMBER, DATATYPE, DATASIZE, DATASCALE, UNIQUEVALUE, NULLABLE, INDEXES, INCLUDESQL, UNIVOBJECT, JOINABLE, DATAID) values ('TP_BASE'||':'||'BASE_TP_090123'||':COUNT',	'MONTH_ID','',0,0,11,'tinyint',0,0,12,1,'LF',0,'MONTH_ID',0,'MONTH_ID');
    insert into MeasurementKey (TYPEID, DATANAME, DESCRIPTION, ISELEMENT, UNIQUEKEY, COLNUMBER, DATATYPE, DATASIZE, DATASCALE, UNIQUEVALUE, NULLABLE, INDEXES, INCLUDESQL, UNIVOBJECT, JOINABLE, DATAID) values ('TP_BASE'||':'||'BASE_TP_090123'||':COUNT',	'PERIOD_DURATION','',0,0,12,'unsigned int',0,0,10,1,'',0,'PERIOD_DURATION',0,'PERIOD_DURATION');
    insert into MeasurementKey (TYPEID, DATANAME, DESCRIPTION, ISELEMENT, UNIQUEKEY, COLNUMBER, DATATYPE, DATASIZE, DATASCALE, UNIQUEVALUE, NULLABLE, INDEXES, INCLUDESQL, UNIVOBJECT, JOINABLE, DATAID) values ('TP_BASE'||':'||'BASE_TP_090123'||':COUNT',	'ROWSTATUS','',0,0,13,'varchar',16,0,10,1,'',0,'ROWSTATUS',0,'ROWSTATUS');
    insert into MeasurementKey (TYPEID, DATANAME, DESCRIPTION, ISELEMENT, UNIQUEKEY, COLNUMBER, DATATYPE, DATASIZE, DATASCALE, UNIQUEVALUE, NULLABLE, INDEXES, INCLUDESQL, UNIVOBJECT, JOINABLE, DATAID) values ('TP_BASE'||':'||'BASE_TP_090123'||':COUNT',	'SESSION_ID','',0,0,14,'unsigned int',0,0,255,1,'',0,'SESSION_ID',0,'SESSION_ID');
    insert into MeasurementKey (TYPEID, DATANAME, DESCRIPTION, ISELEMENT, UNIQUEKEY, COLNUMBER, DATATYPE, DATASIZE, DATASCALE, UNIQUEVALUE, NULLABLE, INDEXES, INCLUDESQL, UNIVOBJECT, JOINABLE, DATAID) values ('TP_BASE'||':'||'BASE_TP_090123'||':COUNT',	'TIMELEVEL','',0,0,15,'varchar',10,0,10,1,'LF',0,'TIMELEVEL',0,'TIMELEVEL');
    insert into MeasurementKey (TYPEID, DATANAME, DESCRIPTION, ISELEMENT, UNIQUEKEY, COLNUMBER, DATATYPE, DATASIZE, DATASCALE, UNIQUEVALUE, NULLABLE, INDEXES, INCLUDESQL, UNIVOBJECT, JOINABLE, DATAID) values ('TP_BASE'||':'||'BASE_TP_090123'||':COUNT',	'UTC_DATETIME_ID','',0,0,16,'datetime',0,0,255,1,'HG',1,'UTC_DATETIME_ID',0,'UTC_DATETIME_ID');
    insert into MeasurementKey (TYPEID, DATANAME, DESCRIPTION, ISELEMENT, UNIQUEKEY, COLNUMBER, DATATYPE, DATASIZE, DATASCALE, UNIQUEVALUE, NULLABLE, INDEXES, INCLUDESQL, UNIVOBJECT, JOINABLE, DATAID) values ('TP_BASE'||':'||'BASE_TP_090123'||':COUNT',	'YEAR_ID','',0,0,17,'smallint',0,0,20,1,'LF',0,'YEAR_ID',0,'YEAR_ID');
    insert into MeasurementKey (TYPEID, DATANAME, DESCRIPTION, ISELEMENT, UNIQUEKEY, COLNUMBER, DATATYPE, DATASIZE, DATASCALE, UNIQUEVALUE, NULLABLE, INDEXES, INCLUDESQL, UNIVOBJECT, JOINABLE, DATAID) values ('TP_BASE'||':'||'BASE_TP_090123'||':DAY',		'AGG_COUNT','',0,0,1,'smallint',0,0,255,1,'',0,'AGG_COUNT',0,'AGG_COUNT');
    insert into MeasurementKey (TYPEID, DATANAME, DESCRIPTION, ISELEMENT, UNIQUEKEY, COLNUMBER, DATATYPE, DATASIZE, DATASCALE, UNIQUEVALUE, NULLABLE, INDEXES, INCLUDESQL, UNIVOBJECT, JOINABLE, DATAID) values ('TP_BASE'||':'||'BASE_TP_090123'||':DAY',		'BATCH_ID','',0,0,2,'smallint',0,0,255,1,'',0,'BATCH_ID',0,'BATCH_ID');
    insert into MeasurementKey (TYPEID, DATANAME, DESCRIPTION, ISELEMENT, UNIQUEKEY, COLNUMBER, DATATYPE, DATASIZE, DATASCALE, UNIQUEVALUE, NULLABLE, INDEXES, INCLUDESQL, UNIVOBJECT, JOINABLE, DATAID) values ('TP_BASE'||':'||'BASE_TP_090123'||':DAY',		'DATACOVERAGE','',0,0,3,'unsigned int',0,0,255,1,'',0,'DATACOVERAGE',0,'DATACOVERAGE');
    insert into MeasurementKey (TYPEID, DATANAME, DESCRIPTION, ISELEMENT, UNIQUEKEY, COLNUMBER, DATATYPE, DATASIZE, DATASCALE, UNIQUEVALUE, NULLABLE, INDEXES, INCLUDESQL, UNIVOBJECT, JOINABLE, DATAID) values ('TP_BASE'||':'||'BASE_TP_090123'||':DAY',		'DATE_ID','',0,0,4,'date',0,0,255,1,'LF',1,'DATE_ID',0,'DATE_ID');
    insert into MeasurementKey (TYPEID, DATANAME, DESCRIPTION, ISELEMENT, UNIQUEKEY, COLNUMBER, DATATYPE, DATASIZE, DATASCALE, UNIQUEVALUE, NULLABLE, INDEXES, INCLUDESQL, UNIVOBJECT, JOINABLE, DATAID) values ('TP_BASE'||':'||'BASE_TP_090123'||':DAY',		'DAY_ID','',0,0,5,'tinyint',0,0,31,1,'LF',0,'DAY_ID',0,'DAY_ID');
    insert into MeasurementKey (TYPEID, DATANAME, DESCRIPTION, ISELEMENT, UNIQUEKEY, COLNUMBER, DATATYPE, DATASIZE, DATASCALE, UNIQUEVALUE, NULLABLE, INDEXES, INCLUDESQL, UNIVOBJECT, JOINABLE, DATAID) values ('TP_BASE'||':'||'BASE_TP_090123'||':DAY',		'DC_RELEASE','',0,0,6,'varchar',16,0,2,1,'LF',0,'DC_RELEASE',0,'DC_RELEASE');
    insert into MeasurementKey (TYPEID, DATANAME, DESCRIPTION, ISELEMENT, UNIQUEKEY, COLNUMBER, DATATYPE, DATASIZE, DATASCALE, UNIQUEVALUE, NULLABLE, INDEXES, INCLUDESQL, UNIVOBJECT, JOINABLE, DATAID) values ('TP_BASE'||':'||'BASE_TP_090123'||':DAY',		'DC_SOURCE','',0,0,7,'varchar',16,0,2,1,'LF',0,'DC_SOURCE',0,'DC_SOURCE');
    insert into MeasurementKey (TYPEID, DATANAME, DESCRIPTION, ISELEMENT, UNIQUEKEY, COLNUMBER, DATATYPE, DATASIZE, DATASCALE, UNIQUEVALUE, NULLABLE, INDEXES, INCLUDESQL, UNIVOBJECT, JOINABLE, DATAID) values ('TP_BASE'||':'||'BASE_TP_090123'||':DAY',		'DC_SUSPECTFLAG','',0,0,8,'int',0,0,2,1,'LF',0,'DC_SUSPECTFLAG',0,'DC_SUSPECTFLAG');
    insert into MeasurementKey (TYPEID, DATANAME, DESCRIPTION, ISELEMENT, UNIQUEKEY, COLNUMBER, DATATYPE, DATASIZE, DATASCALE, UNIQUEVALUE, NULLABLE, INDEXES, INCLUDESQL, UNIVOBJECT, JOINABLE, DATAID) values ('TP_BASE'||':'||'BASE_TP_090123'||':DAY',		'DC_TIMEZONE','',0,0,9,'varchar',16,0,2,1,'LF',0,'DC_TIMEZONE',0,'DC_TIMEZONE');
    insert into MeasurementKey (TYPEID, DATANAME, DESCRIPTION, ISELEMENT, UNIQUEKEY, COLNUMBER, DATATYPE, DATASIZE, DATASCALE, UNIQUEVALUE, NULLABLE, INDEXES, INCLUDESQL, UNIVOBJECT, JOINABLE, DATAID) values ('TP_BASE'||':'||'BASE_TP_090123'||':DAY',		'MONTH_ID','',0,0,10,'tinyint',0,0,12,1,'LF',0,'MONTH_ID',0,'MONTH_ID');
    insert into MeasurementKey (TYPEID, DATANAME, DESCRIPTION, ISELEMENT, UNIQUEKEY, COLNUMBER, DATATYPE, DATASIZE, DATASCALE, UNIQUEVALUE, NULLABLE, INDEXES, INCLUDESQL, UNIVOBJECT, JOINABLE, DATAID) values ('TP_BASE'||':'||'BASE_TP_090123'||':DAY',		'PERIOD_DURATION','',0,0,11,'unsigned int',0,0,10,1,'',0,'PERIOD_DURATION',0,'PERIOD_DURATION');
    insert into MeasurementKey (TYPEID, DATANAME, DESCRIPTION, ISELEMENT, UNIQUEKEY, COLNUMBER, DATATYPE, DATASIZE, DATASCALE, UNIQUEVALUE, NULLABLE, INDEXES, INCLUDESQL, UNIVOBJECT, JOINABLE, DATAID) values ('TP_BASE'||':'||'BASE_TP_090123'||':DAY',		'ROWSTATUS','',0,0,12,'varchar',16,0,10,1,'',0,'ROWSTATUS',0,'ROWSTATUS');
    insert into MeasurementKey (TYPEID, DATANAME, DESCRIPTION, ISELEMENT, UNIQUEKEY, COLNUMBER, DATATYPE, DATASIZE, DATASCALE, UNIQUEVALUE, NULLABLE, INDEXES, INCLUDESQL, UNIVOBJECT, JOINABLE, DATAID) values ('TP_BASE'||':'||'BASE_TP_090123'||':DAY',		'SESSION_ID','',0,0,13,'unsigned int',0,0,255,1,'',0,'SESSION_ID',0,'SESSION_ID');
    insert into MeasurementKey (TYPEID, DATANAME, DESCRIPTION, ISELEMENT, UNIQUEKEY, COLNUMBER, DATATYPE, DATASIZE, DATASCALE, UNIQUEVALUE, NULLABLE, INDEXES, INCLUDESQL, UNIVOBJECT, JOINABLE, DATAID) values ('TP_BASE'||':'||'BASE_TP_090123'||':DAY',		'TIMELEVEL','',0,0,14,'varchar',10,0,10,1,'LF',0,'TIMELEVEL',0,'TIMELEVEL');
    insert into MeasurementKey (TYPEID, DATANAME, DESCRIPTION, ISELEMENT, UNIQUEKEY, COLNUMBER, DATATYPE, DATASIZE, DATASCALE, UNIQUEVALUE, NULLABLE, INDEXES, INCLUDESQL, UNIVOBJECT, JOINABLE, DATAID) values ('TP_BASE'||':'||'BASE_TP_090123'||':DAY',		'WEEK_ID','',0,0,15,'tinyint',0,0,53,1,'LF',0,'WEEK_ID',0,'WEEK_ID');
    insert into MeasurementKey (TYPEID, DATANAME, DESCRIPTION, ISELEMENT, UNIQUEKEY, COLNUMBER, DATATYPE, DATASIZE, DATASCALE, UNIQUEVALUE, NULLABLE, INDEXES, INCLUDESQL, UNIVOBJECT, JOINABLE, DATAID) values ('TP_BASE'||':'||'BASE_TP_090123'||':DAY',		'YEAR_ID','',0,0,16,'smallint',0,0,20,1,'LF',0,'YEAR_ID',0,'YEAR_ID');
    insert into MeasurementKey (TYPEID, DATANAME, DESCRIPTION, ISELEMENT, UNIQUEKEY, COLNUMBER, DATATYPE, DATASIZE, DATASCALE, UNIQUEVALUE, NULLABLE, INDEXES, INCLUDESQL, UNIVOBJECT, JOINABLE, DATAID) values ('TP_BASE'||':'||'BASE_TP_090123'||':DAYBH',	'BATCH_ID','',0,0,1,'smallint',0,0,255,1,'',0,'BATCH_ID',0,'BATCH_ID');
    insert into MeasurementKey (TYPEID, DATANAME, DESCRIPTION, ISELEMENT, UNIQUEKEY, COLNUMBER, DATATYPE, DATASIZE, DATASCALE, UNIQUEVALUE, NULLABLE, INDEXES, INCLUDESQL, UNIVOBJECT, JOINABLE, DATAID) values ('TP_BASE'||':'||'BASE_TP_090123'||':DAYBH',	'BHCLASS','',0,0,2,'smallint',0,0,10,1,'LF',0,'BHCLASS',0,'BHCLASS');
    insert into MeasurementKey (TYPEID, DATANAME, DESCRIPTION, ISELEMENT, UNIQUEKEY, COLNUMBER, DATATYPE, DATASIZE, DATASCALE, UNIQUEVALUE, NULLABLE, INDEXES, INCLUDESQL, UNIVOBJECT, JOINABLE, DATAID) values ('TP_BASE'||':'||'BASE_TP_090123'||':DAYBH',	'BHTYPE','',0,0,3,'varchar',50,0,20,1,'LF',1,'BHTYPE',0,'BHTYPE');
    insert into MeasurementKey (TYPEID, DATANAME, DESCRIPTION, ISELEMENT, UNIQUEKEY, COLNUMBER, DATATYPE, DATASIZE, DATASCALE, UNIQUEVALUE, NULLABLE, INDEXES, INCLUDESQL, UNIVOBJECT, JOINABLE, DATAID) values ('TP_BASE'||':'||'BASE_TP_090123'||':DAYBH',	'BUSYHOUR','',0,0,4,'tinyint',0,0,24,1,'LF',0,'BUSYHOUR',0,'BUSYHOUR');
    insert into MeasurementKey (TYPEID, DATANAME, DESCRIPTION, ISELEMENT, UNIQUEKEY, COLNUMBER, DATATYPE, DATASIZE, DATASCALE, UNIQUEVALUE, NULLABLE, INDEXES, INCLUDESQL, UNIVOBJECT, JOINABLE, DATAID) values ('TP_BASE'||':'||'BASE_TP_090123'||':DAYBH',	'DATE_ID','',0,0,5,'date',0,0,255,1,'LF',1,'DATE_ID',0,'DATE_ID');
    insert into MeasurementKey (TYPEID, DATANAME, DESCRIPTION, ISELEMENT, UNIQUEKEY, COLNUMBER, DATATYPE, DATASIZE, DATASCALE, UNIQUEVALUE, NULLABLE, INDEXES, INCLUDESQL, UNIVOBJECT, JOINABLE, DATAID) values ('TP_BASE'||':'||'BASE_TP_090123'||':DAYBH',	'DAY_ID','',0,0,6,'tinyint',0,0,31,1,'LF',0,'DAY_ID',0,'DAY_ID');
    insert into MeasurementKey (TYPEID, DATANAME, DESCRIPTION, ISELEMENT, UNIQUEKEY, COLNUMBER, DATATYPE, DATASIZE, DATASCALE, UNIQUEVALUE, NULLABLE, INDEXES, INCLUDESQL, UNIVOBJECT, JOINABLE, DATAID) values ('TP_BASE'||':'||'BASE_TP_090123'||':DAYBH',	'DC_RELEASE','',0,0,7,'varchar',16,0,2,1,'LF',0,'DC_RELEASE',0,'DC_RELEASE');
    insert into MeasurementKey (TYPEID, DATANAME, DESCRIPTION, ISELEMENT, UNIQUEKEY, COLNUMBER, DATATYPE, DATASIZE, DATASCALE, UNIQUEVALUE, NULLABLE, INDEXES, INCLUDESQL, UNIVOBJECT, JOINABLE, DATAID) values ('TP_BASE'||':'||'BASE_TP_090123'||':DAYBH',	'DC_SOURCE','',0,0,8,'varchar',16,0,2,1,'LF',0,'DC_SOURCE',0,'DC_SOURCE');
    insert into MeasurementKey (TYPEID, DATANAME, DESCRIPTION, ISELEMENT, UNIQUEKEY, COLNUMBER, DATATYPE, DATASIZE, DATASCALE, UNIQUEVALUE, NULLABLE, INDEXES, INCLUDESQL, UNIVOBJECT, JOINABLE, DATAID) values ('TP_BASE'||':'||'BASE_TP_090123'||':DAYBH',	'DC_SUSPECTFLAG','',0,0,9,'int',0,0,2,1,'LF',0,'DC_SUSPECTFLAG',0,'DC_SUSPECTFLAG');
    insert into MeasurementKey (TYPEID, DATANAME, DESCRIPTION, ISELEMENT, UNIQUEKEY, COLNUMBER, DATATYPE, DATASIZE, DATASCALE, UNIQUEVALUE, NULLABLE, INDEXES, INCLUDESQL, UNIVOBJECT, JOINABLE, DATAID) values ('TP_BASE'||':'||'BASE_TP_090123'||':DAYBH',	'DC_TIMEZONE','',0,0,10,'varchar',16,0,2,1,'LF',0,'DC_TIMEZONE',0,'DC_TIMEZONE');
    insert into MeasurementKey (TYPEID, DATANAME, DESCRIPTION, ISELEMENT, UNIQUEKEY, COLNUMBER, DATATYPE, DATASIZE, DATASCALE, UNIQUEVALUE, NULLABLE, INDEXES, INCLUDESQL, UNIVOBJECT, JOINABLE, DATAID) values ('TP_BASE'||':'||'BASE_TP_090123'||':DAYBH',	'MIN_ID','',0,0,11,'tinyint',0,0,60,1,'LF',1,'MIN_ID',0,'MIN_ID');
    insert into MeasurementKey (TYPEID, DATANAME, DESCRIPTION, ISELEMENT, UNIQUEKEY, COLNUMBER, DATATYPE, DATASIZE, DATASCALE, UNIQUEVALUE, NULLABLE, INDEXES, INCLUDESQL, UNIVOBJECT, JOINABLE, DATAID) values ('TP_BASE'||':'||'BASE_TP_090123'||':DAYBH',	'MONTH_ID','',0,0,12,'tinyint',0,0,12,1,'LF',0,'MONTH_ID',0,'MONTH_ID');
    insert into MeasurementKey (TYPEID, DATANAME, DESCRIPTION, ISELEMENT, UNIQUEKEY, COLNUMBER, DATATYPE, DATASIZE, DATASCALE, UNIQUEVALUE, NULLABLE, INDEXES, INCLUDESQL, UNIVOBJECT, JOINABLE, DATAID) values ('TP_BASE'||':'||'BASE_TP_090123'||':DAYBH',	'PERIOD_DURATION','',0,0,13,'unsigned int',0,0,10,1,'',0,'PERIOD_DURATION',0,'PERIOD_DURATION');
    insert into MeasurementKey (TYPEID, DATANAME, DESCRIPTION, ISELEMENT, UNIQUEKEY, COLNUMBER, DATATYPE, DATASIZE, DATASCALE, UNIQUEVALUE, NULLABLE, INDEXES, INCLUDESQL, UNIVOBJECT, JOINABLE, DATAID) values ('TP_BASE'||':'||'BASE_TP_090123'||':DAYBH',	'ROWSTATUS','',0,0,14,'varchar',16,0,10,1,'',0,'ROWSTATUS',0,'ROWSTATUS');
    insert into MeasurementKey (TYPEID, DATANAME, DESCRIPTION, ISELEMENT, UNIQUEKEY, COLNUMBER, DATATYPE, DATASIZE, DATASCALE, UNIQUEVALUE, NULLABLE, INDEXES, INCLUDESQL, UNIVOBJECT, JOINABLE, DATAID) values ('TP_BASE'||':'||'BASE_TP_090123'||':DAYBH',	'SESSION_ID','',0,0,15,'unsigned int',0,0,255,1,'',0,'SESSION_ID',0,'SESSION_ID');
    insert into MeasurementKey (TYPEID, DATANAME, DESCRIPTION, ISELEMENT, UNIQUEKEY, COLNUMBER, DATATYPE, DATASIZE, DATASCALE, UNIQUEVALUE, NULLABLE, INDEXES, INCLUDESQL, UNIVOBJECT, JOINABLE, DATAID) values ('TP_BASE'||':'||'BASE_TP_090123'||':DAYBH',	'TIMELEVEL','',0,0,16,'varchar',10,0,10,1,'LF',0,'TIMELEVEL',0,'TIMELEVEL');
    insert into MeasurementKey (TYPEID, DATANAME, DESCRIPTION, ISELEMENT, UNIQUEKEY, COLNUMBER, DATATYPE, DATASIZE, DATASCALE, UNIQUEVALUE, NULLABLE, INDEXES, INCLUDESQL, UNIVOBJECT, JOINABLE, DATAID) values ('TP_BASE'||':'||'BASE_TP_090123'||':DAYBH',	'YEAR_ID','',0,0,17,'smallint',0,0,20,1,'LF',0,'YEAR_ID',0,'YEAR_ID');
    insert into MeasurementKey (TYPEID, DATANAME, DESCRIPTION, ISELEMENT, UNIQUEKEY, COLNUMBER, DATATYPE, DATASIZE, DATASCALE, UNIQUEVALUE, NULLABLE, INDEXES, INCLUDESQL, UNIVOBJECT, JOINABLE, DATAID) values ('TP_BASE'||':'||'BASE_TP_090123'||':PLAIN',	'BATCH_ID','',0,0,1,'smallint',0,0,255,1,'',0,'BATCH_ID',0,'BATCH_ID');
    insert into MeasurementKey (TYPEID, DATANAME, DESCRIPTION, ISELEMENT, UNIQUEKEY, COLNUMBER, DATATYPE, DATASIZE, DATASCALE, UNIQUEVALUE, NULLABLE, INDEXES, INCLUDESQL, UNIVOBJECT, JOINABLE, DATAID) values ('TP_BASE'||':'||'BASE_TP_090123'||':PLAIN',	'DATETIME_ID','',0,0,2,'datetime',0,0,255,1,'HG',0,'DATETIME_ID',0,'DATETIME_ID');
    insert into MeasurementKey (TYPEID, DATANAME, DESCRIPTION, ISELEMENT, UNIQUEKEY, COLNUMBER, DATATYPE, DATASIZE, DATASCALE, UNIQUEVALUE, NULLABLE, INDEXES, INCLUDESQL, UNIVOBJECT, JOINABLE, DATAID) values ('TP_BASE'||':'||'BASE_TP_090123'||':PLAIN', 	'DATE_ID','',0,0,3,'date',0,0,255,1,'LF',0,'DATE_ID',0,'DATE_ID');
    insert into MeasurementKey (TYPEID, DATANAME, DESCRIPTION, ISELEMENT, UNIQUEKEY, COLNUMBER, DATATYPE, DATASIZE, DATASCALE, UNIQUEVALUE, NULLABLE, INDEXES, INCLUDESQL, UNIVOBJECT, JOINABLE, DATAID) values ('TP_BASE'||':'||'BASE_TP_090123'||':PLAIN', 	'DAY_ID','',0,0,4,'tinyint',0,0,31,1,'LF',0,'DAY_ID',0,'DAY_ID');
    insert into MeasurementKey (TYPEID, DATANAME, DESCRIPTION, ISELEMENT, UNIQUEKEY, COLNUMBER, DATATYPE, DATASIZE, DATASCALE, UNIQUEVALUE, NULLABLE, INDEXES, INCLUDESQL, UNIVOBJECT, JOINABLE, DATAID) values ('TP_BASE'||':'||'BASE_TP_090123'||':PLAIN',	'DC_RELEASE','',0,0,5,'varchar',16,0,2,1,'LF',0,'DC_RELEASE',0,'DC_RELEASE');
    insert into MeasurementKey (TYPEID, DATANAME, DESCRIPTION, ISELEMENT, UNIQUEKEY, COLNUMBER, DATATYPE, DATASIZE, DATASCALE, UNIQUEVALUE, NULLABLE, INDEXES, INCLUDESQL, UNIVOBJECT, JOINABLE, DATAID) values ('TP_BASE'||':'||'BASE_TP_090123'||':PLAIN',	'DC_SOURCE','',0,0,6,'varchar',16,0,2,1,'LF',0,'DC_SOURCE',0,'DC_SOURCE');
    insert into MeasurementKey (TYPEID, DATANAME, DESCRIPTION, ISELEMENT, UNIQUEKEY, COLNUMBER, DATATYPE, DATASIZE, DATASCALE, UNIQUEVALUE, NULLABLE, INDEXES, INCLUDESQL, UNIVOBJECT, JOINABLE, DATAID) values ('TP_BASE'||':'||'BASE_TP_090123'||':PLAIN',	'DC_SUSPECTFLAG','',0,0,7,'int',0,0,2,1,'LF',0,'DC_SUSPECTFLAG',0,'DC_SUSPECTFLAG');
    insert into MeasurementKey (TYPEID, DATANAME, DESCRIPTION, ISELEMENT, UNIQUEKEY, COLNUMBER, DATATYPE, DATASIZE, DATASCALE, UNIQUEVALUE, NULLABLE, INDEXES, INCLUDESQL, UNIVOBJECT, JOINABLE, DATAID) values ('TP_BASE'||':'||'BASE_TP_090123'||':PLAIN',	'DC_TIMEZONE','',0,0,8,'varchar',16,0,2,1,'LF',0,'DC_TIMEZONE',0,'DC_TIMEZONE');
    insert into MeasurementKey (TYPEID, DATANAME, DESCRIPTION, ISELEMENT, UNIQUEKEY, COLNUMBER, DATATYPE, DATASIZE, DATASCALE, UNIQUEVALUE, NULLABLE, INDEXES, INCLUDESQL, UNIVOBJECT, JOINABLE, DATAID) values ('TP_BASE'||':'||'BASE_TP_090123'||':PLAIN', 	'HOUR_ID','',0,0,9,'tinyint',0,0,24,1,'LF',0,'HOUR_ID',0,'HOUR_ID');   
    insert into MeasurementKey (TYPEID, DATANAME, DESCRIPTION, ISELEMENT, UNIQUEKEY, COLNUMBER, DATATYPE, DATASIZE, DATASCALE, UNIQUEVALUE, NULLABLE, INDEXES, INCLUDESQL, UNIVOBJECT, JOINABLE, DATAID) values ('TP_BASE'||':'||'BASE_TP_090123'||':PLAIN',	'MIN_ID','',0,0,10,'tinyint',0,0,60,1,'LF',1,'MIN_ID',0,'MIN_ID');
    insert into MeasurementKey (TYPEID, DATANAME, DESCRIPTION, ISELEMENT, UNIQUEKEY, COLNUMBER, DATATYPE, DATASIZE, DATASCALE, UNIQUEVALUE, NULLABLE, INDEXES, INCLUDESQL, UNIVOBJECT, JOINABLE, DATAID) values ('TP_BASE'||':'||'BASE_TP_090123'||':PLAIN', 	'MONTH_ID','',0,0,11,'tinyint',0,0,12, 1,'LF',0,'MONTH_ID',0,'MONTH_ID');
    insert into MeasurementKey (TYPEID, DATANAME, DESCRIPTION, ISELEMENT, UNIQUEKEY, COLNUMBER, DATATYPE, DATASIZE, DATASCALE, UNIQUEVALUE, NULLABLE, INDEXES, INCLUDESQL, UNIVOBJECT, JOINABLE, DATAID) values ('TP_BASE'||':'||'BASE_TP_090123'||':PLAIN',	'PERIOD_DURATION','',0,0,12,'unsigned int',0,0,10,1,'',0,'PERIOD_DURATION',0,'PERIOD_DURATION');
    insert into MeasurementKey (TYPEID, DATANAME, DESCRIPTION, ISELEMENT, UNIQUEKEY, COLNUMBER, DATATYPE, DATASIZE, DATASCALE, UNIQUEVALUE, NULLABLE, INDEXES, INCLUDESQL, UNIVOBJECT, JOINABLE, DATAID) values ('TP_BASE'||':'||'BASE_TP_090123'||':PLAIN',	'ROWSTATUS','',0,0,13,'varchar',16,0,10,1,'',0,'ROWSTATUS',0,'ROWSTATUS');
    insert into MeasurementKey (TYPEID, DATANAME, DESCRIPTION, ISELEMENT, UNIQUEKEY, COLNUMBER, DATATYPE, DATASIZE, DATASCALE, UNIQUEVALUE, NULLABLE, INDEXES, INCLUDESQL, UNIVOBJECT, JOINABLE, DATAID) values ('TP_BASE'||':'||'BASE_TP_090123'||':PLAIN',	'SESSION_ID','',0,0,14,'unsigned int',0,0,255,1,'',0,'SESSION_ID',0,'SESSION_ID');
    insert into MeasurementKey (TYPEID, DATANAME, DESCRIPTION, ISELEMENT, UNIQUEKEY, COLNUMBER, DATATYPE, DATASIZE, DATASCALE, UNIQUEVALUE, NULLABLE, INDEXES, INCLUDESQL, UNIVOBJECT, JOINABLE, DATAID) values ('TP_BASE'||':'||'BASE_TP_090123'||':PLAIN',	'TIMELEVEL','',0,0,15,'varchar',10,0,10,1,'LF',0,'TIMELEVEL',0,'TIMELEVEL');
    insert into MeasurementKey (TYPEID, DATANAME, DESCRIPTION, ISELEMENT, UNIQUEKEY, COLNUMBER, DATATYPE, DATASIZE, DATASCALE, UNIQUEVALUE, NULLABLE, INDEXES, INCLUDESQL, UNIVOBJECT, JOINABLE, DATAID) values ('TP_BASE'||':'||'BASE_TP_090123'||':PLAIN', 	'YEAR_ID','',0,0,16,'smallint',0,0,20,1,'LF',0,'YEAR_ID',0,'YEAR_ID');    
    insert into MeasurementKey (TYPEID, DATANAME, DESCRIPTION, ISELEMENT, UNIQUEKEY, COLNUMBER, DATATYPE, DATASIZE, DATASCALE, UNIQUEVALUE, NULLABLE, INDEXES, INCLUDESQL, UNIVOBJECT, JOINABLE, DATAID) values ('TP_BASE'||':'||'BASE_TP_090123'||':RANKBH',	'BATCH_ID','',0,0,1,'smallint',0,0,255,1,'',0,'BATCH_ID',0,'BATCH_ID');
    insert into MeasurementKey (TYPEID, DATANAME, DESCRIPTION, ISELEMENT, UNIQUEKEY, COLNUMBER, DATATYPE, DATASIZE, DATASCALE, UNIQUEVALUE, NULLABLE, INDEXES, INCLUDESQL, UNIVOBJECT, JOINABLE, DATAID) values ('TP_BASE'||':'||'BASE_TP_090123'||':RANKBH',	'BHCLASS','',0,0,2,'tinyint',0,0,10,1,'LF',0,'BHCLASS',0,'BHCLASS');
    insert into MeasurementKey (TYPEID, DATANAME, DESCRIPTION, ISELEMENT, UNIQUEKEY, COLNUMBER, DATATYPE, DATASIZE, DATASCALE, UNIQUEVALUE, NULLABLE, INDEXES, INCLUDESQL, UNIVOBJECT, JOINABLE, DATAID) values ('TP_BASE'||':'||'BASE_TP_090123'||':RANKBH',	'BHTYPE','',0,0,3,'varchar',50,0,20,1,'LF',1,'BHTYPE',0,'BHTYPE');
    insert into MeasurementKey (TYPEID, DATANAME, DESCRIPTION, ISELEMENT, UNIQUEKEY, COLNUMBER, DATATYPE, DATASIZE, DATASCALE, UNIQUEVALUE, NULLABLE, INDEXES, INCLUDESQL, UNIVOBJECT, JOINABLE, DATAID) values ('TP_BASE'||':'||'BASE_TP_090123'||':RANKBH',	'BHVALUE','',0,0,4,'numeric',18,8,255,1,'HG',0,'BHVALUE',0,'BHVALUE');
    insert into MeasurementKey (TYPEID, DATANAME, DESCRIPTION, ISELEMENT, UNIQUEKEY, COLNUMBER, DATATYPE, DATASIZE, DATASCALE, UNIQUEVALUE, NULLABLE, INDEXES, INCLUDESQL, UNIVOBJECT, JOINABLE, DATAID) values ('TP_BASE'||':'||'BASE_TP_090123'||':RANKBH',	'BUSYHOUR','',0,0,5,'tinyint',0,0,24,1,'LF',0,'BUSYHOUR',0,'BUSYHOUR');
    insert into MeasurementKey (TYPEID, DATANAME, DESCRIPTION, ISELEMENT, UNIQUEKEY, COLNUMBER, DATATYPE, DATASIZE, DATASCALE, UNIQUEVALUE, NULLABLE, INDEXES, INCLUDESQL, UNIVOBJECT, JOINABLE, DATAID) values ('TP_BASE'||':'||'BASE_TP_090123'||':RANKBH',	'DATACOVERAGE','',0,0,6,'unsigned int',0,0,255,1,'',0,'DATACOVERAGE',0,'DATACOVERAGE');
    insert into MeasurementKey (TYPEID, DATANAME, DESCRIPTION, ISELEMENT, UNIQUEKEY, COLNUMBER, DATATYPE, DATASIZE, DATASCALE, UNIQUEVALUE, NULLABLE, INDEXES, INCLUDESQL, UNIVOBJECT, JOINABLE, DATAID) values ('TP_BASE'||':'||'BASE_TP_090123'||':RANKBH',	'DATE_ID','',0,0,7,'date',0,0,255,1,'LF',1,'DATE_ID',0,'DATE_ID');
    insert into MeasurementKey (TYPEID, DATANAME, DESCRIPTION, ISELEMENT, UNIQUEKEY, COLNUMBER, DATATYPE, DATASIZE, DATASCALE, UNIQUEVALUE, NULLABLE, INDEXES, INCLUDESQL, UNIVOBJECT, JOINABLE, DATAID) values ('TP_BASE'||':'||'BASE_TP_090123'||':RANKBH',	'DC_RELEASE','',0,0,8,'varchar',16,0,2,1,'LF',0,'DC_RELEASE',0,'DC_RELEASE');
    insert into MeasurementKey (TYPEID, DATANAME, DESCRIPTION, ISELEMENT, UNIQUEKEY, COLNUMBER, DATATYPE, DATASIZE, DATASCALE, UNIQUEVALUE, NULLABLE, INDEXES, INCLUDESQL, UNIVOBJECT, JOINABLE, DATAID) values ('TP_BASE'||':'||'BASE_TP_090123'||':RANKBH',	'DC_SOURCE','',0,0,9,'varchar',16,0,2,1,'LF',0,'DC_SOURCE',0,'DC_SOURCE');
    insert into MeasurementKey (TYPEID, DATANAME, DESCRIPTION, ISELEMENT, UNIQUEKEY, COLNUMBER, DATATYPE, DATASIZE, DATASCALE, UNIQUEVALUE, NULLABLE, INDEXES, INCLUDESQL, UNIVOBJECT, JOINABLE, DATAID) values ('TP_BASE'||':'||'BASE_TP_090123'||':RANKBH',	'DC_SUSPECTFLAG','',0,0,10,'int',0,0,2,1,'LF',0,'DC_SUSPECTFLAG',0,'DC_SUSPECTFLAG');
    insert into MeasurementKey (TYPEID, DATANAME, DESCRIPTION, ISELEMENT, UNIQUEKEY, COLNUMBER, DATATYPE, DATASIZE, DATASCALE, UNIQUEVALUE, NULLABLE, INDEXES, INCLUDESQL, UNIVOBJECT, JOINABLE, DATAID) values ('TP_BASE'||':'||'BASE_TP_090123'||':RANKBH',	'DC_TIMEZONE','',0,0,11,'varchar',16,0,2,1,'LF',0,'DC_TIMEZONE',0,'DC_TIMEZONE');
    insert into MeasurementKey (TYPEID, DATANAME, DESCRIPTION, ISELEMENT, UNIQUEKEY, COLNUMBER, DATATYPE, DATASIZE, DATASCALE, UNIQUEVALUE, NULLABLE, INDEXES, INCLUDESQL, UNIVOBJECT, JOINABLE, DATAID) values ('TP_BASE'||':'||'BASE_TP_090123'||':RANKBH',	'MONTHBH','',0,0,12,'tinyint',0,0,2,1,'LF',0,'MONTHBH',0,'MONTHBH');
    insert into MeasurementKey (TYPEID, DATANAME, DESCRIPTION, ISELEMENT, UNIQUEKEY, COLNUMBER, DATATYPE, DATASIZE, DATASCALE, UNIQUEVALUE, NULLABLE, INDEXES, INCLUDESQL, UNIVOBJECT, JOINABLE, DATAID) values ('TP_BASE'||':'||'BASE_TP_090123'||':RANKBH',	'PERIOD_DURATION','',0,0,13,'unsigned int',0,0,10,1,'',0,'PERIOD_DURATION',0,'PERIOD_DURATION');
    insert into MeasurementKey (TYPEID, DATANAME, DESCRIPTION, ISELEMENT, UNIQUEKEY, COLNUMBER, DATATYPE, DATASIZE, DATASCALE, UNIQUEVALUE, NULLABLE, INDEXES, INCLUDESQL, UNIVOBJECT, JOINABLE, DATAID) values ('TP_BASE'||':'||'BASE_TP_090123'||':RANKBH',	'ROWSTATUS','',0,0,14,'varchar',16,0,10,1,'',0,'ROWSTATUS',0,'ROWSTATUS');
    insert into MeasurementKey (TYPEID, DATANAME, DESCRIPTION, ISELEMENT, UNIQUEKEY, COLNUMBER, DATATYPE, DATASIZE, DATASCALE, UNIQUEVALUE, NULLABLE, INDEXES, INCLUDESQL, UNIVOBJECT, JOINABLE, DATAID) values ('TP_BASE'||':'||'BASE_TP_090123'||':RANKBH',	'SESSION_ID','',0,0,15,'unsigned int',0,0,255,1,'',0,'SESSION_ID',0,'SESSION_ID');
    insert into MeasurementKey (TYPEID, DATANAME, DESCRIPTION, ISELEMENT, UNIQUEKEY, COLNUMBER, DATATYPE, DATASIZE, DATASCALE, UNIQUEVALUE, NULLABLE, INDEXES, INCLUDESQL, UNIVOBJECT, JOINABLE, DATAID) values ('TP_BASE'||':'||'BASE_TP_090123'||':RANKBH',	'TIMELEVEL','',0,0,16,'varchar',10,0,10,1,'LF',0,'TIMELEVEL',0,'TIMELEVEL');
    insert into MeasurementKey (TYPEID, DATANAME, DESCRIPTION, ISELEMENT, UNIQUEKEY, COLNUMBER, DATATYPE, DATASIZE, DATASCALE, UNIQUEVALUE, NULLABLE, INDEXES, INCLUDESQL, UNIVOBJECT, JOINABLE, DATAID) values ('TP_BASE'||':'||'BASE_TP_090123'||':RANKBH',	'WEEKBH','',0,0,17,'tinyint',0,0,2,1,'LF',0,'WEEKBH',0,'WEEKBH');
    insert into MeasurementKey (TYPEID, DATANAME, DESCRIPTION, ISELEMENT, UNIQUEKEY, COLNUMBER, DATATYPE, DATASIZE, DATASCALE, UNIQUEVALUE, NULLABLE, INDEXES, INCLUDESQL, UNIVOBJECT, JOINABLE, DATAID) values ('TP_BASE'||':'||'BASE_TP_090123'||':RAW',		'BATCH_ID','',0,0,1,'smallint',0,0,255,1,'',0,'BATCH_ID',0,'BATCH_ID');
    insert into MeasurementKey (TYPEID, DATANAME, DESCRIPTION, ISELEMENT, UNIQUEKEY, COLNUMBER, DATATYPE, DATASIZE, DATASCALE, UNIQUEVALUE, NULLABLE, INDEXES, INCLUDESQL, UNIVOBJECT, JOINABLE, DATAID) values ('TP_BASE'||':'||'BASE_TP_090123'||':RAW',		'DATE_ID','',0,0,2,'date',0,0,255,1,'LF',1,'DATE_ID',0,'DATE_ID');
    insert into MeasurementKey (TYPEID, DATANAME, DESCRIPTION, ISELEMENT, UNIQUEKEY, COLNUMBER, DATATYPE, DATASIZE, DATASCALE, UNIQUEVALUE, NULLABLE, INDEXES, INCLUDESQL, UNIVOBJECT, JOINABLE, DATAID) values ('TP_BASE'||':'||'BASE_TP_090123'||':RAW',		'DATETIME_ID','',0,0,3,'datetime',0,0,255,1,'HG',0,'DATETIME_ID',0,'DATETIME_ID');
    insert into MeasurementKey (TYPEID, DATANAME, DESCRIPTION, ISELEMENT, UNIQUEKEY, COLNUMBER, DATATYPE, DATASIZE, DATASCALE, UNIQUEVALUE, NULLABLE, INDEXES, INCLUDESQL, UNIVOBJECT, JOINABLE, DATAID) values ('TP_BASE'||':'||'BASE_TP_090123'||':RAW',		'DAY_ID','',0,0,4,'tinyint',0,0,31,1,'LF',0,'DAY_ID',0,'DAY_ID');
    insert into MeasurementKey (TYPEID, DATANAME, DESCRIPTION, ISELEMENT, UNIQUEKEY, COLNUMBER, DATATYPE, DATASIZE, DATASCALE, UNIQUEVALUE, NULLABLE, INDEXES, INCLUDESQL, UNIVOBJECT, JOINABLE, DATAID) values ('TP_BASE'||':'||'BASE_TP_090123'||':RAW',		'DC_RELEASE','',0,0,5,'varchar',16,0,2,1,'LF',0,'DC_RELEASE',0,'DC_RELEASE');
    insert into MeasurementKey (TYPEID, DATANAME, DESCRIPTION, ISELEMENT, UNIQUEKEY, COLNUMBER, DATATYPE, DATASIZE, DATASCALE, UNIQUEVALUE, NULLABLE, INDEXES, INCLUDESQL, UNIVOBJECT, JOINABLE, DATAID) values ('TP_BASE'||':'||'BASE_TP_090123'||':RAW',		'DC_SOURCE','',0,0,6,'varchar',16,0,2,1,'LF',0,'DC_SOURCE',0,'DC_SOURCE');
    insert into MeasurementKey (TYPEID, DATANAME, DESCRIPTION, ISELEMENT, UNIQUEKEY, COLNUMBER, DATATYPE, DATASIZE, DATASCALE, UNIQUEVALUE, NULLABLE, INDEXES, INCLUDESQL, UNIVOBJECT, JOINABLE, DATAID) values ('TP_BASE'||':'||'BASE_TP_090123'||':RAW',		'DC_SUSPECTFLAG','',0,0,7,'int',0,0,2,1,'LF',0,'DC_SUSPECTFLAG',0,'DC_SUSPECTFLAG');
    insert into MeasurementKey (TYPEID, DATANAME, DESCRIPTION, ISELEMENT, UNIQUEKEY, COLNUMBER, DATATYPE, DATASIZE, DATASCALE, UNIQUEVALUE, NULLABLE, INDEXES, INCLUDESQL, UNIVOBJECT, JOINABLE, DATAID) values ('TP_BASE'||':'||'BASE_TP_090123'||':RAW',		'DC_TIMEZONE','',0,0,8,'varchar',16,0,2,1,'LF',0,'DC_TIMEZONE',0,'DC_TIMEZONE');
    insert into MeasurementKey (TYPEID, DATANAME, DESCRIPTION, ISELEMENT, UNIQUEKEY, COLNUMBER, DATATYPE, DATASIZE, DATASCALE, UNIQUEVALUE, NULLABLE, INDEXES, INCLUDESQL, UNIVOBJECT, JOINABLE, DATAID) values ('TP_BASE'||':'||'BASE_TP_090123'||':RAW',		'HOUR_ID','',0,0,9,'tinyint',0,0,24,1,'LF',0,'HOUR_ID',0,'HOUR_ID');
    insert into MeasurementKey (TYPEID, DATANAME, DESCRIPTION, ISELEMENT, UNIQUEKEY, COLNUMBER, DATATYPE, DATASIZE, DATASCALE, UNIQUEVALUE, NULLABLE, INDEXES, INCLUDESQL, UNIVOBJECT, JOINABLE, DATAID) values ('TP_BASE'||':'||'BASE_TP_090123'||':RAW',		'MIN_ID','',0,0,10,'tinyint',0,0,60,1,'LF',1,'MIN_ID',0,'MIN_ID');
    insert into MeasurementKey (TYPEID, DATANAME, DESCRIPTION, ISELEMENT, UNIQUEKEY, COLNUMBER, DATATYPE, DATASIZE, DATASCALE, UNIQUEVALUE, NULLABLE, INDEXES, INCLUDESQL, UNIVOBJECT, JOINABLE, DATAID) values ('TP_BASE'||':'||'BASE_TP_090123'||':RAW',		'MONTH_ID','',0,0,11,'tinyint',0,0,12,1,'LF',0,'MONTH_ID',0,'MONTH_ID');
    insert into MeasurementKey (TYPEID, DATANAME, DESCRIPTION, ISELEMENT, UNIQUEKEY, COLNUMBER, DATATYPE, DATASIZE, DATASCALE, UNIQUEVALUE, NULLABLE, INDEXES, INCLUDESQL, UNIVOBJECT, JOINABLE, DATAID) values ('TP_BASE'||':'||'BASE_TP_090123'||':RAW',		'PERIOD_DURATION','',0,0,12,'unsigned int',0,0,10,1,'',0,'PERIOD_DURATION',0,'PERIOD_DURATION');
    insert into MeasurementKey (TYPEID, DATANAME, DESCRIPTION, ISELEMENT, UNIQUEKEY, COLNUMBER, DATATYPE, DATASIZE, DATASCALE, UNIQUEVALUE, NULLABLE, INDEXES, INCLUDESQL, UNIVOBJECT, JOINABLE, DATAID) values ('TP_BASE'||':'||'BASE_TP_090123'||':RAW',		'ROWSTATUS','',0,0,13,'varchar',16,0,10,1,'',0,'ROWSTATUS',0,'ROWSTATUS');
    insert into MeasurementKey (TYPEID, DATANAME, DESCRIPTION, ISELEMENT, UNIQUEKEY, COLNUMBER, DATATYPE, DATASIZE, DATASCALE, UNIQUEVALUE, NULLABLE, INDEXES, INCLUDESQL, UNIVOBJECT, JOINABLE, DATAID) values ('TP_BASE'||':'||'BASE_TP_090123'||':RAW',		'SESSION_ID','',0,0,14,'unsigned int',0,0,255,1,'',0,'SESSION_ID',0,'SESSION_ID');
    insert into MeasurementKey (TYPEID, DATANAME, DESCRIPTION, ISELEMENT, UNIQUEKEY, COLNUMBER, DATATYPE, DATASIZE, DATASCALE, UNIQUEVALUE, NULLABLE, INDEXES, INCLUDESQL, UNIVOBJECT, JOINABLE, DATAID) values ('TP_BASE'||':'||'BASE_TP_090123'||':RAW',		'TIMELEVEL','',0,0,15,'varchar',10,0,10,1,'LF',0,'TIMELEVEL',0,'TIMELEVEL');
    insert into MeasurementKey (TYPEID, DATANAME, DESCRIPTION, ISELEMENT, UNIQUEKEY, COLNUMBER, DATATYPE, DATASIZE, DATASCALE, UNIQUEVALUE, NULLABLE, INDEXES, INCLUDESQL, UNIVOBJECT, JOINABLE, DATAID) values ('TP_BASE'||':'||'BASE_TP_090123'||':RAW',		'UTC_DATETIME_ID','',0,0,16,'datetime',0,0,255,1,'HG',1,'UTC_DATETIME_ID',0,'UTC_DATETIME_ID');
    insert into MeasurementKey (TYPEID, DATANAME, DESCRIPTION, ISELEMENT, UNIQUEKEY, COLNUMBER, DATATYPE, DATASIZE, DATASCALE, UNIQUEVALUE, NULLABLE, INDEXES, INCLUDESQL, UNIVOBJECT, JOINABLE, DATAID) values ('TP_BASE'||':'||'BASE_TP_090123'||':RAW',		'YEAR_ID','',0,0,17,'smallint',0,0,20,1,'LF',0,'YEAR_ID',0,'YEAR_ID');

    ----------------------------------------------------------------------
    --REFERENCETABLE
    ----------------------------------------------------------------------
    insert into ReferenceTable (TYPEID,VERSIONID,TYPENAME,OBJECTID,OBJECTNAME,OBJECTVERSION,OBJECTTYPE,DESCRIPTION,STATUS,UPDATE_POLICY, DATAFORMATSUPPORT) values ('TP_BASE'||':'||'BASE_TP_090123'||':'||'SELECT_(TPNAME)_AGGLEVEL', 'TP_BASE'||':'||'BASE_TP_090123','SELECT_(TPNAME)_AGGLEVEL','TP_BASE'||':'||'BASE_TP_090123'||':'||'SELECT_(TPNAME)_AGGLEVEL','SELECT_(TPNAME)_AGGLEVEL','','','',0,0,0);

    ----------------------------------------------------------------------
    --REFERENCECOLUMN
    ----------------------------------------------------------------------
    
    ----------------------------------------------------------------------
    -- UNIVERSECLASS
    ----------------------------------------------------------------------
    insert into UniverseClass (VERSIONID, CLASSNAME, UNIVERSEEXTENSION, DESCRIPTION, PARENT, OBJ_BH_REL, ELEM_BH_REL, INHERITANCE) values ('TP_BASE'||':'||'BASE_TP_090123', 'General',                'ALL',  '',                                             'Root',      0 ,0, 1);
    insert into UniverseClass (VERSIONID, CLASSNAME, UNIVERSEEXTENSION, DESCRIPTION, PARENT, OBJ_BH_REL, ELEM_BH_REL, INHERITANCE) values ('TP_BASE'||':'||'BASE_TP_090123', 'Time',                   'ALL',  '',                                             'Root',      0 ,0, 1);
    insert into UniverseClass (VERSIONID, CLASSNAME, UNIVERSEEXTENSION, DESCRIPTION, PARENT, OBJ_BH_REL, ELEM_BH_REL, INHERITANCE) values ('TP_BASE'||':'||'BASE_TP_090123', 'Aggregation Selection',  'ALL',  '',                                             'Time',      0 ,0, 1);
    insert into UniverseClass (VERSIONID, CLASSNAME, UNIVERSEEXTENSION, DESCRIPTION, PARENT, OBJ_BH_REL, ELEM_BH_REL, INHERITANCE) values ('TP_BASE'||':'||'BASE_TP_090123', 'Selection',              'ALL',  '',                                             'Time',      0 ,0, 1);
    insert into UniverseClass (VERSIONID, CLASSNAME, UNIVERSEEXTENSION, DESCRIPTION, PARENT, OBJ_BH_REL, ELEM_BH_REL, INHERITANCE) values ('TP_BASE'||':'||'BASE_TP_090123', 'Multi Selection',        'ALL',  '',                                             'Time',      0 ,0, 1);
    insert into UniverseClass (VERSIONID, CLASSNAME, UNIVERSEEXTENSION, DESCRIPTION, PARENT, OBJ_BH_REL, ELEM_BH_REL, INHERITANCE) values ('TP_BASE'||':'||'BASE_TP_090123', 'Current',                'ALL',  '',                                             'Time',      0 ,0, 1);
    insert into UniverseClass (VERSIONID, CLASSNAME, UNIVERSEEXTENSION, DESCRIPTION, PARENT, OBJ_BH_REL, ELEM_BH_REL, INHERITANCE) values ('TP_BASE'||':'||'BASE_TP_090123', 'Previous',               'ALL',  '',                                             'Time',      0 ,0, 1);
    insert into UniverseClass (VERSIONID, CLASSNAME, UNIVERSEEXTENSION, DESCRIPTION, PARENT, OBJ_BH_REL, ELEM_BH_REL, INHERITANCE) values ('TP_BASE'||':'||'BASE_TP_090123', 'Date Detail',            'ALL',  '',                                             'Time',      0 ,0, 1);
    insert into UniverseClass (VERSIONID, CLASSNAME, UNIVERSEEXTENSION, DESCRIPTION, PARENT, OBJ_BH_REL, ELEM_BH_REL, INHERITANCE) values ('TP_BASE'||':'||'BASE_TP_090123', 'Topology',               'ALL',  '',                                             'Root',      0 ,0, 1);
    insert into UniverseClass (VERSIONID, CLASSNAME, UNIVERSEEXTENSION, DESCRIPTION, PARENT, OBJ_BH_REL, ELEM_BH_REL, INHERITANCE) values ('TP_BASE'||':'||'BASE_TP_090123', 'Element (Busy Hour)',    'ALL',  'Object is used for element busyhour reports.', 'Topology',  1 ,1, 1);
    insert into UniverseClass (VERSIONID, CLASSNAME, UNIVERSEEXTENSION, DESCRIPTION, PARENT, OBJ_BH_REL, ELEM_BH_REL, INHERITANCE) values ('TP_BASE'||':'||'BASE_TP_090123', 'Busy Hour',              'ALL',  '',                                             'Root',      1 ,0, 1);
    insert into UniverseClass (VERSIONID, CLASSNAME, UNIVERSEEXTENSION, DESCRIPTION, PARENT, OBJ_BH_REL, ELEM_BH_REL, INHERITANCE) values ('TP_BASE'||':'||'BASE_TP_090123', 'Counters',               'ALL',  '',                                             'Root',      0 ,0, 1);

    ----------------------------------------------------------------------
    -- UNIVERSETABLE
    ----------------------------------------------------------------------
    insert into Universetable (VERSIONID, TABLENAME, OWNER, ALIAS, UNIVERSEEXTENSION, OBJ_BH_REL, ELEM_BH_REL, INHERITANCE ) values ('TP_BASE'||':'||'BASE_TP_090123', 'DIM_DATE',       'DC', '',               'ALL', 0, 0, 1);
    insert into Universetable (VERSIONID, TABLENAME, OWNER, ALIAS, UNIVERSEEXTENSION, OBJ_BH_REL, ELEM_BH_REL, INHERITANCE ) values ('TP_BASE'||':'||'BASE_TP_090123', 'DIM_TIME',       'DC', '',               'ALL', 0, 0, 1);
    insert into Universetable (VERSIONID, TABLENAME, OWNER, ALIAS, UNIVERSEEXTENSION, OBJ_BH_REL, ELEM_BH_REL, INHERITANCE ) values ('TP_BASE'||':'||'BASE_TP_090123', 'DIM_TIMELEVEL',  'DC', '',               'ALL', 0, 0, 1);
    insert into Universetable (VERSIONID, TABLENAME, OWNER, ALIAS, UNIVERSEEXTENSION, OBJ_BH_REL, ELEM_BH_REL, INHERITANCE ) values ('TP_BASE'||':'||'BASE_TP_090123', 'DIM_WEEKDAY',    'DC', '',               'ALL', 0, 0, 1);
    insert into Universetable (VERSIONID, TABLENAME, OWNER, ALIAS, UNIVERSEEXTENSION, OBJ_BH_REL, ELEM_BH_REL, INHERITANCE ) values ('TP_BASE'||':'||'BASE_TP_090123', 'DIM_AGG_BHCLASS','DC', '',               'ALL', 1, 1, 1);
    insert into Universetable (VERSIONID, TABLENAME, OWNER, ALIAS, UNIVERSEEXTENSION, OBJ_BH_REL, ELEM_BH_REL, INHERITANCE ) values ('TP_BASE'||':'||'BASE_TP_090123', 'DIM_HOUR',       'DC', 'DIM_BUSYHOUR',   'ALL', 1, 1, 1);
    insert into Universetable (VERSIONID, TABLENAME, OWNER, ALIAS, UNIVERSEEXTENSION, OBJ_BH_REL, ELEM_BH_REL, INHERITANCE ) values ('TP_BASE'||':'||'BASE_TP_090123', 'DIM_ROWSTATUS',  'DC', '',               'ALL', 0, 0, 1);
   -- Added, because this is not done in ReferenceTable anymore 
    insert into Universetable (VERSIONID, TABLENAME, OWNER, ALIAS, UNIVERSEEXTENSION, OBJ_BH_REL, ELEM_BH_REL, INHERITANCE ) values ('TP_BASE'||':'||'BASE_TP_090123', 'SELECT_(TPNAME)_AGGLEVEL',       'DC', '',               'ALL', 0, 0, 1);

    ----------------------------------------------------------------------
    -- UNIVERSEJOIN
    ---------------------------------------------------------------------																															              
    insert into UniverseJoin (VERSIONID, SOURCETABLE, SOURCELEVEL, SOURCECOLUMN, TARGETTABLE , TARGETLEVEL, TARGETCOLUMN, EXPRESSION, CARDINALITY, CONTEXT, EXCLUDEDCONTEXTS, TMPCOUNTER) values ('TP_BASE'||':'||'BASE_TP_090123', 'All',                   'All',      'ROWSTATUS',        'DC.DIM_ROWSTATUS'             , ''         ,'ROWSTATUS'        ,'' ,'n_to_1' , ''       ,'',1);
    insert into UniverseJoin (VERSIONID, SOURCETABLE, SOURCELEVEL, SOURCECOLUMN, TARGETTABLE , TARGETLEVEL, TARGETCOLUMN, EXPRESSION, CARDINALITY, CONTEXT, EXCLUDEDCONTEXTS, TMPCOUNTER) values ('TP_BASE'||':'||'BASE_TP_090123', 'All',                   'RAW',      'HOUR_ID,MIN_ID',   'DC.DIM_TIME'                  , ''         ,'HOUR_ID,MIN_ID'   ,'' ,'n_to_1' , ''       ,'',2);
    insert into UniverseJoin (VERSIONID, SOURCETABLE, SOURCELEVEL, SOURCECOLUMN, TARGETTABLE , TARGETLEVEL, TARGETCOLUMN, EXPRESSION, CARDINALITY, CONTEXT, EXCLUDEDCONTEXTS, TMPCOUNTER) values ('TP_BASE'||':'||'BASE_TP_090123', 'All',                   'COUNT',    'HOUR_ID,MIN_ID',   'DC.DIM_TIME'                  , ''         ,'HOUR_ID,MIN_ID'   ,'' ,'n_to_1' , ''       ,'',3);
    insert into UniverseJoin (VERSIONID, SOURCETABLE, SOURCELEVEL, SOURCECOLUMN, TARGETTABLE , TARGETLEVEL, TARGETCOLUMN, EXPRESSION, CARDINALITY, CONTEXT, EXCLUDEDCONTEXTS, TMPCOUNTER) values ('TP_BASE'||':'||'BASE_TP_090123', 'All',                   'All',      'DATE_ID',          'DC.DIM_DATE'                  , ''         ,'DATE_ID'          ,'' ,'n_to_1' , ''       ,'',4);
    insert into UniverseJoin (VERSIONID, SOURCETABLE, SOURCELEVEL, SOURCECOLUMN, TARGETTABLE , TARGETLEVEL, TARGETCOLUMN, EXPRESSION, CARDINALITY, CONTEXT, EXCLUDEDCONTEXTS, TMPCOUNTER) values ('TP_BASE'||':'||'BASE_TP_090123', 'All',                   'All',      'TIMELEVEL',        'DC.DIM_TIMELEVEL'             , ''         ,'TIMELEVEL'        ,'' ,'n_to_1' , ''       ,'',5);
    insert into UniverseJoin (VERSIONID, SOURCETABLE, SOURCELEVEL, SOURCECOLUMN, TARGETTABLE , TARGETLEVEL, TARGETCOLUMN, EXPRESSION, CARDINALITY, CONTEXT, EXCLUDEDCONTEXTS, TMPCOUNTER) values ('TP_BASE'||':'||'BASE_TP_090123', 'All',                   'DAY',      'TIMELEVEL',        'DC.SELECT_(TPNAME)_AGGLEVEL'  , ''         ,'TIMELEVEL'        ,'' ,'n_to_1' , ''       ,'',6);
    insert into UniverseJoin (VERSIONID, SOURCETABLE, SOURCELEVEL, SOURCECOLUMN, TARGETTABLE , TARGETLEVEL, TARGETCOLUMN, EXPRESSION, CARDINALITY, CONTEXT, EXCLUDEDCONTEXTS, TMPCOUNTER) values ('TP_BASE'||':'||'BASE_TP_090123', 'All',                   'DAY,DAYBH','DATE_ID',          'DC.SELECT_(TPNAME)_AGGLEVEL'  , ''         ,'DATE_ID'          ,'' ,'n_to_1' , ''       ,'',7);
    insert into UniverseJoin (VERSIONID, SOURCETABLE, SOURCELEVEL, SOURCECOLUMN, TARGETTABLE , TARGETLEVEL, TARGETCOLUMN, EXPRESSION, CARDINALITY, CONTEXT, EXCLUDEDCONTEXTS, TMPCOUNTER) values ('TP_BASE'||':'||'BASE_TP_090123', 'DC.DIM_WEEKDAY',        '',         'WEEKDAY_ID',       'DC.DIM_DATE'                  , ''         ,'WEEKDAY_ID'       ,'' ,'n_to_n' , 'All'    ,'',8);
    insert into UniverseJoin (VERSIONID, SOURCETABLE, SOURCELEVEL, SOURCECOLUMN, TARGETTABLE , TARGETLEVEL, TARGETCOLUMN, EXPRESSION, CARDINALITY, CONTEXT, EXCLUDEDCONTEXTS, TMPCOUNTER) values ('TP_BASE'||':'||'BASE_TP_090123', 'All',                   'DAYBH',    'BUSYHOUR',         'DIM_BUSYHOUR'                 , ''         ,'HOUR_ID'          ,'' ,'n_to_1' , ''       ,'',9);
    insert into UniverseJoin (VERSIONID, SOURCETABLE, SOURCELEVEL, SOURCECOLUMN, TARGETTABLE , TARGETLEVEL, TARGETCOLUMN, EXPRESSION, CARDINALITY, CONTEXT, EXCLUDEDCONTEXTS, TMPCOUNTER) values ('TP_BASE'||':'||'BASE_TP_090123', 'All',                   'DAYBH',    'TIMELEVEL',        'DC.SELECT_(TPNAME)_AGGLEVEL'  , ''         ,'TIMELEVELBH'      ,'' ,'n_to_1' , ''       ,'',10);
    insert into UniverseJoin (VERSIONID, SOURCETABLE, SOURCELEVEL, SOURCECOLUMN, TARGETTABLE , TARGETLEVEL, TARGETCOLUMN, EXPRESSION, CARDINALITY, CONTEXT, EXCLUDEDCONTEXTS, TMPCOUNTER) values ('TP_BASE'||':'||'BASE_TP_090123', 'All',                   'DAYBH',    'BHCLASS',          'DC.DIM_AGG_BHCLASS'           , ''         ,'BHCLASS'          ,'' ,'n_to_n' , ''       ,'',11);
    insert into UniverseJoin (VERSIONID, SOURCETABLE, SOURCELEVEL, SOURCECOLUMN, TARGETTABLE , TARGETLEVEL, TARGETCOLUMN, EXPRESSION, CARDINALITY, CONTEXT, EXCLUDEDCONTEXTS, TMPCOUNTER) values ('TP_BASE'||':'||'BASE_TP_090123', '(OBJECTBH_MT)',         'DAYBH',    'BHTYPE',           'DC.(DIM_OBJECTRANKMT)_BHTYPE' , ''         ,'BHTYPE'           ,'' ,'n_to_1' , ''       ,'',12);
    insert into UniverseJoin (VERSIONID, SOURCETABLE, SOURCELEVEL, SOURCECOLUMN, TARGETTABLE , TARGETLEVEL, TARGETCOLUMN, EXPRESSION, CARDINALITY, CONTEXT, EXCLUDEDCONTEXTS, TMPCOUNTER) values ('TP_BASE'||':'||'BASE_TP_090123', 'DC.(ELEMENTRANKMT)',    'RANKBH',   'BHTYPE',           'DC.(DIM_ELEMENTRANKMT)_BHTYPE', ''         ,'BHTYPE'           ,'' ,'n_to_1' , 'ELEMBH' ,'',13);
    insert into UniverseJoin (VERSIONID, SOURCETABLE, SOURCELEVEL, SOURCECOLUMN, TARGETTABLE , TARGETLEVEL, TARGETCOLUMN, EXPRESSION, CARDINALITY, CONTEXT, EXCLUDEDCONTEXTS, TMPCOUNTER) values ('TP_BASE'||':'||'BASE_TP_090123', 'DC.(ELEMENTRANKMT)',    'RANKBH',   'BUSYHOUR',         'DIM_BUSYHOUR'                 , ''         ,'HOUR_ID'          ,'' ,'n_to_1' , 'ELEMBH' ,'',14);
    insert into UniverseJoin (VERSIONID, SOURCETABLE, SOURCELEVEL, SOURCECOLUMN, TARGETTABLE , TARGETLEVEL, TARGETCOLUMN, EXPRESSION, CARDINALITY, CONTEXT, EXCLUDEDCONTEXTS, TMPCOUNTER) values ('TP_BASE'||':'||'BASE_TP_090123', 'DC.(ELEMENTRANKMT)',    'RANKBH',   'DATE_ID',          'DC.DIM_DATE'                  , ''         ,'DATE_ID'          ,'' ,'n_to_1' , 'ELEMBH' ,'',15);
    insert into UniverseJoin (VERSIONID, SOURCETABLE, SOURCELEVEL, SOURCECOLUMN, TARGETTABLE , TARGETLEVEL, TARGETCOLUMN, EXPRESSION, CARDINALITY, CONTEXT, EXCLUDEDCONTEXTS, TMPCOUNTER) values ('TP_BASE'||':'||'BASE_TP_090123', 'DC.(ELEMENTRANKMT)',    'RANKBH',   'TIMELEVEL',        'DC.DIM_TIMELEVEL'             , ''         ,'TIMELEVEL'        ,'' ,'n_to_1' , 'ELEMBH' ,'',16);
    insert into UniverseJoin (VERSIONID, SOURCETABLE, SOURCELEVEL, SOURCECOLUMN, TARGETTABLE , TARGETLEVEL, TARGETCOLUMN, EXPRESSION, CARDINALITY, CONTEXT, EXCLUDEDCONTEXTS, TMPCOUNTER) values ('TP_BASE'||':'||'BASE_TP_090123', 'DC.(ELEMENTRANKMT)',    'RANKBH',   'DATE_ID',          'DC.SELECT_(TPNAME)_AGGLEVEL'  , ''         ,'DATE_ID'          ,'' ,'1_to_n' , 'ELEMBH' ,'',17);
    insert into UniverseJoin (VERSIONID, SOURCETABLE, SOURCELEVEL, SOURCECOLUMN, TARGETTABLE , TARGETLEVEL, TARGETCOLUMN, EXPRESSION, CARDINALITY, CONTEXT, EXCLUDEDCONTEXTS, TMPCOUNTER) values ('TP_BASE'||':'||'BASE_TP_090123', 'DC.(ELEMENTRANKMT)',    'RANKBH',   'BHCLASS',          'DC.DIM_AGG_BHCLASS'           , ''         ,'BHCLASS'          ,'' ,'n_to_n' , 'ELEMBH' ,'',18);
    insert into UniverseJoin (VERSIONID, SOURCETABLE, SOURCELEVEL, SOURCECOLUMN, TARGETTABLE , TARGETLEVEL, TARGETCOLUMN, EXPRESSION, CARDINALITY, CONTEXT, EXCLUDEDCONTEXTS, TMPCOUNTER) values ('TP_BASE'||':'||'BASE_TP_090123', 'DC.(ELEMENTBHMT)',      'RAW/COUNT','(ELEMENTCOLUMN)',  'DC.(ELEMENTRANKMT)'           , 'RANKBH'   ,'(ELEMENTCOLUMN)'  ,'' ,'n_to_1' , 'ELEMBH' ,'',19);
    insert into UniverseJoin (VERSIONID, SOURCETABLE, SOURCELEVEL, SOURCECOLUMN, TARGETTABLE , TARGETLEVEL, TARGETCOLUMN, EXPRESSION, CARDINALITY, CONTEXT, EXCLUDEDCONTEXTS, TMPCOUNTER) values ('TP_BASE'||':'||'BASE_TP_090123', 'DC.(ELEMENTBHMT)',      'RAW/COUNT','DATE_ID,HOUR_ID',  'DC.(ELEMENTRANKMT)'           , 'RANKBH'   ,'DATE_ID,BUSYHOUR' ,'' ,'n_to_1' , 'ELEMBH' ,'',20);

    ----------------------------------------------------------------------
    -- UNIVERSEOBJECT
    ----------------------------------------------------------------------
    insert into UniverseObject (VERSIONID, CLASSNAME, UNIVERSEEXTENSION, OBJECTNAME, DESCRIPTION, OBJECTTYPE, QUALIFICATION, AGGREGATION, OBJSELECT, OBJWHERE, PROMPTHIERARCHY, OBJ_BH_REL, ELEM_BH_REL, INHERITANCE) values ( 'TP_BASE'||':'||'BASE_TP_090123', 'General',                'ALL', 'Row Status',                '',                                                                    'Character',    'Dimension',    '',         'DC.DIM_ROWSTATUS.ROWSTATUS',                   '',                                 '', 0, 0, 1);
    insert into UniverseObject (VERSIONID, CLASSNAME, UNIVERSEEXTENSION, OBJECTNAME, DESCRIPTION, OBJECTTYPE, QUALIFICATION, AGGREGATION, OBJSELECT, OBJWHERE, PROMPTHIERARCHY, OBJ_BH_REL, ELEM_BH_REL, INHERITANCE) values ( 'TP_BASE'||':'||'BASE_TP_090123', 'General',                'ALL', 'TP Version',                '',                                                                    'Character',    'Dimension',    '',         '(TPRELEASE)',                                  '',                                 '', 0, 0, 1);
    insert into UniverseObject (VERSIONID, CLASSNAME, UNIVERSEEXTENSION, OBJECTNAME, DESCRIPTION, OBJECTTYPE, QUALIFICATION, AGGREGATION, OBJSELECT, OBJWHERE, PROMPTHIERARCHY, OBJ_BH_REL, ELEM_BH_REL, INHERITANCE) values ( 'TP_BASE'||':'||'BASE_TP_090123', 'Time',                   'ALL', 'Min',                       'Object is used to select minute to the report.',                      'NumbeR',       'Dimension',    '',         'DC.DIM_TIME.MIN_ID',                           '',                                 '', 0, 0, 1);
    insert into UniverseObject (VERSIONID, CLASSNAME, UNIVERSEEXTENSION, OBJECTNAME, DESCRIPTION, OBJECTTYPE, QUALIFICATION, AGGREGATION, OBJSELECT, OBJWHERE, PROMPTHIERARCHY, OBJ_BH_REL, ELEM_BH_REL, INHERITANCE) values ( 'TP_BASE'||':'||'BASE_TP_090123', 'Time',                   'ALL', 'Hour',                      'Object is used to select hour to the report.',                        'Number',       'Dimension',    '',         'DC.DIM_TIME.HOUR_ID',                          '',                                 '', 0, 0, 1);
    insert into UniverseObject (VERSIONID, CLASSNAME, UNIVERSEEXTENSION, OBJECTNAME, DESCRIPTION, OBJECTTYPE, QUALIFICATION, AGGREGATION, OBJSELECT, OBJWHERE, PROMPTHIERARCHY, OBJ_BH_REL, ELEM_BH_REL, INHERITANCE) values ( 'TP_BASE'||':'||'BASE_TP_090123', 'Time',                   'ALL', 'Date',                      'Object is used to select date to the report.',                        'Date',         'Dimension',    '',         'DC.DIM_DATE.DATE_ID',                          '',                                 '', 0, 0, 1);
    insert into UniverseObject (VERSIONID, CLASSNAME, UNIVERSEEXTENSION, OBJECTNAME, DESCRIPTION, OBJECTTYPE, QUALIFICATION, AGGREGATION, OBJSELECT, OBJWHERE, PROMPTHIERARCHY, OBJ_BH_REL, ELEM_BH_REL, INHERITANCE) values ( 'TP_BASE'||':'||'BASE_TP_090123', 'Time',                   'ALL', 'Week',                      'Object is used to select week to the report.',                        'Number',       'Dimension',    '',         'DC.DIM_DATE.WEEK_ID',                          '',                                 '', 0, 0, 1);
    insert into UniverseObject (VERSIONID, CLASSNAME, UNIVERSEEXTENSION, OBJECTNAME, DESCRIPTION, OBJECTTYPE, QUALIFICATION, AGGREGATION, OBJSELECT, OBJWHERE, PROMPTHIERARCHY, OBJ_BH_REL, ELEM_BH_REL, INHERITANCE) values ( 'TP_BASE'||':'||'BASE_TP_090123', 'Time',                   'ALL', 'Month',                     'Object is used to select month in numeric format to the report.',     'Number',       'Dimension',    '',         'DC.DIM_DATE.MONTH_ID',                         '',                                 '', 0, 0, 1);
    insert into UniverseObject (VERSIONID, CLASSNAME, UNIVERSEEXTENSION, OBJECTNAME, DESCRIPTION, OBJECTTYPE, QUALIFICATION, AGGREGATION, OBJSELECT, OBJWHERE, PROMPTHIERARCHY, OBJ_BH_REL, ELEM_BH_REL, INHERITANCE) values ( 'TP_BASE'||':'||'BASE_TP_090123', 'Time',                   'ALL', 'Year',                      'Object is used to select year to the report.',                        'Number',       'Dimension',    '',         'DC.DIM_DATE.YEAR_ID',                          '',                                 '', 0, 0, 1);
    insert into UniverseObject (VERSIONID, CLASSNAME, UNIVERSEEXTENSION, OBJECTNAME, DESCRIPTION, OBJECTTYPE, QUALIFICATION, AGGREGATION, OBJSELECT, OBJWHERE, PROMPTHIERARCHY, OBJ_BH_REL, ELEM_BH_REL, INHERITANCE) values ( 'TP_BASE'||':'||'BASE_TP_090123', 'Aggregation Selection',  'ALL', 'First Date',                'Object is used to select date to the report.',                        'Date',         'Dimension',    '',         'DC.SELECT_(TPNAME)_AGGLEVEL.FIRSTDATE_ID',     '',                                 '', 0, 0, 1);
    insert into UniverseObject (VERSIONID, CLASSNAME, UNIVERSEEXTENSION, OBJECTNAME, DESCRIPTION, OBJECTTYPE, QUALIFICATION, AGGREGATION, OBJSELECT, OBJWHERE, PROMPTHIERARCHY, OBJ_BH_REL, ELEM_BH_REL, INHERITANCE) values ( 'TP_BASE'||':'||'BASE_TP_090123', 'Aggregation Selection',  'ALL', 'Aggregation Level',         'Object is used to select aggregation level to the report.',           'Character',    'Dimension',    '',         'DC.SELECT_(TPNAME)_AGGLEVEL.AGGLEVEL',         '',                                 '', 0, 0, 1);
    insert into UniverseObject (VERSIONID, CLASSNAME, UNIVERSEEXTENSION, OBJECTNAME, DESCRIPTION, OBJECTTYPE, QUALIFICATION, AGGREGATION, OBJSELECT, OBJWHERE, PROMPTHIERARCHY, OBJ_BH_REL, ELEM_BH_REL, INHERITANCE) values ( 'TP_BASE'||':'||'BASE_TP_090123', 'Date Detail',            'ALL', 'Day Id',                    'Object is used to select day to the report.',                         'Number',       'Dimension',    '',         'DC.DIM_DATE.DAY_ID',                           '',                                 '', 0, 0, 1);
    insert into UniverseObject (VERSIONID, CLASSNAME, UNIVERSEEXTENSION, OBJECTNAME, DESCRIPTION, OBJECTTYPE, QUALIFICATION, AGGREGATION, OBJSELECT, OBJWHERE, PROMPTHIERARCHY, OBJ_BH_REL, ELEM_BH_REL, INHERITANCE) values ( 'TP_BASE'||':'||'BASE_TP_090123', 'Date Detail',            'ALL', 'Business Day',              'Object is used to select business day information to the report.',    'Number',       'Dimension',    '',         'DC.DIM_DATE.BUSINESSDAY',                      '',                                 '', 0, 0, 1);
    insert into UniverseObject (VERSIONID, CLASSNAME, UNIVERSEEXTENSION, OBJECTNAME, DESCRIPTION, OBJECTTYPE, QUALIFICATION, AGGREGATION, OBJSELECT, OBJWHERE, PROMPTHIERARCHY, OBJ_BH_REL, ELEM_BH_REL, INHERITANCE) values ( 'TP_BASE'||':'||'BASE_TP_090123', 'Date Detail',            'ALL', 'Day of the Week',           'Object is used to select day of the week to the report.',             'Character',    'Dimension',    '',         'DC.DIM_WEEKDAY.NAME',                          'DC.DIM_WEEKDAY.LANGUAGE = ''EN''', '', 0, 0, 1);
    insert into UniverseObject (VERSIONID, CLASSNAME, UNIVERSEEXTENSION, OBJECTNAME, DESCRIPTION, OBJECTTYPE, QUALIFICATION, AGGREGATION, OBJSELECT, OBJWHERE, PROMPTHIERARCHY, OBJ_BH_REL, ELEM_BH_REL, INHERITANCE) values ( 'TP_BASE'||':'||'BASE_TP_090123', 'Date Detail',            'ALL', 'Day of the Week Id',        'Object is used to select day id of the week to the report.',          'Number',       'Dimension',    '',         'DC.DIM_WEEKDAY.WEEKDAY_ID',                    '',                                 '', 0, 0, 1);
    insert into UniverseObject (VERSIONID, CLASSNAME, UNIVERSEEXTENSION, OBJECTNAME, DESCRIPTION, OBJECTTYPE, QUALIFICATION, AGGREGATION, OBJSELECT, OBJWHERE, PROMPTHIERARCHY, OBJ_BH_REL, ELEM_BH_REL, INHERITANCE) values ( 'TP_BASE'||':'||'BASE_TP_090123', 'Date Detail',            'ALL', 'Count Distinct Date',       'Object is used to select the count of selected dates to the report.', 'Number',       'Measure',      'SUM',      'count(distinct(DC.DIM_DATE.DATE_ID))',         '',                                 '', 0, 0, 1);
    insert into UniverseObject (VERSIONID, CLASSNAME, UNIVERSEEXTENSION, OBJECTNAME, DESCRIPTION, OBJECTTYPE, QUALIFICATION, AGGREGATION, OBJSELECT, OBJWHERE, PROMPTHIERARCHY, OBJ_BH_REL, ELEM_BH_REL, INHERITANCE) values ( 'TP_BASE'||':'||'BASE_TP_090123', 'Busy Hour',              'ALL', 'Busy Hour',                 '',                                                                    'Number',       'Dimension',    '',         'DIM_BUSYHOUR.HOUR_ID',                         '',                                 '', 1, 1, 1);
    insert into UniverseObject (VERSIONID, CLASSNAME, UNIVERSEEXTENSION, OBJECTNAME, DESCRIPTION, OBJECTTYPE, QUALIFICATION, AGGREGATION, OBJSELECT, OBJWHERE, PROMPTHIERARCHY, OBJ_BH_REL, ELEM_BH_REL, INHERITANCE) values ( 'TP_BASE'||':'||'BASE_TP_090123', 'Busy Hour',              'ALL', 'Busy Date',                 '',                                                                    'Date',         'Dimension',    '',         'DC.DIM_DATE.DATE_ID',                          '',                                 '', 1, 1, 1);
    insert into UniverseObject (VERSIONID, CLASSNAME, UNIVERSEEXTENSION, OBJECTNAME, DESCRIPTION, OBJECTTYPE, QUALIFICATION, AGGREGATION, OBJSELECT, OBJWHERE, PROMPTHIERARCHY, OBJ_BH_REL, ELEM_BH_REL, INHERITANCE) values ( 'TP_BASE'||':'||'BASE_TP_090123', 'Aggregation Selection',  'ALL', 'Aggregation Level BHClass', 'Object is used to select aggregation level to the Busy Hour report.', 'Character',    'Dimension',    '',         'DC.DIM_AGG_BHCLASS.AGGLEVEL',                  '',                                 '', 1, 1, 1);
    insert into UniverseObject (VERSIONID, CLASSNAME, UNIVERSEEXTENSION, OBJECTNAME, DESCRIPTION, OBJECTTYPE, QUALIFICATION, AGGREGATION, OBJSELECT, OBJWHERE, PROMPTHIERARCHY, OBJ_BH_REL, ELEM_BH_REL, INHERITANCE) values ( 'TP_BASE'||':'||'BASE_TP_090123', 'Busy Hour',              'ALL', '(BHObject) Busy Hour Type', '',                                                                    'Character',    'Dimension',    '',         'DC.(DIM_RANKMT)_BHTYPE.DESCRIPTION',           '',                                 '', 1, 1, 1);
    insert into UniverseObject (VERSIONID, CLASSNAME, UNIVERSEEXTENSION, OBJECTNAME, DESCRIPTION, OBJECTTYPE, QUALIFICATION, AGGREGATION, OBJSELECT, OBJWHERE, PROMPTHIERARCHY, OBJ_BH_REL, ELEM_BH_REL, INHERITANCE) values ( 'TP_BASE'||':'||'BASE_TP_090123', 'Element (Busy Hour)',    'ALL', 'Element Name',              '',                                                                    'Character',    'Dimension',    '',         'DC.(ELEMENTRANKMT).ELEMENT_NAME',              '',                                 '', 0, 1, 1);

    ----------------------------------------------------------------------
    -- UNIVERSECONDITION
    ----------------------------------------------------------------------
    insert into UniverseCondition (VERSIONID, CLASSNAME, UNIVERSEEXTENSION, UNIVERSECONDITION, DESCRIPTION, CONDWHERE, AUTOGENERATE, CONDOBJCLASS, CONDOBJECT, PROMPTTEXT, MULTISELECTION, FREETEXT, OBJ_BH_REL, ELEM_BH_REL, INHERITANCE) values ( 'TP_BASE'||':'||'BASE_TP_090123',   'General'                         ,'ALL'   ,'Select Row Status'                ,'Select Row Status'                                                                                                                                                                                                                                                                                                                                                                                                                                                                                                                                                                                                                                                            ,''                                                                                                                                                                                                                                                                                                                                                                                                                                                                                     ,1  ,'General'                  ,'Row Status'                   ,'Row Status'                   ,1 ,0 ,0 ,0 ,1 );
    insert into UniverseCondition (VERSIONID, CLASSNAME, UNIVERSEEXTENSION, UNIVERSECONDITION, DESCRIPTION, CONDWHERE, AUTOGENERATE, CONDOBJCLASS, CONDOBJECT, PROMPTTEXT, MULTISELECTION, FREETEXT, OBJ_BH_REL, ELEM_BH_REL, INHERITANCE) values ( 'TP_BASE'||':'||'BASE_TP_090123',   'General'                         ,'ALL'   ,'Select Filter'                    ,'Conditions is used to filter query based on selected row status.'                                                                                                                                                                                                                                                                                                                                                                                                                                                                                                                                                                                                             ,'@Select(General\Row Status) NOT IN @Prompt(''Select Filter(s):'',''A'',''General\Row Status'',multi,free)'                                                                                                                                                                                                                                                                                                                                                                            ,0  ,''                         ,''                             ,''                             ,0 ,0 ,0 ,0 ,1 );
    insert into UniverseCondition (VERSIONID, CLASSNAME, UNIVERSEEXTENSION, UNIVERSECONDITION, DESCRIPTION, CONDWHERE, AUTOGENERATE, CONDOBJCLASS, CONDOBJECT, PROMPTTEXT, MULTISELECTION, FREETEXT, OBJ_BH_REL, ELEM_BH_REL, INHERITANCE) values ( 'TP_BASE'||':'||'BASE_TP_090123',   'General'                         ,'ALL'   ,'Filter Duplicates'                ,'Conditions is used to filter duplicate values from query.'                                                                                                                                                                                                                                                                                                                                                                                                                                                                                                                                                                                                                    ,'@Select(General\Row Status) NOT IN (''DUPLICATE'')'                                                                                                                                                                                                                                                                                                                                                                                                                                   ,0  ,''                         ,''                             ,''                             ,0 ,0 ,0 ,0 ,1 );
    insert into UniverseCondition (VERSIONID, CLASSNAME, UNIVERSEEXTENSION, UNIVERSECONDITION, DESCRIPTION, CONDWHERE, AUTOGENERATE, CONDOBJCLASS, CONDOBJECT, PROMPTTEXT, MULTISELECTION, FREETEXT, OBJ_BH_REL, ELEM_BH_REL, INHERITANCE) values ( 'TP_BASE'||':'||'BASE_TP_090123',   'General'                         ,'ALL'   ,'Filter Duplicates and Suspected'  ,'Conditions is used to filter duplicate and suspected values from query.'                                                                                                                                                                                                                                                                                                                                                                                                                                                                                                                                                                                                      ,'@Select(General\Row Status) NOT IN (''DUPLICATE'',''SUSPECTED'')'                                                                                                                                                                                                                                                                                                                                                                                                                     ,0  ,''                         ,''                             ,''                             ,0 ,0 ,0 ,0 ,1 );
    insert into UniverseCondition (VERSIONID, CLASSNAME, UNIVERSEEXTENSION, UNIVERSECONDITION, DESCRIPTION, CONDWHERE, AUTOGENERATE, CONDOBJCLASS, CONDOBJECT, PROMPTTEXT, MULTISELECTION, FREETEXT, OBJ_BH_REL, ELEM_BH_REL, INHERITANCE) values ( 'TP_BASE'||':'||'BASE_TP_090123',   'Aggregation Selection'           ,'ALL'   ,'Select First Date'                ,'Condition is used to select the starting date for reporting period. Condition is used only for reports calculated per day and higher summary levels (day, week, month ...) and where selection between different time levels should be available. Report will show data for one period corresponding to the associated summary level selection starting from the selected date. The first day of the period should be selected: (DAY - any date, WEEK - Monday, MONTH - First day of the reported month).'                                                                                                                                                                    ,'@Select(Aggregation Selection\First Date) = @Prompt(''Date:'',''D'',''Aggregation Selection\First Date'',mono,free) AND DC.SELECT_(TPNAME)_AGGLEVEL.DATE_ID BETWEEN  @Prompt(''Date:'',''D'',''Aggregation Selection\First Date'',mono,free) AND (@Prompt(''Date:'',''D'',''Aggregation Selection\First Date'',mono,free) + DC.SELECT_(TPNAME)_AGGLEVEL.DAYS)'                                                                                                                        ,0  ,''                         ,''                             ,''                             ,0 ,0 ,0 ,0 ,1 );
    insert into UniverseCondition (VERSIONID, CLASSNAME, UNIVERSEEXTENSION, UNIVERSECONDITION, DESCRIPTION, CONDWHERE, AUTOGENERATE, CONDOBJCLASS, CONDOBJECT, PROMPTTEXT, MULTISELECTION, FREETEXT, OBJ_BH_REL, ELEM_BH_REL, INHERITANCE) values ( 'TP_BASE'||':'||'BASE_TP_090123',   'Aggregation Selection'           ,'ALL'   ,'Select Summary Level'             ,'Condition is used to select the applied summary level (DAY, WEEK, BUSINESS DAY, MONTH) for the report. Data is summarized on the selected level in the query.'                                                                                                                                                                                                                                                                                                                                                                                                                                                                                                                ,'@Select(Aggregation Selection\Aggregation Level) =  @Prompt(''Summary Level:'',''A'',''Aggregation Selection\Aggregation Level'',mono,free)'                                                                                                                                                                                                                                                                                                                                          ,0  ,''                         ,''                             ,''                             ,0 ,0 ,0 ,0 ,1 );
    insert into UniverseCondition (VERSIONID, CLASSNAME, UNIVERSEEXTENSION, UNIVERSECONDITION, DESCRIPTION, CONDWHERE, AUTOGENERATE, CONDOBJCLASS, CONDOBJECT, PROMPTTEXT, MULTISELECTION, FREETEXT, OBJ_BH_REL, ELEM_BH_REL, INHERITANCE) values ( 'TP_BASE'||':'||'BASE_TP_090123',   'Aggregation Selection'           ,'ALL'   ,'Date Between D1 and D2 (1d)'      ,'Condition is used to select the starting and end dates for reporting period. Condition is used only for reports calculated per day and higher summary levels (day, week, month,..) and where selection between different time levels should be available. Report will show data for one or more periods corresponding to the associated summary level selection starting from the selected date and ending to the period containing the selected date. For the starting date the first day of the period should be selected: (DAY  any date, WEEK  Monday, MONTH  First day of the reported month).'                                                                       ,'@Select(Aggregation Selection\First Date)  BETWEEN @Prompt(''First Date (1d):'',''D'',''Aggregation Selection\First Date'',mono,free) AND @Prompt(''Last Date:'',''D'',''Aggregation Selection\First Date'',mono,free) AND DC.SELECT_(TPNAME)_AGGLEVEL.DATE_ID  BETWEEN @Prompt(''First Date (1d):'',''D'',''Aggregation Selection\First Date'',mono,free) AND (@Prompt(''Last Date:'',''D'',''Aggregation Selection\First Date'',mono,free) + DC.SELECT_(TPNAME)_AGGLEVEL.DAYS)'     ,0  ,''                         ,''                             ,''                             ,0 ,0 ,0 ,0 ,1 );
    insert into UniverseCondition (VERSIONID, CLASSNAME, UNIVERSEEXTENSION, UNIVERSECONDITION, DESCRIPTION, CONDWHERE, AUTOGENERATE, CONDOBJCLASS, CONDOBJECT, PROMPTTEXT, MULTISELECTION, FREETEXT, OBJ_BH_REL, ELEM_BH_REL, INHERITANCE) values ( 'TP_BASE'||':'||'BASE_TP_090123',   'Aggregation Selection'           ,'ALL'   ,'Date Between D1 and D2 (3m)'      ,'Condition is used to select the starting and end dates for reporting period. Condition is used only for reports calculated per day and higher summary levels (day, week, month,..) and where selection between different time levels should be available. Report will show data for one or more periods corresponding to the associated summary level selection starting from the selected date and ending to the period containing the selected date. For the starting date the first day of the period should be selected: (DAY  any date, WEEK  Monday, MONTH  First day of the reported month). The difference between first date and last date is 3 months in web.'   ,'@Select(Aggregation Selection\First Date)  BETWEEN @Prompt(''First Date (3m):'',''D'',''Aggregation Selection\First Date'',mono,free) AND @Prompt(''Last Date:'',''D'',''Aggregation Selection\First Date'',mono,free) AND DC.SELECT_(TPNAME)_AGGLEVEL.DATE_ID  BETWEEN @Prompt(''First Date (3m):'',''D'',''Aggregation Selection\First Date'',mono,free) AND (@Prompt(''Last Date:'',''D'',''Aggregation Selection\First Date'',mono,free) + DC.SELECT_(TPNAME)_AGGLEVEL.DAYS)'     ,0  ,''                         ,''                             ,''                             ,0 ,0 ,0 ,0 ,1 );
    insert into UniverseCondition (VERSIONID, CLASSNAME, UNIVERSEEXTENSION, UNIVERSECONDITION, DESCRIPTION, CONDWHERE, AUTOGENERATE, CONDOBJCLASS, CONDOBJECT, PROMPTTEXT, MULTISELECTION, FREETEXT, OBJ_BH_REL, ELEM_BH_REL, INHERITANCE) values ( 'TP_BASE'||':'||'BASE_TP_090123',   'Aggregation Selection'           ,'ALL'   ,'Date Exclusion Agglevel'          ,'Condition is used to exclude one or several date from the report. Condition is used in aggregation level reports (DAY-WEEK-MONTH).'                                                                                                                                                                                                                                                                                                                                                                                                                                                                                                                                           ,'@Select(Aggregation Selection\First Date)   NOT IN @Prompt(''Days To Be Excluded:'',''D'',''Aggregation Selection\First Date'',multi,free)'                                                                                                                                                                                                                                                                                                                                           ,0  ,''                         ,''                             ,''                             ,0 ,0 ,0 ,0 ,1 );
    insert into UniverseCondition (VERSIONID, CLASSNAME, UNIVERSEEXTENSION, UNIVERSECONDITION, DESCRIPTION, CONDWHERE, AUTOGENERATE, CONDOBJCLASS, CONDOBJECT, PROMPTTEXT, MULTISELECTION, FREETEXT, OBJ_BH_REL, ELEM_BH_REL, INHERITANCE) values ( 'TP_BASE'||':'||'BASE_TP_090123',   'Selection'                       ,'ALL'   ,'Select Hour'                      ,'Condition is used to select one hours data to the report.'                                                                                                                                                                                                                                                                                                                                                                                                                                                                                                                                                                                                                   ,'@Select(Time\Hour)   =  @Prompt(''Hour starting at:'',''N'',''Time\Hour'',mono,free)'                                                                                                                                                                                                                                                                                                                                                                                                 ,0  ,''                         ,''                             ,''                             ,0 ,0 ,0 ,0 ,1 );
    insert into UniverseCondition (VERSIONID, CLASSNAME, UNIVERSEEXTENSION, UNIVERSECONDITION, DESCRIPTION, CONDWHERE, AUTOGENERATE, CONDOBJCLASS, CONDOBJECT, PROMPTTEXT, MULTISELECTION, FREETEXT, OBJ_BH_REL, ELEM_BH_REL, INHERITANCE) values ( 'TP_BASE'||':'||'BASE_TP_090123',   'Selection'                       ,'ALL'   ,'Select Date'                      ,'Condition is used to select one days data to the report.'                                                                                                                                                                                                                                                                                                                                                                                                                                                                                                                                                                                                                     ,'@Select(Time\Date)  = @Prompt(''Date:'',''D'',''Time\Date'',mono,free)'                                                                                                                                                                                                                                                                                                                                                                                                               ,0  ,''                         ,''                             ,''                             ,0 ,0 ,0 ,0 ,1 );
    insert into UniverseCondition (VERSIONID, CLASSNAME, UNIVERSEEXTENSION, UNIVERSECONDITION, DESCRIPTION, CONDWHERE, AUTOGENERATE, CONDOBJCLASS, CONDOBJECT, PROMPTTEXT, MULTISELECTION, FREETEXT, OBJ_BH_REL, ELEM_BH_REL, INHERITANCE) values ( 'TP_BASE'||':'||'BASE_TP_090123',   'Selection'                       ,'ALL'   ,'Select Week'                      ,'Condition is used to select one weeks data to the report.'                                                                                                                                                                                                                                                                                                                                                                                                                                                                                                                                                                                                                   ,'@Select(Time\Week)  = @Prompt(''Week:'',''N'',''Time\Week'',mono,free)'                                                                                                                                                                                                                                                                                                                                                                                                               ,0  ,''                         ,''                             ,''                             ,0 ,0 ,0 ,0 ,1 );
    insert into UniverseCondition (VERSIONID, CLASSNAME, UNIVERSEEXTENSION, UNIVERSECONDITION, DESCRIPTION, CONDWHERE, AUTOGENERATE, CONDOBJCLASS, CONDOBJECT, PROMPTTEXT, MULTISELECTION, FREETEXT, OBJ_BH_REL, ELEM_BH_REL, INHERITANCE) values ( 'TP_BASE'||':'||'BASE_TP_090123',   'Selection'                       ,'ALL'   ,'Select Month'                     ,'Condition is used to select one months data to the report.'                                                                                                                                                                                                                                                                                                                                                                                                                                                                                                                                                                                                                  ,'@Select(Time\Month)  = @Prompt(''Month:'',''N'',''Time\Month'',mono,free)'                                                                                                                                                                                                                                                                                                                                                                                                            ,0  ,''                         ,''                             ,''                             ,0 ,0 ,0 ,0 ,1 );
    insert into UniverseCondition (VERSIONID, CLASSNAME, UNIVERSEEXTENSION, UNIVERSECONDITION, DESCRIPTION, CONDWHERE, AUTOGENERATE, CONDOBJCLASS, CONDOBJECT, PROMPTTEXT, MULTISELECTION, FREETEXT, OBJ_BH_REL, ELEM_BH_REL, INHERITANCE) values ( 'TP_BASE'||':'||'BASE_TP_090123',   'Selection'                       ,'ALL'   ,'Select Year'                      ,'Condition is used to select one years data to the report.'                                                                                                                                                                                                                                                                                                                                                                                                                                                                                                                                                                                                                   ,'@Select(Time\Year)   =  @Prompt(''Year:'',''N'',''Time\Year'',mono,free)'                                                                                                                                                                                                                                                                                                                                                                                                             ,0  ,''                         ,''                             ,''                             ,0 ,0 ,0 ,0 ,1 );
    insert into UniverseCondition (VERSIONID, CLASSNAME, UNIVERSEEXTENSION, UNIVERSECONDITION, DESCRIPTION, CONDWHERE, AUTOGENERATE, CONDOBJCLASS, CONDOBJECT, PROMPTTEXT, MULTISELECTION, FREETEXT, OBJ_BH_REL, ELEM_BH_REL, INHERITANCE) values ( 'TP_BASE'||':'||'BASE_TP_090123',   'Selection'                       ,'ALL'   ,'Select Day of the Week'           ,'Condition is used to select one day of the weeks data to the report.'                                                                                                                                                                                                                                                                                                                                                                                                                                                                                                                                                                                                         ,'@Select(Date Detail\Day of the Week Id) = @Prompt(''Day of the Week:'',''N'',''Date Detail\Day of the Week Id'',mono,free)'                                                                                                                                                                                                                                                                                                                                                           ,0  ,''                         ,''                             ,''                             ,0 ,0 ,0 ,0 ,1 );
    insert into UniverseCondition (VERSIONID, CLASSNAME, UNIVERSEEXTENSION, UNIVERSECONDITION, DESCRIPTION, CONDWHERE, AUTOGENERATE, CONDOBJCLASS, CONDOBJECT, PROMPTTEXT, MULTISELECTION, FREETEXT, OBJ_BH_REL, ELEM_BH_REL, INHERITANCE) values ( 'TP_BASE'||':'||'BASE_TP_090123',   'Selection'                       ,'ALL'   ,'Date Between Date1 and Date2'     ,'Condition is used to select the starting and end dates for reporting period in hour level reports.'                                                                                                                                                                                                                                                                                                                                                                                                                                                                                                                                                                           ,'@Select(Time\Date)  BETWEEN @Prompt(''First Date:'',''D'',''Time\Date'',mono,free) AND @Prompt(''Last Date:'',''D'',''Time\Date'',mono,free)'                                                                                                                                                                                                                                                                                                                                         ,0  ,''                         ,''                             ,''                             ,0 ,0 ,0 ,0 ,1 );
    insert into UniverseCondition (VERSIONID, CLASSNAME, UNIVERSEEXTENSION, UNIVERSECONDITION, DESCRIPTION, CONDWHERE, AUTOGENERATE, CONDOBJCLASS, CONDOBJECT, PROMPTTEXT, MULTISELECTION, FREETEXT, OBJ_BH_REL, ELEM_BH_REL, INHERITANCE) values ( 'TP_BASE'||':'||'BASE_TP_090123',   'Selection'                       ,'ALL'   ,'Date Between Date1 and Date2 (3m)','Condition is used to select the starting and end dates for reporting period in hour level reports. The difference between first and last dates is 3 months in web.'                                                                                                                                                                                                                                                                                                                                                                                                                                                                                                           ,'@Select(Time\Date)  BETWEEN @Prompt(''First Date (3m):'',''D'',''Time\Date'',mono,free) AND @Prompt(''Last Date:'',''D'',''Time\Date'',mono,free)'                                                                                                                                                                                                                                                                                                                                    ,0  ,''                         ,''                             ,''                             ,0 ,0 ,0 ,0 ,1 );
    insert into UniverseCondition (VERSIONID, CLASSNAME, UNIVERSEEXTENSION, UNIVERSECONDITION, DESCRIPTION, CONDWHERE, AUTOGENERATE, CONDOBJCLASS, CONDOBJECT, PROMPTTEXT, MULTISELECTION, FREETEXT, OBJ_BH_REL, ELEM_BH_REL, INHERITANCE) values ( 'TP_BASE'||':'||'BASE_TP_090123',   'Selection'                       ,'ALL'   ,'Date Exclusion'                   ,'Condition is used to exclude one or several date from the report. Condition is used in hour level reports.'                                                                                                                                                                                                                                                                                                                                                                                                                                                                                                                                                                   ,'@Select(Time\Date)   NOT IN @Prompt(''Days To Be Excluded:'',''D'',''Time\Date'',multi,free)'                                                                                                                                                                                                                                                                                                                                                                                         ,0  ,''                         ,''                             ,''                             ,0 ,0 ,0 ,0 ,1 );
    insert into UniverseCondition (VERSIONID, CLASSNAME, UNIVERSEEXTENSION, UNIVERSECONDITION, DESCRIPTION, CONDWHERE, AUTOGENERATE, CONDOBJCLASS, CONDOBJECT, PROMPTTEXT, MULTISELECTION, FREETEXT, OBJ_BH_REL, ELEM_BH_REL, INHERITANCE) values ( 'TP_BASE'||':'||'BASE_TP_090123',   'Multi Selection'                 ,'ALL'   ,'Select Hour(s)'                   ,'Condition is used to select one or several hours data to the report.'                                                                                                                                                                                                                                                                                                                                                                                                                                                                                                                                                                                                         ,'@Select(Time\Hour)  IN @Prompt(''Hour starting at:'',''N'',''Time\Hour'',multi,free)'                                                                                                                                                                                                                                                                                                                                                                                                 ,0  ,''                         ,''                             ,''                             ,0 ,0 ,0 ,0 ,1 );
    insert into UniverseCondition (VERSIONID, CLASSNAME, UNIVERSEEXTENSION, UNIVERSECONDITION, DESCRIPTION, CONDWHERE, AUTOGENERATE, CONDOBJCLASS, CONDOBJECT, PROMPTTEXT, MULTISELECTION, FREETEXT, OBJ_BH_REL, ELEM_BH_REL, INHERITANCE) values ( 'TP_BASE'||':'||'BASE_TP_090123',   'Multi Selection'                 ,'ALL'   ,'Select Date(s)'                   ,'Condition is used to select one or several days data to the report.'                                                                                                                                                                                                                                                                                                                                                                                                                                                                                                                                                                                                          ,'@Select(Time\Date)  IN @Prompt(''Date(s):'',''D'',''Time\Date'',multi,free)'                                                                                                                                                                                                                                                                                                                                                                                                          ,0  ,''                         ,''                             ,''                             ,0 ,0 ,0 ,0 ,1 );
    insert into UniverseCondition (VERSIONID, CLASSNAME, UNIVERSEEXTENSION, UNIVERSECONDITION, DESCRIPTION, CONDWHERE, AUTOGENERATE, CONDOBJCLASS, CONDOBJECT, PROMPTTEXT, MULTISELECTION, FREETEXT, OBJ_BH_REL, ELEM_BH_REL, INHERITANCE) values ( 'TP_BASE'||':'||'BASE_TP_090123',   'Multi Selection'                 ,'ALL'   ,'Select Week(s)'                   ,'Condition is used to select one or several weeks data to the report.'                                                                                                                                                                                                                                                                                                                                                                                                                                                                                                                                                                                                         ,'@Select(Time\Week)  IN @Prompt(''Week:'',''N'',''Time\Week'',multi,free)'                                                                                                                                                                                                                                                                                                                                                                                                             ,0  ,''                         ,''                             ,''                             ,0 ,0 ,0 ,0 ,1 );
    insert into UniverseCondition (VERSIONID, CLASSNAME, UNIVERSEEXTENSION, UNIVERSECONDITION, DESCRIPTION, CONDWHERE, AUTOGENERATE, CONDOBJCLASS, CONDOBJECT, PROMPTTEXT, MULTISELECTION, FREETEXT, OBJ_BH_REL, ELEM_BH_REL, INHERITANCE) values ( 'TP_BASE'||':'||'BASE_TP_090123',   'Multi Selection'                 ,'ALL'   ,'Select Month(s)'                  ,'Condition is used to select one or several months data to the report.'                                                                                                                                                                                                                                                                                                                                                                                                                                                                                                                                                                                                        ,'@Select(Time\Month)  IN @Prompt(''Month:'',''N'',''Time\Month'',multi,free)'                                                                                                                                                                                                                                                                                                                                                                                                          ,0  ,''                         ,''                             ,''                             ,0 ,0 ,0 ,0 ,1 );
    insert into UniverseCondition (VERSIONID, CLASSNAME, UNIVERSEEXTENSION, UNIVERSECONDITION, DESCRIPTION, CONDWHERE, AUTOGENERATE, CONDOBJCLASS, CONDOBJECT, PROMPTTEXT, MULTISELECTION, FREETEXT, OBJ_BH_REL, ELEM_BH_REL, INHERITANCE) values ( 'TP_BASE'||':'||'BASE_TP_090123',   'Multi Selection'                 ,'ALL'   ,'Select Year(s)'                   ,'Condition is used to select one or several years data to the report.'                                                                                                                                                                                                                                                                                                                                                                                                                                                                                                                                                                                                         ,'@Select(Time\Year)  IN @Prompt(''Year:'',''N'',''Time\Year'',multi,free)'                                                                                                                                                                                                                                                                                                                                                                                                             ,0  ,''                         ,''                             ,''                             ,0 ,0 ,0 ,0 ,1 );
    insert into UniverseCondition (VERSIONID, CLASSNAME, UNIVERSEEXTENSION, UNIVERSECONDITION, DESCRIPTION, CONDWHERE, AUTOGENERATE, CONDOBJCLASS, CONDOBJECT, PROMPTTEXT, MULTISELECTION, FREETEXT, OBJ_BH_REL, ELEM_BH_REL, INHERITANCE) values ( 'TP_BASE'||':'||'BASE_TP_090123',   'Multi Selection'                 ,'ALL'   ,'Select Day(s) of the Week'        ,'Condition is used to select one or several day of the weeks data to the report.'                                                                                                                                                                                                                                                                                                                                                                                                                                                                                                                                                                                              ,'@Select(Date Detail\Day of the Week Id)    IN   @Prompt(''Day of the Week:'',''N'',''Date Detail\Day of the Week Id'',multi,free)'                                                                                                                                                                                                                                                                                                                                                    ,0  ,''                         ,''                             ,''                             ,0 ,0 ,0 ,0 ,1 );
    insert into UniverseCondition (VERSIONID, CLASSNAME, UNIVERSEEXTENSION, UNIVERSECONDITION, DESCRIPTION, CONDWHERE, AUTOGENERATE, CONDOBJCLASS, CONDOBJECT, PROMPTTEXT, MULTISELECTION, FREETEXT, OBJ_BH_REL, ELEM_BH_REL, INHERITANCE) values ( 'TP_BASE'||':'||'BASE_TP_090123',   'Current'                         ,'ALL'   ,'Current Date'                     ,'Condition is used to select todays data to the report.'                                                                                                                                                                                                                                                                                                                                                                                                                                                                                                                                                                                                                       ,'@Select(Time\Date) = today()'                                                                                                                                                                                                                                                                                                                                                                                                                                                         ,0  ,''                         ,''                             ,''                             ,0 ,0 ,0 ,0 ,1 );
    insert into UniverseCondition (VERSIONID, CLASSNAME, UNIVERSEEXTENSION, UNIVERSECONDITION, DESCRIPTION, CONDWHERE, AUTOGENERATE, CONDOBJCLASS, CONDOBJECT, PROMPTTEXT, MULTISELECTION, FREETEXT, OBJ_BH_REL, ELEM_BH_REL, INHERITANCE) values ( 'TP_BASE'||':'||'BASE_TP_090123',   'Current'                         ,'ALL'   ,'Current Week'                     ,'Condition is used to select this weeks data to the report.'                                                                                                                                                                                                                                                                                                                                                                                                                                                                                                                                                                                                                   ,'@Select(Time\Week) = datepart("cwk",today()) AND @Select(Time\Year) = datepart("cyr",today())'                                                                                                                                                                                                                                                                                                                                                                                        ,0  ,''                         ,''                             ,''                             ,0 ,0 ,0 ,0 ,1 );
    insert into UniverseCondition (VERSIONID, CLASSNAME, UNIVERSEEXTENSION, UNIVERSECONDITION, DESCRIPTION, CONDWHERE, AUTOGENERATE, CONDOBJCLASS, CONDOBJECT, PROMPTTEXT, MULTISELECTION, FREETEXT, OBJ_BH_REL, ELEM_BH_REL, INHERITANCE) values ( 'TP_BASE'||':'||'BASE_TP_090123',   'Current'                         ,'ALL'   ,'Current Month'                    ,'Condition is used to select this months data to the report.'                                                                                                                                                                                                                                                                                                                                                                                                                                                                                                                                                                                                                  ,'@Select(Time\Month) = datepart("mm",today()) AND @Select(Time\Year) = datepart("cyr",today())'                                                                                                                                                                                                                                                                                                                                                                                        ,0  ,''                         ,''                             ,''                             ,0 ,0 ,0 ,0 ,1 );
    insert into UniverseCondition (VERSIONID, CLASSNAME, UNIVERSEEXTENSION, UNIVERSECONDITION, DESCRIPTION, CONDWHERE, AUTOGENERATE, CONDOBJCLASS, CONDOBJECT, PROMPTTEXT, MULTISELECTION, FREETEXT, OBJ_BH_REL, ELEM_BH_REL, INHERITANCE) values ( 'TP_BASE'||':'||'BASE_TP_090123',   'Current'                         ,'ALL'   ,'Current Year'                     ,'Condition is used to select this years data to the report.'                                                                                                                                                                                                                                                                                                                                                                                                                                                                                                                                                                                                                   ,'@Select(Time\Year) = datepart("yy",today())'                                                                                                                                                                                                                                                                                                                                                                                                                                          ,0  ,''                         ,''                             ,''                             ,0 ,0 ,0 ,0 ,1 );
    insert into UniverseCondition (VERSIONID, CLASSNAME, UNIVERSEEXTENSION, UNIVERSECONDITION, DESCRIPTION, CONDWHERE, AUTOGENERATE, CONDOBJCLASS, CONDOBJECT, PROMPTTEXT, MULTISELECTION, FREETEXT, OBJ_BH_REL, ELEM_BH_REL, INHERITANCE) values ( 'TP_BASE'||':'||'BASE_TP_090123',   'Previous'                        ,'ALL'   ,'Previous Date'                    ,'Condition is used to select yesterdays data to the report.'                                                                                                                                                                                                                                                                                                                                                                                                                                                                                                                                                                                                                   ,'@Select(Time\Date) = today()-1'                                                                                                                                                                                                                                                                                                                                                                                                                                                       ,0  ,''                         ,''                             ,''                             ,0 ,0 ,0 ,0 ,1 );
    insert into UniverseCondition (VERSIONID, CLASSNAME, UNIVERSEEXTENSION, UNIVERSECONDITION, DESCRIPTION, CONDWHERE, AUTOGENERATE, CONDOBJCLASS, CONDOBJECT, PROMPTTEXT, MULTISELECTION, FREETEXT, OBJ_BH_REL, ELEM_BH_REL, INHERITANCE) values ( 'TP_BASE'||':'||'BASE_TP_090123',   'Previous'                        ,'ALL'   ,'Previous Week'                    ,'Condition is used to select last weeks data to the report.'                                                                                                                                                                                                                                                                                                                                                                                                                                                                                                                                                                                                                   ,'@Select(Time\Week) = datepart("cwk",today()-7)  AND @Select(Time\Year) = datepart("cyr",today()-7)'                                                                                                                                                                                                                                                                                                                                                                                   ,0  ,''                         ,''                             ,''                             ,0 ,0 ,0 ,0 ,1 );
    insert into UniverseCondition (VERSIONID, CLASSNAME, UNIVERSEEXTENSION, UNIVERSECONDITION, DESCRIPTION, CONDWHERE, AUTOGENERATE, CONDOBJCLASS, CONDOBJECT, PROMPTTEXT, MULTISELECTION, FREETEXT, OBJ_BH_REL, ELEM_BH_REL, INHERITANCE) values ( 'TP_BASE'||':'||'BASE_TP_090123',   'Previous'                        ,'ALL'   ,'Previous Month'                   ,'Condition is used to select last months data to the report.'                                                                                                                                                                                                                                                                                                                                                                                                                                                                                                                                                                                                                  ,'@Select(Time\Month) = datepart("mm",today()-(datepart("dd",today())))  AND @Select(Time\Year) = datepart("cyr",today())'                                                                                                                                                                                                                                                                                                                                                              ,0  ,''                         ,''                             ,''                             ,0 ,0 ,0 ,0 ,1 );
    insert into UniverseCondition (VERSIONID, CLASSNAME, UNIVERSEEXTENSION, UNIVERSECONDITION, DESCRIPTION, CONDWHERE, AUTOGENERATE, CONDOBJCLASS, CONDOBJECT, PROMPTTEXT, MULTISELECTION, FREETEXT, OBJ_BH_REL, ELEM_BH_REL, INHERITANCE) values ( 'TP_BASE'||':'||'BASE_TP_090123',   'Previous'                        ,'ALL'   ,'Previous Year'                    ,'Condition is used to select last years data to the report.'                                                                                                                                                                                                                                                                                                                                                                                                                                                                                                                                                                                                                   ,'@Select(Time\Year) = datepart("yy",today())-1'                                                                                                                                                                                                                                                                                                                                                                                                                                        ,0  ,''                         ,''                             ,''                             ,0 ,0 ,0 ,0 ,1 );
    insert into UniverseCondition (VERSIONID, CLASSNAME, UNIVERSEEXTENSION, UNIVERSECONDITION, DESCRIPTION, CONDWHERE, AUTOGENERATE, CONDOBJCLASS, CONDOBJECT, PROMPTTEXT, MULTISELECTION, FREETEXT, OBJ_BH_REL, ELEM_BH_REL, INHERITANCE) values ( 'TP_BASE'||':'||'BASE_TP_090123',   'Previous'                        ,'ALL'   ,'Previous n Days'                  ,'Condition is used to select data n days backwards.'                                                                                                                                                                                                                                                                                                                                                                                                                                                                                                                                                                                                                           ,'@Select(Time\Date) between (today()-@Prompt(''Number of Days backwards:'',''N'',,,)) and today()'                                                                                                                                                                                                                                                                                                                                                                                     ,0  ,''                         ,''                             ,''                             ,0 ,0 ,0 ,0 ,1 );
    insert into UniverseCondition (VERSIONID, CLASSNAME, UNIVERSEEXTENSION, UNIVERSECONDITION, DESCRIPTION, CONDWHERE, AUTOGENERATE, CONDOBJCLASS, CONDOBJECT, PROMPTTEXT, MULTISELECTION, FREETEXT, OBJ_BH_REL, ELEM_BH_REL, INHERITANCE) values ( 'TP_BASE'||':'||'BASE_TP_090123',   'Aggregation Selection'           ,'ALL'   ,'Select Summary Level BH'          ,'Condition is used to select the applied busy hour summary level (DAY, WEEK, BUSINESS DAY, MONTH) for the report.'                                                                                                                                                                                                                                                                                                                                                                                                                                                                                                                                                             ,'@Select(Aggregation Selection\Aggregation Level BHClass)  =  @Prompt(''Summary Level:'',''A'',''Aggregation Selection\Aggregation Level BHClass'',mono,free)'                                                                                                                                                                                                                                                                                                                         ,1  ,'Aggregation Selection'    ,'Aggregation Level BHClass'    ,'Summary Level'                ,0 ,1 ,1 ,1 ,1 );
    insert into UniverseCondition (VERSIONID, CLASSNAME, UNIVERSEEXTENSION, UNIVERSECONDITION, DESCRIPTION, CONDWHERE, AUTOGENERATE, CONDOBJCLASS, CONDOBJECT, PROMPTTEXT, MULTISELECTION, FREETEXT, OBJ_BH_REL, ELEM_BH_REL, INHERITANCE) values ( 'TP_BASE'||':'||'BASE_TP_090123',   'Busy Hour'                       ,'ALL'   ,'Select (BHObject) Busy Hour Type' ,''                                                                                                                                                                                                                                                                                                                                                                                                                                                                                                                                                                                                                                                                             ,''                                                                                                                                                                                                                                                                                                                                                                                                                                                                                     ,1  ,'Busy Hour (BHObject)'     ,'(BHObject) Busy Hour Type'    ,'Busy Hour Type'               ,0 ,0 ,1 ,1 ,1 );
    insert into UniverseCondition (VERSIONID, CLASSNAME, UNIVERSEEXTENSION, UNIVERSECONDITION, DESCRIPTION, CONDWHERE, AUTOGENERATE, CONDOBJCLASS, CONDOBJECT, PROMPTTEXT, MULTISELECTION, FREETEXT, OBJ_BH_REL, ELEM_BH_REL, INHERITANCE) values ( 'TP_BASE'||':'||'BASE_TP_090123',   'Element (Busy Hour)'              ,'ALL'  ,'Select Element Name'              ,''                                                                                                                                                                                                                                                                                                                                                                                                                                                                                                                                                                                                                                                                             ,''                                                                                                                                                                                                                                                                                                                                                                                                                                                                                     ,1  ,'Element (Busy Hour)'      ,'Element Name'                 ,'Select Element Name'          ,1 ,1 ,0 ,1 ,1 );

    ----------------------------------------------------------------------
    -- EXTERNALSTATEMENT
    ----------------------------------------------------------------------
    insert into ExternalStatement (versionid,statementname, executionorder, dbconnection, statement) values ('TP_BASE'||':'||'BASE_TP_090123','create view SELECT__AGGLEVEL',1,'dwh',
        'IF (SELECT count(*) FROM sys.sysviews where viewname = ''SELECT_(((TP_BASE)))_AGGLEVEL'') > 0
            DROP VIEW SELECT_(((TP_BASE)))_AGGLEVEL
            BEGIN
                create view
                    SELECT_(((TP_BASE))))_AGGLEVEL(FIRSTDATE_ID,AGGLEVEL,DATE_ID,YEAR_ID,MONTH_ID,DAY_ID,WEEK_ID,WEEKDAY_ID,BUSINESSDAY,TIMELEVEL,TIMELEVELBH,DAYS)
                    as select FIRSTDATE_ID,AGGLEVEL,DATE_ID,YEAR_ID,MONTH_ID,DAY_ID,WEEK_ID,WEEKDAY_ID,BUSINESSDAY,TIMELEVEL,TIMELEVELBH,DAYS from dc.SELECT_AGGLEVEL_TABLE
                    WHERE TIMELEVELBH = ''DAYBH''
            commit
            grant select on SELECT_(((TP_BASE)))_AGGLEVEL to dcbo
        END');
        -- TP IDE converts(((TP_BASE))) and replaces  DC_ --> "" if need
	END IF

