insert into Versioning (versionid, description, status, techpack_name, techpack_version, techpack_type, product_number) values ('DWH_MONITOR:b(build)','DWH Monitoring b(build)',1,'DWH_MONITOR','R2D_b(build)','SYSTEM','COA 252 125');


insert into MeasurementTypeClass (typeclassid, versionid, description) values ('DWH_MONITOR:b(build):DWH_MONITOR_','DWH_MONITOR:b(build)','');
insert into MeasurementType (typeid, typeclassid, typename, vendorid, foldername, description, versionid, objectid, objectname, joinable) values ('DWH_MONITOR:b(build):LOG_SESSION_ADAPTER','DWH_MONITOR:b(build):DWH_MONITOR_','LOG_SESSION_ADAPTER','DWH_MONITOR','LOG_SESSION_ADAPTER','Session table of adapters','DWH_MONITOR:b(build)','DWH_MONITOR:b(build):LOG_SESSION_ADAPTER','LOG_SESSION_ADAPTER','');
insert into MeasurementKey (typeid, dataname, description, iselement, uniquekey) values ('DWH_MONITOR:b(build):LOG_SESSION_ADAPTER','SESSION_ID','Session Identification',0,0);
insert into MeasurementKey (typeid, dataname, description, iselement, uniquekey) values ('DWH_MONITOR:b(build):LOG_SESSION_ADAPTER','BATCH_ID','Batch identification',0,0);
insert into MeasurementKey (typeid, dataname, description, iselement, uniquekey) values ('DWH_MONITOR:b(build):LOG_SESSION_ADAPTER','DATE_ID','',0,0);
insert into MeasurementKey (typeid, dataname, description, iselement, uniquekey) values ('DWH_MONITOR:b(build):LOG_SESSION_ADAPTER','ROWSTATUS','',0,0);
insert into MeasurementCounter (typeid, dataname, description, timeaggregation, groupaggregation, countaggregation) values ('DWH_MONITOR:b(build):LOG_SESSION_ADAPTER','FILENAME','Filename','NONE','NONE','');
insert into MeasurementCounter (typeid, dataname, description, timeaggregation, groupaggregation, countaggregation) values ('DWH_MONITOR:b(build):LOG_SESSION_ADAPTER','SESSIONENDTIME','Session End Time','NONE','NONE','');
insert into MeasurementCounter (typeid, dataname, description, timeaggregation, groupaggregation, countaggregation) values ('DWH_MONITOR:b(build):LOG_SESSION_ADAPTER','SESSIONSTARTTIME','Session Start Time','NONE','NONE','');
insert into MeasurementCounter (typeid, dataname, description, timeaggregation, groupaggregation, countaggregation) values ('DWH_MONITOR:b(build):LOG_SESSION_ADAPTER','SOURCE','Source','NONE','NONE','');
insert into MeasurementCounter (typeid, dataname, description, timeaggregation, groupaggregation, countaggregation) values ('DWH_MONITOR:b(build):LOG_SESSION_ADAPTER','STATUS','Status','NONE','NONE','');
insert into MeasurementCounter (typeid, dataname, description, timeaggregation, groupaggregation, countaggregation) values ('DWH_MONITOR:b(build):LOG_SESSION_ADAPTER','SOURCEFILE_MODTIME','Source File Modification Time','NONE','NONE','');
insert into MeasurementCounter (typeid, dataname, description, timeaggregation, groupaggregation, countaggregation) values ('DWH_MONITOR:b(build):LOG_SESSION_ADAPTER','FLAG','Flag','NONE','NONE','');
insert into MeasurementTable (mtableid, typeid, tablelevel, basetablename, partitionplan) values ('DWH_MONITOR:b(build):LOG_SESSION_ADAPTER:PLAIN','DWH_MONITOR:b(build):LOG_SESSION_ADAPTER','PLAIN','LOG_SESSION_ADAPTER','medium_plain');
insert into MeasurementColumn (mtableid, colnumber, dataname, datatype, datasize, datascale, uniquevalue, nullable, indexes, description, dataid, releaseid, uniquekey, includesql) values ('DWH_MONITOR:b(build):LOG_SESSION_ADAPTER:PLAIN',1,'SESSION_ID','unsigned int',0,0,255,1,'HG','Session Identification','SESSION_ID','b(build)',0,1);
insert into MeasurementColumn (mtableid, colnumber, dataname, datatype, datasize, datascale, uniquevalue, nullable, indexes, description, dataid, releaseid, uniquekey, includesql) values ('DWH_MONITOR:b(build):LOG_SESSION_ADAPTER:PLAIN',2,'BATCH_ID','smallint',0,0,255,1,'HG','Batch identification','BATCH_ID','b(build)',0,1);
insert into MeasurementColumn (mtableid, colnumber, dataname, datatype, datasize, datascale, uniquevalue, nullable, indexes, description, dataid, releaseid, uniquekey, includesql) values ('DWH_MONITOR:b(build):LOG_SESSION_ADAPTER:PLAIN',3,'DATE_ID','date',0,0,255,1,'HG','','DATE_ID','b(build)',0,1);
insert into MeasurementColumn (mtableid, colnumber, dataname, datatype, datasize, datascale, uniquevalue, nullable, indexes, description, dataid, releaseid, uniquekey, includesql) values ('DWH_MONITOR:b(build):LOG_SESSION_ADAPTER:PLAIN',4,'ROWSTATUS','varchar',16,0,255,1,'LF','','ROWSTATUS','b(build)',0,1);
insert into MeasurementColumn (mtableid, colnumber, dataname, datatype, datasize, datascale, uniquevalue, nullable, indexes, description, dataid, releaseid, uniquekey, includesql) values ('DWH_MONITOR:b(build):LOG_SESSION_ADAPTER:PLAIN',101,'FILENAME','varchar',500,0,255,1,'','Filename','FILENAME','b(build)',0,1);
insert into MeasurementColumn (mtableid, colnumber, dataname, datatype, datasize, datascale, uniquevalue, nullable, indexes, description, dataid, releaseid, uniquekey, includesql) values ('DWH_MONITOR:b(build):LOG_SESSION_ADAPTER:PLAIN',102,'SESSIONENDTIME','datetime',0,0,255,1,'','Session End Time','SESSIONENDTIME','b(build)',0,1);
insert into MeasurementColumn (mtableid, colnumber, dataname, datatype, datasize, datascale, uniquevalue, nullable, indexes, description, dataid, releaseid, uniquekey, includesql) values ('DWH_MONITOR:b(build):LOG_SESSION_ADAPTER:PLAIN',103,'SESSIONSTARTTIME','datetime',0,0,255,1,'','Session Start Time','SESSIONSTARTTIME','b(build)',0,1);
insert into MeasurementColumn (mtableid, colnumber, dataname, datatype, datasize, datascale, uniquevalue, nullable, indexes, description, dataid, releaseid, uniquekey, includesql) values ('DWH_MONITOR:b(build):LOG_SESSION_ADAPTER:PLAIN',104,'SOURCE','varchar',255,0,255,1,'','Source','SOURCE','b(build)',0,1);
insert into MeasurementColumn (mtableid, colnumber, dataname, datatype, datasize, datascale, uniquevalue, nullable, indexes, description, dataid, releaseid, uniquekey, includesql) values ('DWH_MONITOR:b(build):LOG_SESSION_ADAPTER:PLAIN',105,'STATUS','varchar',16,0,255,1,'','Status','STATUS','b(build)',0,1);
insert into MeasurementColumn (mtableid, colnumber, dataname, datatype, datasize, datascale, uniquevalue, nullable, indexes, description, dataid, releaseid, uniquekey, includesql) values ('DWH_MONITOR:b(build):LOG_SESSION_ADAPTER:PLAIN',106,'SOURCEFILE_MODTIME','datetime',0,0,255,1,'','Source File Modification Time','SOURCEFILE_MODTIME','b(build)',0,1);
insert into MeasurementColumn (mtableid, colnumber, dataname, datatype, datasize, datascale, uniquevalue, nullable, indexes, description, dataid, releaseid, uniquekey, includesql) values ('DWH_MONITOR:b(build):LOG_SESSION_ADAPTER:PLAIN',107,'FLAG','tinyint',0,0,255,1,'','Flag','FLAG','b(build)',0,1);
insert into MeasurementType (typeid, typeclassid, typename, vendorid, foldername, description, versionid, objectid, objectname, joinable) values ('DWH_MONITOR:b(build):LOG_SESSION_LOADER','DWH_MONITOR:b(build):DWH_MONITOR_','LOG_SESSION_LOADER','DWH_MONITOR','LOG_SESSION_LOADER','Session table of loaders','DWH_MONITOR:b(build)','DWH_MONITOR:b(build):LOG_SESSION_LOADER','LOG_SESSION_LOADER','');
insert into MeasurementKey (typeid, dataname, description, iselement, uniquekey) values ('DWH_MONITOR:b(build):LOG_SESSION_LOADER','LOADERSET_ID','Loader Set Identification',0,0);
insert into MeasurementKey (typeid, dataname, description, iselement, uniquekey) values ('DWH_MONITOR:b(build):LOG_SESSION_LOADER','SESSION_ID','Session Identification',0,0);
insert into MeasurementKey (typeid, dataname, description, iselement, uniquekey) values ('DWH_MONITOR:b(build):LOG_SESSION_LOADER','BATCH_ID','Batch identification',0,0);
insert into MeasurementKey (typeid, dataname, description, iselement, uniquekey) values ('DWH_MONITOR:b(build):LOG_SESSION_LOADER','DATE_ID','',0,0);
insert into MeasurementKey (typeid, dataname, description, iselement, uniquekey) values ('DWH_MONITOR:b(build):LOG_SESSION_LOADER','ROWSTATUS','',0,0);
insert into MeasurementCounter (typeid, dataname, description, timeaggregation, groupaggregation, countaggregation) values ('DWH_MONITOR:b(build):LOG_SESSION_LOADER','TIMELEVEL','Timelevel','NONE','NONE','');
insert into MeasurementCounter (typeid, dataname, description, timeaggregation, groupaggregation, countaggregation) values ('DWH_MONITOR:b(build):LOG_SESSION_LOADER','DATADATE','Data Date','NONE','NONE','');
insert into MeasurementCounter (typeid, dataname, description, timeaggregation, groupaggregation, countaggregation) values ('DWH_MONITOR:b(build):LOG_SESSION_LOADER','DATATIME','Data Time','NONE','NONE','');
insert into MeasurementCounter (typeid, dataname, description, timeaggregation, groupaggregation, countaggregation) values ('DWH_MONITOR:b(build):LOG_SESSION_LOADER','ROWCOUNT','Row Count','NONE','NONE','');
insert into MeasurementCounter (typeid, dataname, description, timeaggregation, groupaggregation, countaggregation) values ('DWH_MONITOR:b(build):LOG_SESSION_LOADER','SESSIONENDTIME','Session End Time','NONE','NONE','');
insert into MeasurementCounter (typeid, dataname, description, timeaggregation, groupaggregation, countaggregation) values ('DWH_MONITOR:b(build):LOG_SESSION_LOADER','SESSIONSTARTTIME','Session Start Time','NONE','NONE','');
insert into MeasurementCounter (typeid, dataname, description, timeaggregation, groupaggregation, countaggregation) values ('DWH_MONITOR:b(build):LOG_SESSION_LOADER','SOURCE','Source','NONE','NONE','');
insert into MeasurementCounter (typeid, dataname, description, timeaggregation, groupaggregation, countaggregation) values ('DWH_MONITOR:b(build):LOG_SESSION_LOADER','STATUS','Status','NONE','NONE','');
insert into MeasurementCounter (typeid, dataname, description, timeaggregation, groupaggregation, countaggregation) values ('DWH_MONITOR:b(build):LOG_SESSION_LOADER','TYPENAME','Typename','NONE','NONE','');
insert into MeasurementCounter (typeid, dataname, description, timeaggregation, groupaggregation, countaggregation) values ('DWH_MONITOR:b(build):LOG_SESSION_LOADER','FLAG','Flag','NONE','NONE','');
insert into MeasurementTable (mtableid, typeid, tablelevel, basetablename, partitionplan) values ('DWH_MONITOR:b(build):LOG_SESSION_LOADER:PLAIN','DWH_MONITOR:b(build):LOG_SESSION_LOADER','PLAIN','LOG_SESSION_LOADER','medium_plain');
insert into MeasurementColumn (mtableid, colnumber, dataname, datatype, datasize, datascale, uniquevalue, nullable, indexes, description, dataid, releaseid, uniquekey, includesql) values ('DWH_MONITOR:b(build):LOG_SESSION_LOADER:PLAIN',1,'LOADERSET_ID','unsigned int',0,0,255,1,'HG','Loader Set Identification','LOADERSET_ID','b(build)',0,1);
insert into MeasurementColumn (mtableid, colnumber, dataname, datatype, datasize, datascale, uniquevalue, nullable, indexes, description, dataid, releaseid, uniquekey, includesql) values ('DWH_MONITOR:b(build):LOG_SESSION_LOADER:PLAIN',2,'SESSION_ID','unsigned int',0,0,255,1,'HG','Session Identification','SESSION_ID','b(build)',0,1);
insert into MeasurementColumn (mtableid, colnumber, dataname, datatype, datasize, datascale, uniquevalue, nullable, indexes, description, dataid, releaseid, uniquekey, includesql) values ('DWH_MONITOR:b(build):LOG_SESSION_LOADER:PLAIN',3,'BATCH_ID','smallint',0,0,255,1,'HG','Batch identification','BATCH_ID','b(build)',0,1);
insert into MeasurementColumn (mtableid, colnumber, dataname, datatype, datasize, datascale, uniquevalue, nullable, indexes, description, dataid, releaseid, uniquekey, includesql) values ('DWH_MONITOR:b(build):LOG_SESSION_LOADER:PLAIN',4,'DATE_ID','date',0,0,255,1,'HG','','DATE_ID','b(build)',0,1);
insert into MeasurementColumn (mtableid, colnumber, dataname, datatype, datasize, datascale, uniquevalue, nullable, indexes, description, dataid, releaseid, uniquekey, includesql) values ('DWH_MONITOR:b(build):LOG_SESSION_LOADER:PLAIN',5,'ROWSTATUS','varchar',16,0,255,1,'LF','','ROWSTATUS','b(build)',0,1);
insert into MeasurementColumn (mtableid, colnumber, dataname, datatype, datasize, datascale, uniquevalue, nullable, indexes, description, dataid, releaseid, uniquekey, includesql) values ('DWH_MONITOR:b(build):LOG_SESSION_LOADER:PLAIN',101,'TIMELEVEL','varchar',10,0,255,1,'','Timelevel','TIMELEVEL','b(build)',0,1);
insert into MeasurementColumn (mtableid, colnumber, dataname, datatype, datasize, datascale, uniquevalue, nullable, indexes, description, dataid, releaseid, uniquekey, includesql) values ('DWH_MONITOR:b(build):LOG_SESSION_LOADER:PLAIN',102,'DATADATE','date',0,0,255,1,'','Data Date','DATADATE','b(build)',0,1);
insert into MeasurementColumn (mtableid, colnumber, dataname, datatype, datasize, datascale, uniquevalue, nullable, indexes, description, dataid, releaseid, uniquekey, includesql) values ('DWH_MONITOR:b(build):LOG_SESSION_LOADER:PLAIN',103,'DATATIME','datetime',0,0,255,1,'','Data Time','DATATIME','b(build)',0,1);
insert into MeasurementColumn (mtableid, colnumber, dataname, datatype, datasize, datascale, uniquevalue, nullable, indexes, description, dataid, releaseid, uniquekey, includesql) values ('DWH_MONITOR:b(build):LOG_SESSION_LOADER:PLAIN',104,'ROWCOUNT','unsigned int',0,0,255,1,'','Row Count','ROWCOUNT','b(build)',0,1);
insert into MeasurementColumn (mtableid, colnumber, dataname, datatype, datasize, datascale, uniquevalue, nullable, indexes, description, dataid, releaseid, uniquekey, includesql) values ('DWH_MONITOR:b(build):LOG_SESSION_LOADER:PLAIN',105,'SESSIONENDTIME','datetime',0,0,255,1,'','Session End Time','SESSIONENDTIME','b(build)',0,1);
insert into MeasurementColumn (mtableid, colnumber, dataname, datatype, datasize, datascale, uniquevalue, nullable, indexes, description, dataid, releaseid, uniquekey, includesql) values ('DWH_MONITOR:b(build):LOG_SESSION_LOADER:PLAIN',106,'SESSIONSTARTTIME','datetime',0,0,255,1,'','Session Start Time','SESSIONSTARTTIME','b(build)',0,1);
insert into MeasurementColumn (mtableid, colnumber, dataname, datatype, datasize, datascale, uniquevalue, nullable, indexes, description, dataid, releaseid, uniquekey, includesql) values ('DWH_MONITOR:b(build):LOG_SESSION_LOADER:PLAIN',107,'SOURCE','varchar',255,0,255,1,'','Source','SOURCE','b(build)',0,1);
insert into MeasurementColumn (mtableid, colnumber, dataname, datatype, datasize, datascale, uniquevalue, nullable, indexes, description, dataid, releaseid, uniquekey, includesql) values ('DWH_MONITOR:b(build):LOG_SESSION_LOADER:PLAIN',108,'STATUS','varchar',16,0,255,1,'','Status','STATUS','b(build)',0,1);
insert into MeasurementColumn (mtableid, colnumber, dataname, datatype, datasize, datascale, uniquevalue, nullable, indexes, description, dataid, releaseid, uniquekey, includesql) values ('DWH_MONITOR:b(build):LOG_SESSION_LOADER:PLAIN',109,'TYPENAME','varchar',50,0,255,1,'','Typename','TYPENAME','b(build)',0,1);
insert into MeasurementColumn (mtableid, colnumber, dataname, datatype, datasize, datascale, uniquevalue, nullable, indexes, description, dataid, releaseid, uniquekey, includesql) values ('DWH_MONITOR:b(build):LOG_SESSION_LOADER:PLAIN',110,'FLAG','tinyint',0,0,255,1,'','Flag','FLAG','b(build)',0,1);
insert into MeasurementType (typeid, typeclassid, typename, vendorid, foldername, description, versionid, objectid, objectname, joinable) values ('DWH_MONITOR:b(build):LOG_SESSION_AGGREGATOR','DWH_MONITOR:b(build):DWH_MONITOR_','LOG_SESSION_AGGREGATOR','DWH_MONITOR','LOG_SESSION_AGGREGATOR','Session table of aggregators','DWH_MONITOR:b(build)','DWH_MONITOR:b(build):LOG_SESSION_AGGREGATOR','LOG_SESSION_AGGREGATOR','');
insert into MeasurementKey (typeid, dataname, description, iselement, uniquekey) values ('DWH_MONITOR:b(build):LOG_SESSION_AGGREGATOR','AGGREGATORSET_ID','Aggregator Set Identification',0,0);
insert into MeasurementKey (typeid, dataname, description, iselement, uniquekey) values ('DWH_MONITOR:b(build):LOG_SESSION_AGGREGATOR','SESSION_ID','Session Identification',0,0);
insert into MeasurementKey (typeid, dataname, description, iselement, uniquekey) values ('DWH_MONITOR:b(build):LOG_SESSION_AGGREGATOR','BATCH_ID','Batch identification',0,0);
insert into MeasurementKey (typeid, dataname, description, iselement, uniquekey) values ('DWH_MONITOR:b(build):LOG_SESSION_AGGREGATOR','DATE_ID','',0,0);
insert into MeasurementKey (typeid, dataname, description, iselement, uniquekey) values ('DWH_MONITOR:b(build):LOG_SESSION_AGGREGATOR','ROWSTATUS','',0,0);
insert into MeasurementCounter (typeid, dataname, description, timeaggregation, groupaggregation, countaggregation) values ('DWH_MONITOR:b(build):LOG_SESSION_AGGREGATOR','TIMELEVEL','Timelevel','NONE','NONE','');
insert into MeasurementCounter (typeid, dataname, description, timeaggregation, groupaggregation, countaggregation) values ('DWH_MONITOR:b(build):LOG_SESSION_AGGREGATOR','DATADATE','Data Date','NONE','NONE','');
insert into MeasurementCounter (typeid, dataname, description, timeaggregation, groupaggregation, countaggregation) values ('DWH_MONITOR:b(build):LOG_SESSION_AGGREGATOR','DATATIME','Data Time','NONE','NONE','');
insert into MeasurementCounter (typeid, dataname, description, timeaggregation, groupaggregation, countaggregation) values ('DWH_MONITOR:b(build):LOG_SESSION_AGGREGATOR','ROWCOUNT','Row Count','NONE','NONE','');
insert into MeasurementCounter (typeid, dataname, description, timeaggregation, groupaggregation, countaggregation) values ('DWH_MONITOR:b(build):LOG_SESSION_AGGREGATOR','SESSIONENDTIME','Session End Time','NONE','NONE','');
insert into MeasurementCounter (typeid, dataname, description, timeaggregation, groupaggregation, countaggregation) values ('DWH_MONITOR:b(build):LOG_SESSION_AGGREGATOR','SESSIONSTARTTIME','Session Start Time','NONE','NONE','');
insert into MeasurementCounter (typeid, dataname, description, timeaggregation, groupaggregation, countaggregation) values ('DWH_MONITOR:b(build):LOG_SESSION_AGGREGATOR','SOURCE','Source','NONE','NONE','');
insert into MeasurementCounter (typeid, dataname, description, timeaggregation, groupaggregation, countaggregation) values ('DWH_MONITOR:b(build):LOG_SESSION_AGGREGATOR','STATUS','Status','NONE','NONE','');
insert into MeasurementCounter (typeid, dataname, description, timeaggregation, groupaggregation, countaggregation) values ('DWH_MONITOR:b(build):LOG_SESSION_AGGREGATOR','TYPENAME','Typename','NONE','NONE','');
insert into MeasurementCounter (typeid, dataname, description, timeaggregation, groupaggregation, countaggregation) values ('DWH_MONITOR:b(build):LOG_SESSION_AGGREGATOR','FLAG','Flag','NONE','NONE','');
insert into MeasurementTable (mtableid, typeid, tablelevel, basetablename, partitionplan) values ('DWH_MONITOR:b(build):LOG_SESSION_AGGREGATOR:PLAIN','DWH_MONITOR:b(build):LOG_SESSION_AGGREGATOR','PLAIN','LOG_SESSION_AGGREGATOR','medium_plain');
insert into MeasurementColumn (mtableid, colnumber, dataname, datatype, datasize, datascale, uniquevalue, nullable, indexes, description, dataid, releaseid, uniquekey, includesql) values ('DWH_MONITOR:b(build):LOG_SESSION_AGGREGATOR:PLAIN',1,'AGGREGATORSET_ID','unsigned int',0,0,255,1,'HG','Aggregator Set Identification','AGGREGATORSET_ID','b(build)',0,1);
insert into MeasurementColumn (mtableid, colnumber, dataname, datatype, datasize, datascale, uniquevalue, nullable, indexes, description, dataid, releaseid, uniquekey, includesql) values ('DWH_MONITOR:b(build):LOG_SESSION_AGGREGATOR:PLAIN',2,'SESSION_ID','unsigned int',0,0,255,1,'HG','Session Identification','SESSION_ID','b(build)',0,1);
insert into MeasurementColumn (mtableid, colnumber, dataname, datatype, datasize, datascale, uniquevalue, nullable, indexes, description, dataid, releaseid, uniquekey, includesql) values ('DWH_MONITOR:b(build):LOG_SESSION_AGGREGATOR:PLAIN',3,'BATCH_ID','smallint',0,0,255,1,'HG','Batch identification','BATCH_ID','b(build)',0,1);
insert into MeasurementColumn (mtableid, colnumber, dataname, datatype, datasize, datascale, uniquevalue, nullable, indexes, description, dataid, releaseid, uniquekey, includesql) values ('DWH_MONITOR:b(build):LOG_SESSION_AGGREGATOR:PLAIN',4,'DATE_ID','date',0,0,255,1,'HG','','DATE_ID','b(build)',0,1);
insert into MeasurementColumn (mtableid, colnumber, dataname, datatype, datasize, datascale, uniquevalue, nullable, indexes, description, dataid, releaseid, uniquekey, includesql) values ('DWH_MONITOR:b(build):LOG_SESSION_AGGREGATOR:PLAIN',5,'ROWSTATUS','varchar',16,0,255,1,'LF','','ROWSTATUS','b(build)',0,1);
insert into MeasurementColumn (mtableid, colnumber, dataname, datatype, datasize, datascale, uniquevalue, nullable, indexes, description, dataid, releaseid, uniquekey, includesql) values ('DWH_MONITOR:b(build):LOG_SESSION_AGGREGATOR:PLAIN',101,'TIMELEVEL','varchar',10,0,255,1,'','Timelevel','TIMELEVEL','b(build)',0,1);
insert into MeasurementColumn (mtableid, colnumber, dataname, datatype, datasize, datascale, uniquevalue, nullable, indexes, description, dataid, releaseid, uniquekey, includesql) values ('DWH_MONITOR:b(build):LOG_SESSION_AGGREGATOR:PLAIN',102,'DATADATE','date',0,0,255,1,'','Data Date','DATADATE','b(build)',0,1);
insert into MeasurementColumn (mtableid, colnumber, dataname, datatype, datasize, datascale, uniquevalue, nullable, indexes, description, dataid, releaseid, uniquekey, includesql) values ('DWH_MONITOR:b(build):LOG_SESSION_AGGREGATOR:PLAIN',103,'DATATIME','datetime',0,0,255,1,'','Data Time','DATATIME','b(build)',0,1);
insert into MeasurementColumn (mtableid, colnumber, dataname, datatype, datasize, datascale, uniquevalue, nullable, indexes, description, dataid, releaseid, uniquekey, includesql) values ('DWH_MONITOR:b(build):LOG_SESSION_AGGREGATOR:PLAIN',104,'ROWCOUNT','unsigned int',0,0,255,1,'','Row Count','ROWCOUNT','b(build)',0,1);
insert into MeasurementColumn (mtableid, colnumber, dataname, datatype, datasize, datascale, uniquevalue, nullable, indexes, description, dataid, releaseid, uniquekey, includesql) values ('DWH_MONITOR:b(build):LOG_SESSION_AGGREGATOR:PLAIN',105,'SESSIONENDTIME','datetime',0,0,255,1,'','Session End Time','SESSIONENDTIME','b(build)',0,1);
insert into MeasurementColumn (mtableid, colnumber, dataname, datatype, datasize, datascale, uniquevalue, nullable, indexes, description, dataid, releaseid, uniquekey, includesql) values ('DWH_MONITOR:b(build):LOG_SESSION_AGGREGATOR:PLAIN',106,'SESSIONSTARTTIME','datetime',0,0,255,1,'','Session Start Time','SESSIONSTARTTIME','b(build)',0,1);
insert into MeasurementColumn (mtableid, colnumber, dataname, datatype, datasize, datascale, uniquevalue, nullable, indexes, description, dataid, releaseid, uniquekey, includesql) values ('DWH_MONITOR:b(build):LOG_SESSION_AGGREGATOR:PLAIN',107,'SOURCE','varchar',255,0,255,1,'','Source','SOURCE','b(build)',0,1);
insert into MeasurementColumn (mtableid, colnumber, dataname, datatype, datasize, datascale, uniquevalue, nullable, indexes, description, dataid, releaseid, uniquekey, includesql) values ('DWH_MONITOR:b(build):LOG_SESSION_AGGREGATOR:PLAIN',108,'STATUS','varchar',16,0,255,1,'','Status','STATUS','b(build)',0,1);
insert into MeasurementColumn (mtableid, colnumber, dataname, datatype, datasize, datascale, uniquevalue, nullable, indexes, description, dataid, releaseid, uniquekey, includesql) values ('DWH_MONITOR:b(build):LOG_SESSION_AGGREGATOR:PLAIN',109,'TYPENAME','varchar',255,0,255,1,'','Typename','TYPENAME','b(build)',0,1);
insert into MeasurementColumn (mtableid, colnumber, dataname, datatype, datasize, datascale, uniquevalue, nullable, indexes, description, dataid, releaseid, uniquekey, includesql) values ('DWH_MONITOR:b(build):LOG_SESSION_AGGREGATOR:PLAIN',110,'FLAG','tinyint',0,0,255,1,'','Flag','FLAG','b(build)',0,1);
insert into MeasurementType (typeid, typeclassid, typename, vendorid, foldername, description, versionid, objectid, objectname, joinable) values ('DWH_MONITOR:b(build):LOG_LoadStatus','DWH_MONITOR:b(build):DWH_MONITOR_','LOG_LoadStatus','DWH_MONITOR','LOG_LoadStatus','Status table for data loading','DWH_MONITOR:b(build)','DWH_MONITOR:b(build):LOG_LoadStatus','LOG_LoadStatus','');
insert into MeasurementKey (typeid, dataname, description, iselement, uniquekey) values ('DWH_MONITOR:b(build):LOG_LoadStatus','TYPENAME','Loaded type name',0,0);
insert into MeasurementKey (typeid, dataname, description, iselement, uniquekey) values ('DWH_MONITOR:b(build):LOG_LoadStatus','TIMELEVEL','Timelevel of load',0,0);
insert into MeasurementKey (typeid, dataname, description, iselement, uniquekey) values ('DWH_MONITOR:b(build):LOG_LoadStatus','DATADATE','Date of load',0,0);
insert into MeasurementKey (typeid, dataname, description, iselement, uniquekey) values ('DWH_MONITOR:b(build):LOG_LoadStatus','DATATIME','Datetime of load',0,0);
insert into MeasurementKey (typeid, dataname, description, iselement, uniquekey) values ('DWH_MONITOR:b(build):LOG_LoadStatus','DATE_ID','',0,0);
insert into MeasurementKey (typeid, dataname, description, iselement, uniquekey) values ('DWH_MONITOR:b(build):LOG_LoadStatus','ROWSTATUS','',0,0);
insert into MeasurementCounter (typeid, dataname, description, timeaggregation, groupaggregation, countaggregation) values ('DWH_MONITOR:b(build):LOG_LoadStatus','ROWCOUNT','Row Count','NONE','NONE','');
insert into MeasurementCounter (typeid, dataname, description, timeaggregation, groupaggregation, countaggregation) values ('DWH_MONITOR:b(build):LOG_LoadStatus','SOURCECOUNT','Source Count','NONE','NONE','');
insert into MeasurementCounter (typeid, dataname, description, timeaggregation, groupaggregation, countaggregation) values ('DWH_MONITOR:b(build):LOG_LoadStatus','STATUS','Status','NONE','NONE','');
insert into MeasurementCounter (typeid, dataname, description, timeaggregation, groupaggregation, countaggregation) values ('DWH_MONITOR:b(build):LOG_LoadStatus','DESCRIPTION','Description','NONE','NONE','');
insert into MeasurementCounter (typeid, dataname, description, timeaggregation, groupaggregation, countaggregation) values ('DWH_MONITOR:b(build):LOG_LoadStatus','MODIFIED','Modified','NONE','NONE','');
insert into MeasurementTable (mtableid, typeid, tablelevel, basetablename, partitionplan) values ('DWH_MONITOR:b(build):LOG_LoadStatus:PLAIN','DWH_MONITOR:b(build):LOG_LoadStatus','PLAIN','LOG_LoadStatus','medium_plain');
insert into MeasurementColumn (mtableid, colnumber, dataname, datatype, datasize, datascale, uniquevalue, nullable, indexes, description, dataid, releaseid, uniquekey, includesql) values ('DWH_MONITOR:b(build):LOG_LoadStatus:PLAIN',1,'TYPENAME','varchar',50,0,255,1,'HG','Loaded type name','TYPENAME','b(build)',0,1);
insert into MeasurementColumn (mtableid, colnumber, dataname, datatype, datasize, datascale, uniquevalue, nullable, indexes, description, dataid, releaseid, uniquekey, includesql) values ('DWH_MONITOR:b(build):LOG_LoadStatus:PLAIN',2,'TIMELEVEL','varchar',10,0,255,1,'HG','Timelevel of load','TIMELEVEL','b(build)',0,1);
insert into MeasurementColumn (mtableid, colnumber, dataname, datatype, datasize, datascale, uniquevalue, nullable, indexes, description, dataid, releaseid, uniquekey, includesql) values ('DWH_MONITOR:b(build):LOG_LoadStatus:PLAIN',3,'DATADATE','date',0,0,255,1,'DATE','Date of load','DATADATE','b(build)',0,1);
insert into MeasurementColumn (mtableid, colnumber, dataname, datatype, datasize, datascale, uniquevalue, nullable, indexes, description, dataid, releaseid, uniquekey, includesql) values ('DWH_MONITOR:b(build):LOG_LoadStatus:PLAIN',4,'DATATIME','datetime',0,0,255,1,'DTTM','Datetime of load','DATATIME','b(build)',0,1);
insert into MeasurementColumn (mtableid, colnumber, dataname, datatype, datasize, datascale, uniquevalue, nullable, indexes, description, dataid, releaseid, uniquekey, includesql) values ('DWH_MONITOR:b(build):LOG_LoadStatus:PLAIN',5,'DATE_ID','date',0,0,255,1,'HG','','DATE_ID','b(build)',0,1);
insert into MeasurementColumn (mtableid, colnumber, dataname, datatype, datasize, datascale, uniquevalue, nullable, indexes, description, dataid, releaseid, uniquekey, includesql) values ('DWH_MONITOR:b(build):LOG_LoadStatus:PLAIN',6,'ROWSTATUS','varchar',16,0,255,1,'LF','','ROWSTATUS','b(build)',0,1);
insert into MeasurementColumn (mtableid, colnumber, dataname, datatype, datasize, datascale, uniquevalue, nullable, indexes, description, dataid, releaseid, uniquekey, includesql) values ('DWH_MONITOR:b(build):LOG_LoadStatus:PLAIN',101,'ROWCOUNT','unsigned int',0,0,255,1,'','Row Count','ROWCOUNT','b(build)',0,1);
insert into MeasurementColumn (mtableid, colnumber, dataname, datatype, datasize, datascale, uniquevalue, nullable, indexes, description, dataid, releaseid, uniquekey, includesql) values ('DWH_MONITOR:b(build):LOG_LoadStatus:PLAIN',102,'SOURCECOUNT','unsigned int',0,0,255,1,'','Source Count','SOURCECOUNT','b(build)',0,1);
insert into MeasurementColumn (mtableid, colnumber, dataname, datatype, datasize, datascale, uniquevalue, nullable, indexes, description, dataid, releaseid, uniquekey, includesql) values ('DWH_MONITOR:b(build):LOG_LoadStatus:PLAIN',103,'STATUS','varchar',16,0,255,1,'','Status','STATUS','b(build)',0,1);
insert into MeasurementColumn (mtableid, colnumber, dataname, datatype, datasize, datascale, uniquevalue, nullable, indexes, description, dataid, releaseid, uniquekey, includesql) values ('DWH_MONITOR:b(build):LOG_LoadStatus:PLAIN',104,'DESCRIPTION','varchar',250,0,255,1,'','Description','DESCRIPTION','b(build)',0,1);
insert into MeasurementColumn (mtableid, colnumber, dataname, datatype, datasize, datascale, uniquevalue, nullable, indexes, description, dataid, releaseid, uniquekey, includesql) values ('DWH_MONITOR:b(build):LOG_LoadStatus:PLAIN',105,'MODIFIED','datetime',0,0,255,1,'','Modified','MODIFIED','b(build)',0,1);
insert into MeasurementType (typeid, typeclassid, typename, vendorid, foldername, description, versionid, objectid, objectname, joinable) values ('DWH_MONITOR:b(build):LOG_AggregationStatus','DWH_MONITOR:b(build):DWH_MONITOR_','LOG_AggregationStatus','DWH_MONITOR','LOG_AggregationStatus','Status table for aggregations','DWH_MONITOR:b(build)','DWH_MONITOR:b(build):LOG_AggregationStatus','LOG_AggregationStatus','');
insert into MeasurementKey (typeid, dataname, description, iselement, uniquekey) values ('DWH_MONITOR:b(build):LOG_AggregationStatus','AGGREGATION','Aggregation name',0,0);
insert into MeasurementKey (typeid, dataname, description, iselement, uniquekey) values ('DWH_MONITOR:b(build):LOG_AggregationStatus','TYPENAME','Typename',0,0);
insert into MeasurementKey (typeid, dataname, description, iselement, uniquekey) values ('DWH_MONITOR:b(build):LOG_AggregationStatus','TIMELEVEL','Timelevel of aggregation',0,0);
insert into MeasurementKey (typeid, dataname, description, iselement, uniquekey) values ('DWH_MONITOR:b(build):LOG_AggregationStatus','DATADATE','Date of data',0,0);
insert into MeasurementKey (typeid, dataname, description, iselement, uniquekey) values ('DWH_MONITOR:b(build):LOG_AggregationStatus','DATE_ID','',0,0);
insert into MeasurementCounter (typeid, dataname, description, timeaggregation, groupaggregation, countaggregation) values ('DWH_MONITOR:b(build):LOG_AggregationStatus','INITIAL_AGGREGATION','Initial Aggregation','NONE','NONE','');
insert into MeasurementCounter (typeid, dataname, description, timeaggregation, groupaggregation, countaggregation) values ('DWH_MONITOR:b(build):LOG_AggregationStatus','STATUS','Status','NONE','NONE','');
insert into MeasurementCounter (typeid, dataname, description, timeaggregation, groupaggregation, countaggregation) values ('DWH_MONITOR:b(build):LOG_AggregationStatus','DESCRIPTION','Description','NONE','NONE','');
insert into MeasurementCounter (typeid, dataname, description, timeaggregation, groupaggregation, countaggregation) values ('DWH_MONITOR:b(build):LOG_AggregationStatus','ROWCOUNT','Row Count','NONE','NONE','');
insert into MeasurementCounter (typeid, dataname, description, timeaggregation, groupaggregation, countaggregation) values ('DWH_MONITOR:b(build):LOG_AggregationStatus','AGGREGATIONSCOPE','Aggregation Scope','NONE','NONE','');
insert into MeasurementCounter (typeid, dataname, description, timeaggregation, groupaggregation, countaggregation) values ('DWH_MONITOR:b(build):LOG_AggregationStatus','LAST_AGGREGATION','Last Aggregation','NONE','NONE','');
insert into MeasurementCounter (typeid, dataname, description, timeaggregation, groupaggregation, countaggregation) values ('DWH_MONITOR:b(build):LOG_AggregationStatus','LOOPCOUNT','Aggregation loop count','NONE','NONE','');
insert into MeasurementTable (mtableid, typeid, tablelevel, basetablename, partitionplan) values ('DWH_MONITOR:b(build):LOG_AggregationStatus:PLAIN','DWH_MONITOR:b(build):LOG_AggregationStatus','PLAIN','LOG_AggregationStatus','medium_plain');
insert into MeasurementColumn (mtableid, colnumber, dataname, datatype, datasize, datascale, uniquevalue, nullable, indexes, description, dataid, releaseid, uniquekey, includesql) values ('DWH_MONITOR:b(build):LOG_AggregationStatus:PLAIN',1,'AGGREGATION','varchar',50,0,255,1,'HG','Aggregation name','AGGREGATION','b(build)',0,1);
insert into MeasurementColumn (mtableid, colnumber, dataname, datatype, datasize, datascale, uniquevalue, nullable, indexes, description, dataid, releaseid, uniquekey, includesql) values ('DWH_MONITOR:b(build):LOG_AggregationStatus:PLAIN',2,'TYPENAME','varchar',50,0,255,1,'HG','Typename','TYPENAME','b(build)',0,1);
insert into MeasurementColumn (mtableid, colnumber, dataname, datatype, datasize, datascale, uniquevalue, nullable, indexes, description, dataid, releaseid, uniquekey, includesql) values ('DWH_MONITOR:b(build):LOG_AggregationStatus:PLAIN',3,'TIMELEVEL','varchar',10,0,255,1,'HG','Timelevel of aggregation','TIMELEVEL','b(build)',0,1);
insert into MeasurementColumn (mtableid, colnumber, dataname, datatype, datasize, datascale, uniquevalue, nullable, indexes, description, dataid, releaseid, uniquekey, includesql) values ('DWH_MONITOR:b(build):LOG_AggregationStatus:PLAIN',4,'DATADATE','date',0,0,255,1,'DATE','Date of data','DATADATE','b(build)',0,1);
insert into MeasurementColumn (mtableid, colnumber, dataname, datatype, datasize, datascale, uniquevalue, nullable, indexes, description, dataid, releaseid, uniquekey, includesql) values ('DWH_MONITOR:b(build):LOG_AggregationStatus:PLAIN',5,'DATE_ID','date',0,0,255,1,'HG','','DATE_ID','b(build)',0,1);
insert into MeasurementColumn (mtableid, colnumber, dataname, datatype, datasize, datascale, uniquevalue, nullable, indexes, description, dataid, releaseid, uniquekey, includesql) values ('DWH_MONITOR:b(build):LOG_AggregationStatus:PLAIN',101,'INITIAL_AGGREGATION','datetime',0,0,255,1,'','Initial Aggregation','INITIAL_AGGREGATION','b(build)',0,1);
insert into MeasurementColumn (mtableid, colnumber, dataname, datatype, datasize, datascale, uniquevalue, nullable, indexes, description, dataid, releaseid, uniquekey, includesql) values ('DWH_MONITOR:b(build):LOG_AggregationStatus:PLAIN',102,'STATUS','varchar',16,0,255,1,'','Status','STATUS','b(build)',0,1);
insert into MeasurementColumn (mtableid, colnumber, dataname, datatype, datasize, datascale, uniquevalue, nullable, indexes, description, dataid, releaseid, uniquekey, includesql) values ('DWH_MONITOR:b(build):LOG_AggregationStatus:PLAIN',103,'DESCRIPTION','varchar',250,0,255,1,'','Description','DESCRIPTION','b(build)',0,1);
insert into MeasurementColumn (mtableid, colnumber, dataname, datatype, datasize, datascale, uniquevalue, nullable, indexes, description, dataid, releaseid, uniquekey, includesql) values ('DWH_MONITOR:b(build):LOG_AggregationStatus:PLAIN',104,'ROWCOUNT','unsigned int',0,0,255,1,'','Row Count','ROWCOUNT','b(build)',0,1);
insert into MeasurementColumn (mtableid, colnumber, dataname, datatype, datasize, datascale, uniquevalue, nullable, indexes, description, dataid, releaseid, uniquekey, includesql) values ('DWH_MONITOR:b(build):LOG_AggregationStatus:PLAIN',105,'AGGREGATIONSCOPE','varchar',50,0,255,1,'','Aggregation Scope','AGGREGATIONSCOPE','b(build)',0,1);
insert into MeasurementColumn (mtableid, colnumber, dataname, datatype, datasize, datascale, uniquevalue, nullable, indexes, description, dataid, releaseid, uniquekey, includesql) values ('DWH_MONITOR:b(build):LOG_AggregationStatus:PLAIN',106,'LAST_AGGREGATION','datetime',0,0,255,1,'','Last Aggregation','LAST_AGGREGATION','b(build)',0,1);
insert into MeasurementColumn (mtableid, colnumber, dataname, datatype, datasize, datascale, uniquevalue, nullable, indexes, description, dataid, releaseid, uniquekey, includesql) values ('DWH_MONITOR:b(build):LOG_AggregationStatus:PLAIN',107,'LOOPCOUNT','unsigned int',0,0,255,1,'','Aggregation loop count','LOOPCOUNT','b(build)',0,1);

insert into ReferenceTable (typeid, typename, versionid, description, objectid, objectname, update_policy) values ('DWH_MONITOR:b(build):LOG_MonitoredTypes','LOG_MonitoredTypes','DWH_MONITOR:b(build)','Monitored Types','DWH_MONITOR:b(build):LOG_MonitoredTypes','LOG_MonitoredTypes',1);
insert into ReferenceTable (typeid, typename, versionid, description, objectid, objectname, update_policy) values ('DWH_MONITOR:b(build):LOG_tablesizes','LOG_tablesizes','DWH_MONITOR:b(build)','Table sizes','DWH_MONITOR:b(build):LOG_tablesizes','LOG_tablesizes',1);
insert into ReferenceTable (typeid, typename, versionid, description, objectid, objectname, update_policy) values ('DWH_MONITOR:b(build):LOG_Aggregations','LOG_Aggregations','DWH_MONITOR:b(build)','Aggregations','DWH_MONITOR:b(build):LOG_Aggregations','LOG_Aggregations',1);
insert into ReferenceTable (typeid, typename, versionid, description, objectid, objectname, update_policy) values ('DWH_MONITOR:b(build):LOG_AggregationRules','LOG_AggregationRules','DWH_MONITOR:b(build)','Aggregation rules','DWH_MONITOR:b(build):LOG_AggregationRules','LOG_AggregationRules',1);
insert into ReferenceTable (typeid, typename, versionid, description, objectid, objectname, update_policy) values ('DWH_MONITOR:b(build):LOG_MonitoringRules','LOG_MonitoringRules','DWH_MONITOR:b(build)','Monitoring rules','DWH_MONITOR:b(build):LOG_MonitoringRules','LOG_MonitoringRules',1);
insert into ReferenceColumn (typeid, colnumber, dataname, datatype, datasize, datascale, uniquevalue, nullable, indexes, uniquekey, includesql, includeupd) values ('DWH_MONITOR:b(build):LOG_MonitoredTypes',1,'TYPENAME','varchar',50,0,255,1,'HG',0,1,1);
insert into ReferenceColumn (typeid, colnumber, dataname, datatype, datasize, datascale, uniquevalue, nullable, indexes, uniquekey, includesql, includeupd) values ('DWH_MONITOR:b(build):LOG_MonitoredTypes',2,'TIMELEVEL','varchar',10,0,255,1,'HG',0,1,1);
insert into ReferenceColumn (typeid, colnumber, dataname, datatype, datasize, datascale, uniquevalue, nullable, indexes, uniquekey, includesql, includeupd) values ('DWH_MONITOR:b(build):LOG_MonitoredTypes',3,'STATUS','varchar',16,0,255,1,'HG',0,1,1);
insert into ReferenceColumn (typeid, colnumber, dataname, datatype, datasize, datascale, uniquevalue, nullable, indexes, uniquekey, includesql, includeupd) values ('DWH_MONITOR:b(build):LOG_MonitoredTypes',4,'MODIFIED','datetime',0,0,255,1,'HG',0,1,1);
insert into ReferenceColumn (typeid, colnumber, dataname, datatype, datasize, datascale, uniquevalue, nullable, indexes, uniquekey, includesql, includeupd) values ('DWH_MONITOR:b(build):LOG_MonitoredTypes',5,'ACTIVATIONDAY','date',0,0,255,1,'HG',0,1,1);
insert into ReferenceColumn (typeid, colnumber, dataname, datatype, datasize, datascale, uniquevalue, nullable, indexes, uniquekey, includesql, includeupd) values ('DWH_MONITOR:b(build):LOG_MonitoredTypes',6,'TECHPACK_NAME','varchar',30,0,255,1,'HG',0,1,1);
insert into ReferenceColumn (typeid, colnumber, dataname, datatype, datasize, datascale, uniquevalue, nullable, indexes, uniquekey, includesql, includeupd) values ('DWH_MONITOR:b(build):LOG_tablesizes',1,'OWNERNAME','varchar',128,0,255,1,'HG',0,1,1);
insert into ReferenceColumn (typeid, colnumber, dataname, datatype, datasize, datascale, uniquevalue, nullable, indexes, uniquekey, includesql, includeupd) values ('DWH_MONITOR:b(build):LOG_tablesizes',2,'TABLENAME','varchar',128,0,255,1,'HG',0,1,1);
insert into ReferenceColumn (typeid, colnumber, dataname, datatype, datasize, datascale, uniquevalue, nullable, indexes, uniquekey, includesql, includeupd) values ('DWH_MONITOR:b(build):LOG_tablesizes',3,'COLUMNS','int',0,0,255,1,'HG',0,1,1);
insert into ReferenceColumn (typeid, colnumber, dataname, datatype, datasize, datascale, uniquevalue, nullable, indexes, uniquekey, includesql, includeupd) values ('DWH_MONITOR:b(build):LOG_tablesizes',4,'KBYTES','int',0,0,255,1,'HG',0,1,1);
insert into ReferenceColumn (typeid, colnumber, dataname, datatype, datasize, datascale, uniquevalue, nullable, indexes, uniquekey, includesql, includeupd) values ('DWH_MONITOR:b(build):LOG_tablesizes',5,'PAGES','int',0,0,255,1,'HG',0,1,1);
insert into ReferenceColumn (typeid, colnumber, dataname, datatype, datasize, datascale, uniquevalue, nullable, indexes, uniquekey, includesql, includeupd) values ('DWH_MONITOR:b(build):LOG_tablesizes',6,'COMPRESSEDPAGES','int',0,0,255,1,'HG',0,1,1);
insert into ReferenceColumn (typeid, colnumber, dataname, datatype, datasize, datascale, uniquevalue, nullable, indexes, uniquekey, includesql, includeupd) values ('DWH_MONITOR:b(build):LOG_tablesizes',7,'NBLOCKS','int',0,0,255,1,'HG',0,1,1);
insert into ReferenceColumn (typeid, colnumber, dataname, datatype, datasize, datascale, uniquevalue, nullable, indexes, uniquekey, includesql, includeupd) values ('DWH_MONITOR:b(build):LOG_tablesizes',8,'ROWS','unsigned int',0,0,255,1,'HG',0,1,1);
insert into ReferenceColumn (typeid, colnumber, dataname, datatype, datasize, datascale, uniquevalue, nullable, indexes, uniquekey, includesql, includeupd) values ('DWH_MONITOR:b(build):LOG_tablesizes',9,'MINDATE','date',0,0,255,1,'HG',0,1,1);
insert into ReferenceColumn (typeid, colnumber, dataname, datatype, datasize, datascale, uniquevalue, nullable, indexes, uniquekey, includesql, includeupd) values ('DWH_MONITOR:b(build):LOG_tablesizes',10,'MAXDATE','date',0,0,255,1,'HG',0,1,1);
insert into ReferenceColumn (typeid, colnumber, dataname, datatype, datasize, datascale, uniquevalue, nullable, indexes, uniquekey, includesql, includeupd) values ('DWH_MONITOR:b(build):LOG_tablesizes',11,'UPDATED','datetime',0,0,255,1,'HG',0,1,1);
insert into ReferenceColumn (typeid, colnumber, dataname, datatype, datasize, datascale, uniquevalue, nullable, indexes, uniquekey, includesql, includeupd) values ('DWH_MONITOR:b(build):LOG_Aggregations',1,'AGGREGATION','varchar',50,0,255,1,'HG',0,1,1);
insert into ReferenceColumn (typeid, colnumber, dataname, datatype, datasize, datascale, uniquevalue, nullable, indexes, uniquekey, includesql, includeupd) values ('DWH_MONITOR:b(build):LOG_Aggregations',2,'VERSIONID','varchar',50,0,255,1,'HG',0,1,1);
insert into ReferenceColumn (typeid, colnumber, dataname, datatype, datasize, datascale, uniquevalue, nullable, indexes, uniquekey, includesql, includeupd) values ('DWH_MONITOR:b(build):LOG_Aggregations',3,'AGGREGATIONSET','varchar',100,0,255,1,'HG',0,1,1);
insert into ReferenceColumn (typeid, colnumber, dataname, datatype, datasize, datascale, uniquevalue, nullable, indexes, uniquekey, includesql, includeupd) values ('DWH_MONITOR:b(build):LOG_Aggregations',4,'AGGREGATIONGROUP','varchar',100,0,255,1,'HG',0,1,1);
insert into ReferenceColumn (typeid, colnumber, dataname, datatype, datasize, datascale, uniquevalue, nullable, indexes, uniquekey, includesql, includeupd) values ('DWH_MONITOR:b(build):LOG_Aggregations',5,'REAGGREGATIONSET','varchar',100,0,255,1,'HG',0,1,1);
insert into ReferenceColumn (typeid, colnumber, dataname, datatype, datasize, datascale, uniquevalue, nullable, indexes, uniquekey, includesql, includeupd) values ('DWH_MONITOR:b(build):LOG_Aggregations',6,'REAGGREGATIONGROUP','varchar',100,0,255,1,'HG',0,1,1);
insert into ReferenceColumn (typeid, colnumber, dataname, datatype, datasize, datascale, uniquevalue, nullable, indexes, uniquekey, includesql, includeupd) values ('DWH_MONITOR:b(build):LOG_Aggregations',7,'GROUPORDER','int',0,0,255,1,'HG',0,1,1);
insert into ReferenceColumn (typeid, colnumber, dataname, datatype, datasize, datascale, uniquevalue, nullable, indexes, uniquekey, includesql, includeupd) values ('DWH_MONITOR:b(build):LOG_Aggregations',8,'AGGREGATIONORDER','int',0,0,255,1,'HG',0,1,1);
insert into ReferenceColumn (typeid, colnumber, dataname, datatype, datasize, datascale, uniquevalue, nullable, indexes, uniquekey, includesql, includeupd) values ('DWH_MONITOR:b(build):LOG_Aggregations',9,'AGGREGATIONTYPE','varchar',50,0,255,1,'HG',0,1,1);
insert into ReferenceColumn (typeid, colnumber, dataname, datatype, datasize, datascale, uniquevalue, nullable, indexes, uniquekey, includesql, includeupd) values ('DWH_MONITOR:b(build):LOG_Aggregations',10,'AGGREGATIONSCOPE','varchar',50,0,255,1,'HG',0,1,1);
insert into ReferenceColumn (typeid, colnumber, dataname, datatype, datasize, datascale, uniquevalue, nullable, indexes, uniquekey, includesql, includeupd) values ('DWH_MONITOR:b(build):LOG_Aggregations',11,'STATUS','varchar',16,0,255,1,'HG',0,1,1);
insert into ReferenceColumn (typeid, colnumber, dataname, datatype, datasize, datascale, uniquevalue, nullable, indexes, uniquekey, includesql, includeupd) values ('DWH_MONITOR:b(build):LOG_Aggregations',12,'MODIFIED','datetime',0,0,255,1,'HG',0,1,1);
insert into ReferenceColumn (typeid, colnumber, dataname, datatype, datasize, datascale, uniquevalue, nullable, indexes, uniquekey, includesql, includeupd) values ('DWH_MONITOR:b(build):LOG_AggregationRules',1,'AGGREGATION','varchar',50,0,255,1,'HG',0,1,1);
insert into ReferenceColumn (typeid, colnumber, dataname, datatype, datasize, datascale, uniquevalue, nullable, indexes, uniquekey, includesql, includeupd) values ('DWH_MONITOR:b(build):LOG_AggregationRules',2,'RULEID','int',0,0,255,1,'HG',0,1,1);
insert into ReferenceColumn (typeid, colnumber, dataname, datatype, datasize, datascale, uniquevalue, nullable, indexes, uniquekey, includesql, includeupd) values ('DWH_MONITOR:b(build):LOG_AggregationRules',3,'TARGET_TYPE','varchar',50,0,255,1,'HG',0,1,1);
insert into ReferenceColumn (typeid, colnumber, dataname, datatype, datasize, datascale, uniquevalue, nullable, indexes, uniquekey, includesql, includeupd) values ('DWH_MONITOR:b(build):LOG_AggregationRules',4,'TARGET_LEVEL','varchar',50,0,255,1,'HG',0,1,1);
insert into ReferenceColumn (typeid, colnumber, dataname, datatype, datasize, datascale, uniquevalue, nullable, indexes, uniquekey, includesql, includeupd) values ('DWH_MONITOR:b(build):LOG_AggregationRules',5,'TARGET_TABLE','varchar',50,0,255,1,'HG',0,1,1);
insert into ReferenceColumn (typeid, colnumber, dataname, datatype, datasize, datascale, uniquevalue, nullable, indexes, uniquekey, includesql, includeupd) values ('DWH_MONITOR:b(build):LOG_AggregationRules',6,'SOURCE_TYPE','varchar',50,0,255,1,'HG',0,1,1);
insert into ReferenceColumn (typeid, colnumber, dataname, datatype, datasize, datascale, uniquevalue, nullable, indexes, uniquekey, includesql, includeupd) values ('DWH_MONITOR:b(build):LOG_AggregationRules',7,'SOURCE_LEVEL','varchar',50,0,255,1,'HG',0,1,1);
insert into ReferenceColumn (typeid, colnumber, dataname, datatype, datasize, datascale, uniquevalue, nullable, indexes, uniquekey, includesql, includeupd) values ('DWH_MONITOR:b(build):LOG_AggregationRules',8,'SOURCE_TABLE','varchar',50,0,255,1,'HG',0,1,1);
insert into ReferenceColumn (typeid, colnumber, dataname, datatype, datasize, datascale, uniquevalue, nullable, indexes, uniquekey, includesql, includeupd) values ('DWH_MONITOR:b(build):LOG_AggregationRules',9,'RULETYPE','varchar',50,0,255,1,'HG',0,1,1);
insert into ReferenceColumn (typeid, colnumber, dataname, datatype, datasize, datascale, uniquevalue, nullable, indexes, uniquekey, includesql, includeupd) values ('DWH_MONITOR:b(build):LOG_AggregationRules',10,'AGGREGATIONSCOPE','varchar',50,0,255,1,'HG',0,1,1);
insert into ReferenceColumn (typeid, colnumber, dataname, datatype, datasize, datascale, uniquevalue, nullable, indexes, uniquekey, includesql, includeupd) values ('DWH_MONITOR:b(build):LOG_AggregationRules',11,'STATUS','varchar',50,0,255,1,'HG',0,1,1);
insert into ReferenceColumn (typeid, colnumber, dataname, datatype, datasize, datascale, uniquevalue, nullable, indexes, uniquekey, includesql, includeupd) values ('DWH_MONITOR:b(build):LOG_AggregationRules',12,'MODIFIED','datetime',0,0,255,1,'HG',0,1,1);
insert into ReferenceColumn (typeid, colnumber, dataname, datatype, datasize, datascale, uniquevalue, nullable, indexes, uniquekey, includesql, includeupd) values ('DWH_MONITOR:b(build):LOG_AggregationRules',13,'BHTYPE','varchar',50,0,255,1,'HG',0,1,1);
insert into ReferenceColumn (typeid, colnumber, dataname, datatype, datasize, datascale, uniquevalue, nullable, indexes, uniquekey, includesql, includeupd) values ('DWH_MONITOR:b(build):LOG_MonitoringRules',1,'TYPENAME','varchar',50,0,255,1,'HG',0,1,1);
insert into ReferenceColumn (typeid, colnumber, dataname, datatype, datasize, datascale, uniquevalue, nullable, indexes, uniquekey, includesql, includeupd) values ('DWH_MONITOR:b(build):LOG_MonitoringRules',2,'TIMELEVEL','varchar',50,0,255,1,'HG',0,1,1);
insert into ReferenceColumn (typeid, colnumber, dataname, datatype, datasize, datascale, uniquevalue, nullable, indexes, uniquekey, includesql, includeupd) values ('DWH_MONITOR:b(build):LOG_MonitoringRules',3,'RULENAME','varchar',50,0,255,1,'HG',0,1,1);
insert into ReferenceColumn (typeid, colnumber, dataname, datatype, datasize, datascale, uniquevalue, nullable, indexes, uniquekey, includesql, includeupd) values ('DWH_MONITOR:b(build):LOG_MonitoringRules',4,'THRESHOLD','int',0,0,255,1,'HG',0,1,1);
insert into ReferenceColumn (typeid, colnumber, dataname, datatype, datasize, datascale, uniquevalue, nullable, indexes, uniquekey, includesql, includeupd) values ('DWH_MONITOR:b(build):LOG_MonitoringRules',5,'STATUS','varchar',16,0,255,1,'HG',0,1,1);
insert into ReferenceColumn (typeid, colnumber, dataname, datatype, datasize, datascale, uniquevalue, nullable, indexes, uniquekey, includesql, includeupd) values ('DWH_MONITOR:b(build):LOG_MonitoringRules',6,'MODIFIED','datetime',0,0,255,1,'HG',0,1,1);
insert into ReferenceColumn (typeid, colnumber, dataname, datatype, datasize, datascale, uniquevalue, nullable, indexes, uniquekey, includesql, includeupd) values ('DWH_MONITOR:b(build):LOG_MonitoringRules',7,'TECHPACK_NAME','varchar',30,0,255,1,'HG',0,1,1);


insert into DataFormat ( dataformatid, typeid, versionid, objecttype, foldername, dataformattype) values ('DWH_MONITOR:b(build):LOG_SESSION_ADAPTER:Std','DWH_MONITOR:b(build):LOG_SESSION_ADAPTER','DWH_MONITOR:b(build)','Measurement','LOG_SESSION_ADAPTER','Std');
insert into DataFormat ( dataformatid, typeid, versionid, objecttype, foldername, dataformattype) values ('DWH_MONITOR:b(build):LOG_SESSION_LOADER:Std','DWH_MONITOR:b(build):LOG_SESSION_LOADER','DWH_MONITOR:b(build)','Measurement','LOG_SESSION_LOADER','Std');
insert into DataFormat ( dataformatid, typeid, versionid, objecttype, foldername, dataformattype) values ('DWH_MONITOR:b(build):LOG_SESSION_AGGREGATOR:Std','DWH_MONITOR:b(build):LOG_SESSION_AGGREGATOR','DWH_MONITOR:b(build)','Measurement','LOG_SESSION_AGGREGATOR','Std');
insert into DataFormat ( dataformatid, typeid, versionid, objecttype, foldername, dataformattype) values ('DWH_MONITOR:b(build):LOG_LoadStatus:Std','DWH_MONITOR:b(build):LOG_LoadStatus','DWH_MONITOR:b(build)','Measurement','LOG_LoadStatus','Std');
insert into DataFormat ( dataformatid, typeid, versionid, objecttype, foldername, dataformattype) values ('DWH_MONITOR:b(build):LOG_AggregationStatus:Std','DWH_MONITOR:b(build):LOG_AggregationStatus','DWH_MONITOR:b(build)','Measurement','LOG_AggregationStatus','Std');

insert into DefaultTags (tagid, dataformatid, description) values ('LOG_SESSION_ADAPTER','DWH_MONITOR:b(build):LOG_SESSION_ADAPTER:Std','Default tags for LOG_SESSION_ADAPTER in DWH_MONITOR:b(build) with format Std.');
insert into DefaultTags (tagid, dataformatid, description) values ('LOG_SESSION_LOADER','DWH_MONITOR:b(build):LOG_SESSION_LOADER:Std','Default tags for LOG_SESSION_LOADER in DWH_MONITOR:b(build) with format Std.');
insert into DefaultTags (tagid, dataformatid, description) values ('LOG_SESSION_AGGREGATOR','DWH_MONITOR:b(build):LOG_SESSION_AGGREGATOR:Std','Default tags for LOG_SESSION_AGGREGATOR in DWH_MONITOR:b(build) with format Std.');
insert into DefaultTags (tagid, dataformatid, description) values ('LOG_LoadStatus','DWH_MONITOR:b(build):LOG_LoadStatus:Std','Default tags for LOG_LoadStatus in DWH_MONITOR:b(build) with format Std.');
insert into DefaultTags (tagid, dataformatid, description) values ('LOG_AggregationStatus','DWH_MONITOR:b(build):LOG_AggregationStatus:Std','Default tags for LOG_AggregationStatus in DWH_MONITOR:b(build) with format Std.');

insert into DataItem (dataformatid, dataname, colnumber, dataid, process_instruction) values ('DWH_MONITOR:b(build):LOG_SESSION_ADAPTER:Std','SESSION_ID',1,'SESSION_ID','');
insert into DataItem (dataformatid, dataname, colnumber, dataid, process_instruction) values ('DWH_MONITOR:b(build):LOG_SESSION_ADAPTER:Std','BATCH_ID',2,'BATCH_ID','');
insert into DataItem (dataformatid, dataname, colnumber, dataid, process_instruction) values ('DWH_MONITOR:b(build):LOG_SESSION_ADAPTER:Std','DATE_ID',3,'DATE_ID','');
insert into DataItem (dataformatid, dataname, colnumber, dataid, process_instruction) values ('DWH_MONITOR:b(build):LOG_SESSION_ADAPTER:Std','ROWSTATUS',4,'ROWSTATUS','');
insert into DataItem (dataformatid, dataname, colnumber, dataid, process_instruction) values ('DWH_MONITOR:b(build):LOG_SESSION_ADAPTER:Std','FILENAME',101,'FILENAME','');
insert into DataItem (dataformatid, dataname, colnumber, dataid, process_instruction) values ('DWH_MONITOR:b(build):LOG_SESSION_ADAPTER:Std','SESSIONENDTIME',102,'SESSIONENDTIME','');
insert into DataItem (dataformatid, dataname, colnumber, dataid, process_instruction) values ('DWH_MONITOR:b(build):LOG_SESSION_ADAPTER:Std','SESSIONSTARTTIME',103,'SESSIONSTARTTIME','');
insert into DataItem (dataformatid, dataname, colnumber, dataid, process_instruction) values ('DWH_MONITOR:b(build):LOG_SESSION_ADAPTER:Std','SOURCE',104,'SOURCE','');
insert into DataItem (dataformatid, dataname, colnumber, dataid, process_instruction) values ('DWH_MONITOR:b(build):LOG_SESSION_ADAPTER:Std','STATUS',105,'STATUS','');
insert into DataItem (dataformatid, dataname, colnumber, dataid, process_instruction) values ('DWH_MONITOR:b(build):LOG_SESSION_ADAPTER:Std','SOURCEFILE_MODTIME',106,'SOURCEFILE_MODTIME','');
insert into DataItem (dataformatid, dataname, colnumber, dataid, process_instruction) values ('DWH_MONITOR:b(build):LOG_SESSION_ADAPTER:Std','FLAG',107,'FLAG','');
insert into DataItem (dataformatid, dataname, colnumber, dataid, process_instruction) values ('DWH_MONITOR:b(build):LOG_SESSION_LOADER:Std','LOADERSET_ID',1,'LOADERSET_ID','');
insert into DataItem (dataformatid, dataname, colnumber, dataid, process_instruction) values ('DWH_MONITOR:b(build):LOG_SESSION_LOADER:Std','SESSION_ID',2,'SESSION_ID','');
insert into DataItem (dataformatid, dataname, colnumber, dataid, process_instruction) values ('DWH_MONITOR:b(build):LOG_SESSION_LOADER:Std','BATCH_ID',3,'BATCH_ID','');
insert into DataItem (dataformatid, dataname, colnumber, dataid, process_instruction) values ('DWH_MONITOR:b(build):LOG_SESSION_LOADER:Std','DATE_ID',4,'DATE_ID','');
insert into DataItem (dataformatid, dataname, colnumber, dataid, process_instruction) values ('DWH_MONITOR:b(build):LOG_SESSION_LOADER:Std','ROWSTATUS',5,'ROWSTATUS','');
insert into DataItem (dataformatid, dataname, colnumber, dataid, process_instruction) values ('DWH_MONITOR:b(build):LOG_SESSION_LOADER:Std','TIMELEVEL',101,'TIMELEVEL','');
insert into DataItem (dataformatid, dataname, colnumber, dataid, process_instruction) values ('DWH_MONITOR:b(build):LOG_SESSION_LOADER:Std','DATADATE',102,'DATADATE','');
insert into DataItem (dataformatid, dataname, colnumber, dataid, process_instruction) values ('DWH_MONITOR:b(build):LOG_SESSION_LOADER:Std','DATATIME',103,'DATATIME','');
insert into DataItem (dataformatid, dataname, colnumber, dataid, process_instruction) values ('DWH_MONITOR:b(build):LOG_SESSION_LOADER:Std','ROWCOUNT',104,'ROWCOUNT','');
insert into DataItem (dataformatid, dataname, colnumber, dataid, process_instruction) values ('DWH_MONITOR:b(build):LOG_SESSION_LOADER:Std','SESSIONENDTIME',105,'SESSIONENDTIME','');
insert into DataItem (dataformatid, dataname, colnumber, dataid, process_instruction) values ('DWH_MONITOR:b(build):LOG_SESSION_LOADER:Std','SESSIONSTARTTIME',106,'SESSIONSTARTTIME','');
insert into DataItem (dataformatid, dataname, colnumber, dataid, process_instruction) values ('DWH_MONITOR:b(build):LOG_SESSION_LOADER:Std','SOURCE',107,'SOURCE','');
insert into DataItem (dataformatid, dataname, colnumber, dataid, process_instruction) values ('DWH_MONITOR:b(build):LOG_SESSION_LOADER:Std','STATUS',108,'STATUS','');
insert into DataItem (dataformatid, dataname, colnumber, dataid, process_instruction) values ('DWH_MONITOR:b(build):LOG_SESSION_LOADER:Std','TYPENAME',109,'TYPENAME','');
insert into DataItem (dataformatid, dataname, colnumber, dataid, process_instruction) values ('DWH_MONITOR:b(build):LOG_SESSION_LOADER:Std','FLAG',110,'FLAG','');
insert into DataItem (dataformatid, dataname, colnumber, dataid, process_instruction) values ('DWH_MONITOR:b(build):LOG_SESSION_AGGREGATOR:Std','AGGREGATORSET_ID',1,'AGGREGATORSET_ID','');
insert into DataItem (dataformatid, dataname, colnumber, dataid, process_instruction) values ('DWH_MONITOR:b(build):LOG_SESSION_AGGREGATOR:Std','SESSION_ID',2,'SESSION_ID','');
insert into DataItem (dataformatid, dataname, colnumber, dataid, process_instruction) values ('DWH_MONITOR:b(build):LOG_SESSION_AGGREGATOR:Std','BATCH_ID',3,'BATCH_ID','');
insert into DataItem (dataformatid, dataname, colnumber, dataid, process_instruction) values ('DWH_MONITOR:b(build):LOG_SESSION_AGGREGATOR:Std','DATE_ID',4,'DATE_ID','');
insert into DataItem (dataformatid, dataname, colnumber, dataid, process_instruction) values ('DWH_MONITOR:b(build):LOG_SESSION_AGGREGATOR:Std','ROWSTATUS',5,'ROWSTATUS','');
insert into DataItem (dataformatid, dataname, colnumber, dataid, process_instruction) values ('DWH_MONITOR:b(build):LOG_SESSION_AGGREGATOR:Std','TIMELEVEL',101,'TIMELEVEL','');
insert into DataItem (dataformatid, dataname, colnumber, dataid, process_instruction) values ('DWH_MONITOR:b(build):LOG_SESSION_AGGREGATOR:Std','DATADATE',102,'DATADATE','');
insert into DataItem (dataformatid, dataname, colnumber, dataid, process_instruction) values ('DWH_MONITOR:b(build):LOG_SESSION_AGGREGATOR:Std','DATATIME',103,'DATATIME','');
insert into DataItem (dataformatid, dataname, colnumber, dataid, process_instruction) values ('DWH_MONITOR:b(build):LOG_SESSION_AGGREGATOR:Std','ROWCOUNT',104,'ROWCOUNT','');
insert into DataItem (dataformatid, dataname, colnumber, dataid, process_instruction) values ('DWH_MONITOR:b(build):LOG_SESSION_AGGREGATOR:Std','SESSIONENDTIME',105,'SESSIONENDTIME','');
insert into DataItem (dataformatid, dataname, colnumber, dataid, process_instruction) values ('DWH_MONITOR:b(build):LOG_SESSION_AGGREGATOR:Std','SESSIONSTARTTIME',106,'SESSIONSTARTTIME','');
insert into DataItem (dataformatid, dataname, colnumber, dataid, process_instruction) values ('DWH_MONITOR:b(build):LOG_SESSION_AGGREGATOR:Std','SOURCE',107,'SOURCE','');
insert into DataItem (dataformatid, dataname, colnumber, dataid, process_instruction) values ('DWH_MONITOR:b(build):LOG_SESSION_AGGREGATOR:Std','STATUS',108,'STATUS','');
insert into DataItem (dataformatid, dataname, colnumber, dataid, process_instruction) values ('DWH_MONITOR:b(build):LOG_SESSION_AGGREGATOR:Std','TYPENAME',109,'TYPENAME','');
insert into DataItem (dataformatid, dataname, colnumber, dataid, process_instruction) values ('DWH_MONITOR:b(build):LOG_SESSION_AGGREGATOR:Std','FLAG',110,'FLAG','');
insert into DataItem (dataformatid, dataname, colnumber, dataid, process_instruction) values ('DWH_MONITOR:b(build):LOG_LoadStatus:Std','TYPENAME',1,'TYPENAME','');
insert into DataItem (dataformatid, dataname, colnumber, dataid, process_instruction) values ('DWH_MONITOR:b(build):LOG_LoadStatus:Std','TIMELEVEL',2,'TIMELEVEL','');
insert into DataItem (dataformatid, dataname, colnumber, dataid, process_instruction) values ('DWH_MONITOR:b(build):LOG_LoadStatus:Std','DATADATE',3,'DATADATE','');
insert into DataItem (dataformatid, dataname, colnumber, dataid, process_instruction) values ('DWH_MONITOR:b(build):LOG_LoadStatus:Std','DATATIME',4,'DATATIME','');
insert into DataItem (dataformatid, dataname, colnumber, dataid, process_instruction) values ('DWH_MONITOR:b(build):LOG_LoadStatus:Std','DATE_ID',5,'DATE_ID','');
insert into DataItem (dataformatid, dataname, colnumber, dataid, process_instruction) values ('DWH_MONITOR:b(build):LOG_LoadStatus:Std','ROWSTATUS',6,'ROWSTATUS','');
insert into DataItem (dataformatid, dataname, colnumber, dataid, process_instruction) values ('DWH_MONITOR:b(build):LOG_LoadStatus:Std','ROWCOUNT',101,'ROWCOUNT','');
insert into DataItem (dataformatid, dataname, colnumber, dataid, process_instruction) values ('DWH_MONITOR:b(build):LOG_LoadStatus:Std','SOURCECOUNT',102,'SOURCECOUNT','');
insert into DataItem (dataformatid, dataname, colnumber, dataid, process_instruction) values ('DWH_MONITOR:b(build):LOG_LoadStatus:Std','STATUS',103,'STATUS','');
insert into DataItem (dataformatid, dataname, colnumber, dataid, process_instruction) values ('DWH_MONITOR:b(build):LOG_LoadStatus:Std','DESCRIPTION',104,'DESCRIPTION','');
insert into DataItem (dataformatid, dataname, colnumber, dataid, process_instruction) values ('DWH_MONITOR:b(build):LOG_LoadStatus:Std','MODIFIED',105,'MODIFIED','');
insert into DataItem (dataformatid, dataname, colnumber, dataid, process_instruction) values ('DWH_MONITOR:b(build):LOG_AggregationStatus:Std','AGGREGATION',1,'AGGREGATION','');
insert into DataItem (dataformatid, dataname, colnumber, dataid, process_instruction) values ('DWH_MONITOR:b(build):LOG_AggregationStatus:Std','TYPENAME',2,'TYPENAME','');
insert into DataItem (dataformatid, dataname, colnumber, dataid, process_instruction) values ('DWH_MONITOR:b(build):LOG_AggregationStatus:Std','TIMELEVEL',3,'TIMELEVEL','');
insert into DataItem (dataformatid, dataname, colnumber, dataid, process_instruction) values ('DWH_MONITOR:b(build):LOG_AggregationStatus:Std','DATADATE',4,'DATADATE','');
insert into DataItem (dataformatid, dataname, colnumber, dataid, process_instruction) values ('DWH_MONITOR:b(build):LOG_AggregationStatus:Std','DATE_ID',5,'DATE_ID','');
insert into DataItem (dataformatid, dataname, colnumber, dataid, process_instruction) values ('DWH_MONITOR:b(build):LOG_AggregationStatus:Std','INITIAL_AGGREGATION',101,'INITIAL_AGGREGATION','');
insert into DataItem (dataformatid, dataname, colnumber, dataid, process_instruction) values ('DWH_MONITOR:b(build):LOG_AggregationStatus:Std','STATUS',102,'STATUS','');
insert into DataItem (dataformatid, dataname, colnumber, dataid, process_instruction) values ('DWH_MONITOR:b(build):LOG_AggregationStatus:Std','DESCRIPTION',103,'DESCRIPTION','');
insert into DataItem (dataformatid, dataname, colnumber, dataid, process_instruction) values ('DWH_MONITOR:b(build):LOG_AggregationStatus:Std','ROWCOUNT',104,'ROWCOUNT','');
insert into DataItem (dataformatid, dataname, colnumber, dataid, process_instruction) values ('DWH_MONITOR:b(build):LOG_AggregationStatus:Std','AGGREGATIONSCOPE',105,'AGGREGATIONSCOPE','');
insert into DataItem (dataformatid, dataname, colnumber, dataid, process_instruction) values ('DWH_MONITOR:b(build):LOG_AggregationStatus:Std','LAST_AGGREGATION',106,'LAST_AGGREGATION','');
insert into DataItem (dataformatid, dataname, colnumber, dataid, process_instruction) values ('DWH_MONITOR:b(build):LOG_AggregationStatus:Std','LOOPCOUNT',107,'LOOPCOUNT','');







