     ----------------------------------------------------------------------
     -- Remove old base definitions (if any exist) before attempting to load base definitions below
     ----------------------------------------------------------------------
	delete from dwhrep.ReferenceColumn where TYPEID like 'TP_BASE_%';
	delete from dwhrep.ReferenceTable where TYPEID like 'TP_BASE_%';
	delete from dwhrep.MeasurementColumn where MTABLEID like 'TP_BASE_%';
	delete from dwhrep.MeasurementTable where MTABLEID like 'TP_BASE_%';
	delete from dwhrep.MeasurementType where TYPEID like 'TP_BASE_%';
	delete from dwhrep.MeasurementTypeClass where TYPECLASSID like 'TP_BASE_%';
	delete from dwhrep.Versioning where VERSIONID like 'TP_BASE_%';	 
	
     ----------------------------------------------------------------------
     ----------------------------------------------------------------------
     ------------------BASE Techpack For EVENT_E_SGEH----------------------
     ----------------------------------------------------------------------
     ----------------------------------------------------------------------
     ----------------------------------------------------------------------
     -- VERSIONING
     ----------------------------------------------------------------------
     insert into dwhrep.Versioning (VERSIONID, DESCRIPTION, STATUS, TECHPACK_NAME, TECHPACK_VERSION, TECHPACK_TYPE, PRODUCT_NUMBER, BASEDEFINITION,INSTALLDESCRIPTION,UNIVERSENAME,UNIVERSEEXTENSION,LOCKEDBY,LOCKDATE,ENIQ_LEVEL) values ('TP_BASE_EVENTS:BASE_TP_EVENTS_100415_3', 'TP_BASE_EVENTS BASE_TP_EVENTS_100415_3',1,'TP_BASE_EVENTS','R1A01','BASE','','','','','','TECHPACKIDE',NOW(),'1.0');
 
     ----------------------------------------------------------------------
     -- MEASUREMENTTYPECLASS
     ----------------------------------------------------------------------
     --RAW,RAW_LEV2,1MIN,FIFTEEN,DAY                                                 		TYPECLASSID                        		VERSIONID              D
     insert into dwhrep.MeasurementTypeClass (TYPECLASSID, VERSIONID,DESCRIPTION) values ('TP_BASE_EVENTS:BASE_TP_EVENTS_100415_3:RAW',   'TP_BASE_EVENTS:BASE_TP_EVENTS_100415_3', '');
     insert into dwhrep.MeasurementTypeClass (TYPECLASSID, VERSIONID,DESCRIPTION) values ('TP_BASE_EVENTS:BASE_TP_EVENTS_100415_3:RAW_LEV2',   'TP_BASE_EVENTS:BASE_TP_EVENTS_100415_3', '');
     insert into dwhrep.MeasurementTypeClass (TYPECLASSID, VERSIONID,DESCRIPTION) values ('TP_BASE_EVENTS:BASE_TP_EVENTS_100415_3:1MIN',   'TP_BASE_EVENTS:BASE_TP_EVENTS_100415_3', '');
     insert into dwhrep.MeasurementTypeClass (TYPECLASSID, VERSIONID,DESCRIPTION) values ('TP_BASE_EVENTS:BASE_TP_EVENTS_100415_3:15MIN',   'TP_BASE_EVENTS:BASE_TP_EVENTS_100415_3', '');
     insert into dwhrep.MeasurementTypeClass (TYPECLASSID, VERSIONID,DESCRIPTION) values ('TP_BASE_EVENTS:BASE_TP_EVENTS_100415_3:DAY',   'TP_BASE_EVENTS:BASE_TP_EVENTS_100415_3', '');
     
     ----------------------------------------------------------------------
     -- MEASUREMENTTYPE
     ----------------------------------------------------------------------
     --RAW,RAW_LEV2,1MIN,FIFTEEN,DAY  
     insert into dwhrep.MeasurementType (TYPEID, TYPECLASSID, TYPENAME, VENDORID, FOLDERNAME, DESCRIPTION, STATUS, VERSIONID, OBJECTID, OBJECTNAME, OBJECTVERSION, OBJECTTYPE, JOINABLE, SIZING, TOTALAGG, ELEMENTBHSUPPORT, RANKINGTABLE, DELTACALCSUPPORT, PLAINTABLE, UNIVERSEEXTENSION, VECTORSUPPORT, DATAFORMATSUPPORT) values ('TP_BASE_EVENTS:BASE_TP_EVENTS_100415_3:RAW',     'TP_BASE_EVENTS:BASE_TP_EVENTS_100415_3:RAW',    'RAW',    '', '', '', 0, 'TP_BASE_EVENTS:BASE_TP_EVENTS_100415_3', '', '', 0, '', '', '', 0, 0, 0, 0, 0, '',0,0);
     insert into dwhrep.MeasurementType (TYPEID, TYPECLASSID, TYPENAME, VENDORID, FOLDERNAME, DESCRIPTION, STATUS, VERSIONID, OBJECTID, OBJECTNAME, OBJECTVERSION, OBJECTTYPE, JOINABLE, SIZING, TOTALAGG, ELEMENTBHSUPPORT, RANKINGTABLE, DELTACALCSUPPORT, PLAINTABLE, UNIVERSEEXTENSION, VECTORSUPPORT, DATAFORMATSUPPORT) values ('TP_BASE_EVENTS:BASE_TP_EVENTS_100415_3:RAW_LEV2',     'TP_BASE_EVENTS:BASE_TP_EVENTS_100415_3:RAW_LEV2',    'RAW_LEV2',    '', '', '', 0, 'TP_BASE_EVENTS:BASE_TP_EVENTS_100415_3', '', '', 0, '', '', '', 0, 0, 0, 0, 0, '',0,0);
     insert into dwhrep.MeasurementType (TYPEID, TYPECLASSID, TYPENAME, VENDORID, FOLDERNAME, DESCRIPTION, STATUS, VERSIONID, OBJECTID, OBJECTNAME, OBJECTVERSION, OBJECTTYPE, JOINABLE, SIZING, TOTALAGG, ELEMENTBHSUPPORT, RANKINGTABLE, DELTACALCSUPPORT, PLAINTABLE, UNIVERSEEXTENSION, VECTORSUPPORT, DATAFORMATSUPPORT) values ('TP_BASE_EVENTS:BASE_TP_EVENTS_100415_3:1MIN',     'TP_BASE_EVENTS:BASE_TP_EVENTS_100415_3:1MIN',    '1MIN',    '', '', '', 0, 'TP_BASE_EVENTS:BASE_TP_EVENTS_100415_3', '', '', 0, '', '', '', 0, 0, 0, 0, 0, '',0,0);
     insert into dwhrep.MeasurementType (TYPEID, TYPECLASSID, TYPENAME, VENDORID, FOLDERNAME, DESCRIPTION, STATUS, VERSIONID, OBJECTID, OBJECTNAME, OBJECTVERSION, OBJECTTYPE, JOINABLE, SIZING, TOTALAGG, ELEMENTBHSUPPORT, RANKINGTABLE, DELTACALCSUPPORT, PLAINTABLE, UNIVERSEEXTENSION, VECTORSUPPORT, DATAFORMATSUPPORT) values ('TP_BASE_EVENTS:BASE_TP_EVENTS_100415_3:15MIN',     'TP_BASE_EVENTS:BASE_TP_EVENTS_100415_3:15MIN',    '15MIN',    '', '', '', 0, 'TP_BASE_EVENTS:BASE_TP_EVENTS_100415_3', '', '', 0, '', '', '', 0, 0, 0, 0, 0, '',0,0);
     insert into dwhrep.MeasurementType (TYPEID, TYPECLASSID, TYPENAME, VENDORID, FOLDERNAME, DESCRIPTION, STATUS, VERSIONID, OBJECTID, OBJECTNAME, OBJECTVERSION, OBJECTTYPE, JOINABLE, SIZING, TOTALAGG, ELEMENTBHSUPPORT, RANKINGTABLE, DELTACALCSUPPORT, PLAINTABLE, UNIVERSEEXTENSION, VECTORSUPPORT, DATAFORMATSUPPORT) values ('TP_BASE_EVENTS:BASE_TP_EVENTS_100415_3:DAY',     'TP_BASE_EVENTS:BASE_TP_EVENTS_100415_3:DAY',    'DAY',    '', '', '', 0, 'TP_BASE_EVENTS:BASE_TP_EVENTS_100415_3', '', '', 0, '', '', '', 0, 0, 0, 0, 0, '',0,0);
 
 
     ----------------------------------------------------------------------
     -- MEASUREMENTTABLE
     ----------------------------------------------------------------------
     --RAW,RAW_LEV2,1MIN,FIFTEEN,DAY                                                                                                   					MTABLEID               		TABLEVEL        		TYPEID			  BTN   DT    PP
      insert into dwhrep.MeasurementTable (MTABLEID, TABLELEVEL, TYPEID, BASETABLENAME, DEFAULT_TEMPLATE, PARTITIONPLAN) values ('TP_BASE_EVENTS:BASE_TP_EVENTS_100415_3:RAW',    'RAW'    , 'TP_BASE_EVENTS:BASE_TP_EVENTS_100415_3:RAW',    null, null, null);
      insert into dwhrep.MeasurementTable (MTABLEID, TABLELEVEL, TYPEID, BASETABLENAME, DEFAULT_TEMPLATE, PARTITIONPLAN) values ('TP_BASE_EVENTS:BASE_TP_EVENTS_100415_3:RAW_LEV2',    'RAW_LEV2'    , 'TP_BASE_EVENTS:BASE_TP_EVENTS_100415_3:RAW_LEV2',    null, null, null);
      insert into dwhrep.MeasurementTable (MTABLEID, TABLELEVEL, TYPEID, BASETABLENAME, DEFAULT_TEMPLATE, PARTITIONPLAN) values ('TP_BASE_EVENTS:BASE_TP_EVENTS_100415_3:1MIN',    '1MIN'    , 'TP_BASE_EVENTS:BASE_TP_EVENTS_100415_3:1MIN',    null, null, null);
      insert into dwhrep.MeasurementTable (MTABLEID, TABLELEVEL, TYPEID, BASETABLENAME, DEFAULT_TEMPLATE, PARTITIONPLAN) values ('TP_BASE_EVENTS:BASE_TP_EVENTS_100415_3:15MIN',    '15MIN'    , 'TP_BASE_EVENTS:BASE_TP_EVENTS_100415_3:15MIN',    null, null, null);
      insert into dwhrep.MeasurementTable (MTABLEID, TABLELEVEL, TYPEID, BASETABLENAME, DEFAULT_TEMPLATE, PARTITIONPLAN) values ('TP_BASE_EVENTS:BASE_TP_EVENTS_100415_3:DAY',    'DAY'    , 'TP_BASE_EVENTS:BASE_TP_EVENTS_100415_3:DAY',    null, null, null);
      
 
      
     ----------------------------------------------------------------------
     -- MEASUREMENTCOLUMN
     ----------------------------------------------------------------------
     --RAW public keys
     insert into dwhrep.MeasurementColumn (MTABLEID, DATANAME, COLNUMBER, DATATYPE, DATASIZE, DATASCALE, UNIQUEVALUE, NULLABLE, INDEXES, DESCRIPTION, DATAID, RELEASEID, UNIQUEKEY, INCLUDESQL, COLTYPE) values ('TP_BASE_EVENTS:BASE_TP_EVENTS_100415_3:RAW',   'EVENT_SOURCE_NAME', 81, 'varchar', 128, 0, 4000, 1, 'LF', '', 'EVENT_SOURCE_NAME', 'BASE_TP_EVENTS_100415_3', 0, 1, null);
     insert into dwhrep.MeasurementColumn (MTABLEID, DATANAME, COLNUMBER, DATATYPE, DATASIZE, DATASCALE, UNIQUEVALUE, NULLABLE, INDEXES, DESCRIPTION, DATAID, RELEASEID, UNIQUEKEY, INCLUDESQL, COLTYPE) values ('TP_BASE_EVENTS:BASE_TP_EVENTS_100415_3:RAW',   'OSS_ID', 82, 'varchar', 20, 0, 255, 1, 'LF', '', 'OSS_ID', 'BASE_TP_EVENTS_100415_3', 0, 1, null);
     insert into dwhrep.MeasurementColumn (MTABLEID, DATANAME, COLNUMBER, DATATYPE, DATASIZE, DATASCALE, UNIQUEVALUE, NULLABLE, INDEXES, DESCRIPTION, DATAID, RELEASEID, UNIQUEKEY, INCLUDESQL, COLTYPE) values ('TP_BASE_EVENTS:BASE_TP_EVENTS_100415_3:RAW',   'DATE_ID', 83, 'date', 0, 0, 100000000, 0, 'LF', '', 'DATE_ID', 'BASE_TP_EVENTS_100415_3', 0, 1, null);
     insert into dwhrep.MeasurementColumn (MTABLEID, DATANAME, COLNUMBER, DATATYPE, DATASIZE, DATASCALE, UNIQUEVALUE, NULLABLE, INDEXES, DESCRIPTION, DATAID, RELEASEID, UNIQUEKEY, INCLUDESQL, COLTYPE) values ('TP_BASE_EVENTS:BASE_TP_EVENTS_100415_3:RAW',   'YEAR_ID', 84, 'smallint', 0, 0, 65536, 0, 'LF', '', 'YEAR_ID', 'BASE_TP_EVENTS_100415_3', 0, 0, null);
     insert into dwhrep.MeasurementColumn (MTABLEID, DATANAME, COLNUMBER, DATATYPE, DATASIZE, DATASCALE, UNIQUEVALUE, NULLABLE, INDEXES, DESCRIPTION, DATAID, RELEASEID, UNIQUEKEY, INCLUDESQL, COLTYPE) values ('TP_BASE_EVENTS:BASE_TP_EVENTS_100415_3:RAW',   'MONTH_ID', 85, 'tinyint', 0, 0, 256, 0, 'LF', '', 'MONTH_ID', 'BASE_TP_EVENTS_100415_3', 0, 0, null);
     insert into dwhrep.MeasurementColumn (MTABLEID, DATANAME, COLNUMBER, DATATYPE, DATASIZE, DATASCALE, UNIQUEVALUE, NULLABLE, INDEXES, DESCRIPTION, DATAID, RELEASEID, UNIQUEKEY, INCLUDESQL, COLTYPE) values ('TP_BASE_EVENTS:BASE_TP_EVENTS_100415_3:RAW',   'DAY_ID', 86, 'tinyint', 0, 0, 256, 0, 'LF', '', 'DAY_ID', 'BASE_TP_EVENTS_100415_3', 0, 0, null);
     insert into dwhrep.MeasurementColumn (MTABLEID, DATANAME, COLNUMBER, DATATYPE, DATASIZE, DATASCALE, UNIQUEVALUE, NULLABLE, INDEXES, DESCRIPTION, DATAID, RELEASEID, UNIQUEKEY, INCLUDESQL, COLTYPE) values ('TP_BASE_EVENTS:BASE_TP_EVENTS_100415_3:RAW',   'HOUR_ID', 87, 'tinyint', 0, 0, 256, 0, 'LF', '', 'HOUR_ID', 'BASE_TP_EVENTS_100415_3', 0, 0, null);
     insert into dwhrep.MeasurementColumn (MTABLEID, DATANAME, COLNUMBER, DATATYPE, DATASIZE, DATASCALE, UNIQUEVALUE, NULLABLE, INDEXES, DESCRIPTION, DATAID, RELEASEID, UNIQUEKEY, INCLUDESQL, COLTYPE) values ('TP_BASE_EVENTS:BASE_TP_EVENTS_100415_3:RAW',   'MIN_ID', 88, 'tinyint', 0, 0, 256, 0, 'LF', '', 'MIN_ID', 'BASE_TP_EVENTS_100415_3', 0, 0, null);
     insert into dwhrep.MeasurementColumn (MTABLEID, DATANAME, COLNUMBER, DATATYPE, DATASIZE, DATASCALE, UNIQUEVALUE, NULLABLE, INDEXES, DESCRIPTION, DATAID, RELEASEID, UNIQUEKEY, INCLUDESQL, COLTYPE) values ('TP_BASE_EVENTS:BASE_TP_EVENTS_100415_3:RAW',   'DATETIME_ID', 89, 'datetime', 0, 0, 100000000, 0, 'HG', '', 'DATETIME_ID', 'BASE_TP_EVENTS_100415_3', 0, 1, null);
     insert into dwhrep.MeasurementColumn (MTABLEID, DATANAME, COLNUMBER, DATATYPE, DATASIZE, DATASCALE, UNIQUEVALUE, NULLABLE, INDEXES, DESCRIPTION, DATAID, RELEASEID, UNIQUEKEY, INCLUDESQL, COLTYPE) values ('TP_BASE_EVENTS:BASE_TP_EVENTS_100415_3:RAW',   'EVENT_TIME', 90, 'timestamp', 0, 0, 25000000, 0, '', '', 'EVENT_TIME', 'BASE_TP_EVENTS_100415_3', 0, 0, null);
     insert into dwhrep.MeasurementColumn (MTABLEID, DATANAME, COLNUMBER, DATATYPE, DATASIZE, DATASCALE, UNIQUEVALUE, NULLABLE, INDEXES, DESCRIPTION, DATAID, RELEASEID, UNIQUEKEY, INCLUDESQL, COLTYPE) values ('TP_BASE_EVENTS:BASE_TP_EVENTS_100415_3:RAW',   'TIMEZONE', 91, 'smallint', 0, 0, 65536, 1, 'LF', '', 'TIMEZONE', 'BASE_TP_EVENTS_100415_3', 0, 1, null);
     insert into dwhrep.MeasurementColumn (MTABLEID, DATANAME, COLNUMBER, DATATYPE, DATASIZE, DATASCALE, UNIQUEVALUE, NULLABLE, INDEXES, DESCRIPTION, DATAID, RELEASEID, UNIQUEKEY, INCLUDESQL, COLTYPE) values ('TP_BASE_EVENTS:BASE_TP_EVENTS_100415_3:RAW',   'VENDOR', 92, 'varchar', 20, 0, 255, 1, 'LF', '', 'VENDOR', 'BASE_TP_EVENTS_100415_3', 0, 1, null);
     insert into dwhrep.MeasurementColumn (MTABLEID, DATANAME, COLNUMBER, DATATYPE, DATASIZE, DATASCALE, UNIQUEVALUE, NULLABLE, INDEXES, DESCRIPTION, DATAID, RELEASEID, UNIQUEKEY, INCLUDESQL, COLTYPE) values ('TP_BASE_EVENTS:BASE_TP_EVENTS_100415_3:RAW',   'SUSPECTFLAG', 93, 'bit', 0, 0, 1, 1, '', '', 'SUSPECTFLAG', 'BASE_TP_EVENTS_100415_3', 0, 1, null);
     insert into dwhrep.MeasurementColumn (MTABLEID, DATANAME, COLNUMBER, DATATYPE, DATASIZE, DATASCALE, UNIQUEVALUE, NULLABLE, INDEXES, DESCRIPTION, DATAID, RELEASEID, UNIQUEKEY, INCLUDESQL, COLTYPE) values ('TP_BASE_EVENTS:BASE_TP_EVENTS_100415_3:RAW',   'NE_VERSION', 94, 'varchar', 20, 0, 255, 1, 'LF', '', 'NE_VERSION', 'BASE_TP_EVENTS_100415_3', 0, 1, null);
     insert into dwhrep.MeasurementColumn (MTABLEID, DATANAME, COLNUMBER, DATATYPE, DATASIZE, DATASCALE, UNIQUEVALUE, NULLABLE, INDEXES, DESCRIPTION, DATAID, RELEASEID, UNIQUEKEY, INCLUDESQL, COLTYPE) values ('TP_BASE_EVENTS:BASE_TP_EVENTS_100415_3:RAW',   'IMSI', 95, 'unsigned bigint', 0, 0, 100000000, 1, 'HG', '', 'IMSI', 'BASE_TP_EVENTS_100415_3', 0, 1, null);
     insert into dwhrep.MeasurementColumn (MTABLEID, DATANAME, COLNUMBER, DATATYPE, DATASIZE, DATASCALE, UNIQUEVALUE, NULLABLE, INDEXES, DESCRIPTION, DATAID, RELEASEID, UNIQUEKEY, INCLUDESQL, COLTYPE) values ('TP_BASE_EVENTS:BASE_TP_EVENTS_100415_3:RAW',   'MSISDN', 96, 'unsigned bigint', 0, 0, 100000000, 1, 'HG', '', 'MSISDN', 'BASE_TP_EVENTS_100415_3', 0, 1, null);
     insert into dwhrep.MeasurementColumn (MTABLEID, DATANAME, COLNUMBER, DATATYPE, DATASIZE, DATASCALE, UNIQUEVALUE, NULLABLE, INDEXES, DESCRIPTION, DATAID, RELEASEID, UNIQUEKEY, INCLUDESQL, COLTYPE) values ('TP_BASE_EVENTS:BASE_TP_EVENTS_100415_3:RAW',   'SESSION_ID', 97, 'unsigned int', 0, 0, 100000000, 1, 'HG', '', 'SESSION_ID', 'BASE_TP_EVENTS_100415_3', 0, 0, null);
     insert into dwhrep.MeasurementColumn (MTABLEID, DATANAME, COLNUMBER, DATATYPE, DATASIZE, DATASCALE, UNIQUEVALUE, NULLABLE, INDEXES, DESCRIPTION, DATAID, RELEASEID, UNIQUEKEY, INCLUDESQL, COLTYPE) values ('TP_BASE_EVENTS:BASE_TP_EVENTS_100415_3:RAW',   'BATCH_ID', 98, 'unsigned int', 0, 0, 100000000, 1, '', '', 'BATCH_ID', 'BASE_TP_EVENTS_100415_3', 0, 0, null);
     insert into dwhrep.MeasurementColumn (MTABLEID, DATANAME, COLNUMBER, DATATYPE, DATASIZE, DATASCALE, UNIQUEVALUE, NULLABLE, INDEXES, DESCRIPTION, DATAID, RELEASEID, UNIQUEKEY, INCLUDESQL, COLTYPE) values ('TP_BASE_EVENTS:BASE_TP_EVENTS_100415_3:RAW',   'LOCAL_DATE_ID', 99, 'date', 0, 0, 100000000, 0, 'LF', '', 'LOCAL_DATE_ID', 'BASE_TP_EVENTS_100415_3', 0, 1, null);
     insert into dwhrep.MeasurementColumn (MTABLEID, DATANAME, COLNUMBER, DATATYPE, DATASIZE, DATASCALE, UNIQUEVALUE, NULLABLE, INDEXES, DESCRIPTION, DATAID, RELEASEID, UNIQUEKEY, INCLUDESQL, COLTYPE) values ('TP_BASE_EVENTS:BASE_TP_EVENTS_100415_3:RAW',   'AGG_FLAG', 100, 'bit', 0, 0, 1, 1, '', '', 'AGG_FLAG', 'BASE_TP_EVENTS_100415_3', 0, 0, null);
     --RAW_LEV2 public keys
     insert into dwhrep.MeasurementColumn (MTABLEID, DATANAME, COLNUMBER, DATATYPE, DATASIZE, DATASCALE, UNIQUEVALUE, NULLABLE, INDEXES, DESCRIPTION, DATAID, RELEASEID, UNIQUEKEY, INCLUDESQL, COLTYPE) values ('TP_BASE_EVENTS:BASE_TP_EVENTS_100415_3:RAW_LEV2',   'EVENT_SOURCE_NAME', 81, 'varchar', 128, 0, 4000, 1, 'LF', '', 'EVENT_SOURCE_NAME', 'BASE_TP_EVENTS_100415_3', 0, 1, null);
     insert into dwhrep.MeasurementColumn (MTABLEID, DATANAME, COLNUMBER, DATATYPE, DATASIZE, DATASCALE, UNIQUEVALUE, NULLABLE, INDEXES, DESCRIPTION, DATAID, RELEASEID, UNIQUEKEY, INCLUDESQL, COLTYPE) values ('TP_BASE_EVENTS:BASE_TP_EVENTS_100415_3:RAW_LEV2',   'OSS_ID', 82, 'varchar', 20, 0, 255, 1, 'LF', '', 'OSS_ID', 'BASE_TP_EVENTS_100415_3', 0, 1, null);
     insert into dwhrep.MeasurementColumn (MTABLEID, DATANAME, COLNUMBER, DATATYPE, DATASIZE, DATASCALE, UNIQUEVALUE, NULLABLE, INDEXES, DESCRIPTION, DATAID, RELEASEID, UNIQUEKEY, INCLUDESQL, COLTYPE) values ('TP_BASE_EVENTS:BASE_TP_EVENTS_100415_3:RAW_LEV2',   'DATE_ID', 83, 'date', 0, 0, 100000000, 0, 'LF', '', 'DATE_ID', 'BASE_TP_EVENTS_100415_3', 0, 1, null);
     insert into dwhrep.MeasurementColumn (MTABLEID, DATANAME, COLNUMBER, DATATYPE, DATASIZE, DATASCALE, UNIQUEVALUE, NULLABLE, INDEXES, DESCRIPTION, DATAID, RELEASEID, UNIQUEKEY, INCLUDESQL, COLTYPE) values ('TP_BASE_EVENTS:BASE_TP_EVENTS_100415_3:RAW_LEV2',   'YEAR_ID', 84, 'smallint', 0, 0, 65536, 0, 'LF', '', 'YEAR_ID', 'BASE_TP_EVENTS_100415_3', 0, 0, null);
     insert into dwhrep.MeasurementColumn (MTABLEID, DATANAME, COLNUMBER, DATATYPE, DATASIZE, DATASCALE, UNIQUEVALUE, NULLABLE, INDEXES, DESCRIPTION, DATAID, RELEASEID, UNIQUEKEY, INCLUDESQL, COLTYPE) values ('TP_BASE_EVENTS:BASE_TP_EVENTS_100415_3:RAW_LEV2',   'MONTH_ID', 85, 'tinyint', 0, 0, 256, 0, 'LF', '', 'MONTH_ID', 'BASE_TP_EVENTS_100415_3', 0, 0, null);
     insert into dwhrep.MeasurementColumn (MTABLEID, DATANAME, COLNUMBER, DATATYPE, DATASIZE, DATASCALE, UNIQUEVALUE, NULLABLE, INDEXES, DESCRIPTION, DATAID, RELEASEID, UNIQUEKEY, INCLUDESQL, COLTYPE) values ('TP_BASE_EVENTS:BASE_TP_EVENTS_100415_3:RAW_LEV2',   'DAY_ID', 86, 'tinyint', 0, 0, 256, 0, 'LF', '', 'DAY_ID', 'BASE_TP_EVENTS_100415_3', 0, 0, null);
     insert into dwhrep.MeasurementColumn (MTABLEID, DATANAME, COLNUMBER, DATATYPE, DATASIZE, DATASCALE, UNIQUEVALUE, NULLABLE, INDEXES, DESCRIPTION, DATAID, RELEASEID, UNIQUEKEY, INCLUDESQL, COLTYPE) values ('TP_BASE_EVENTS:BASE_TP_EVENTS_100415_3:RAW_LEV2',   'HOUR_ID', 87, 'tinyint', 0, 0, 256, 0, 'LF', '', 'HOUR_ID', 'BASE_TP_EVENTS_100415_3', 0, 0, null);
     insert into dwhrep.MeasurementColumn (MTABLEID, DATANAME, COLNUMBER, DATATYPE, DATASIZE, DATASCALE, UNIQUEVALUE, NULLABLE, INDEXES, DESCRIPTION, DATAID, RELEASEID, UNIQUEKEY, INCLUDESQL, COLTYPE) values ('TP_BASE_EVENTS:BASE_TP_EVENTS_100415_3:RAW_LEV2',   'MIN_ID', 88, 'tinyint', 0, 0, 256, 0, 'LF', '', 'MIN_ID', 'BASE_TP_EVENTS_100415_3', 0, 0, null);
     insert into dwhrep.MeasurementColumn (MTABLEID, DATANAME, COLNUMBER, DATATYPE, DATASIZE, DATASCALE, UNIQUEVALUE, NULLABLE, INDEXES, DESCRIPTION, DATAID, RELEASEID, UNIQUEKEY, INCLUDESQL, COLTYPE) values ('TP_BASE_EVENTS:BASE_TP_EVENTS_100415_3:RAW_LEV2',   'DATETIME_ID', 89, 'datetime', 0, 0, 100000000, 0, 'HG', '', 'DATETIME_ID', 'BASE_TP_EVENTS_100415_3', 0, 1, null);
     insert into dwhrep.MeasurementColumn (MTABLEID, DATANAME, COLNUMBER, DATATYPE, DATASIZE, DATASCALE, UNIQUEVALUE, NULLABLE, INDEXES, DESCRIPTION, DATAID, RELEASEID, UNIQUEKEY, INCLUDESQL, COLTYPE) values ('TP_BASE_EVENTS:BASE_TP_EVENTS_100415_3:RAW_LEV2',   'EVENT_TIME', 90, 'timestamp', 0, 0, 25000000, 0, '', '', 'EVENT_TIME', 'BASE_TP_EVENTS_100415_3', 0, 0, null);
     insert into dwhrep.MeasurementColumn (MTABLEID, DATANAME, COLNUMBER, DATATYPE, DATASIZE, DATASCALE, UNIQUEVALUE, NULLABLE, INDEXES, DESCRIPTION, DATAID, RELEASEID, UNIQUEKEY, INCLUDESQL, COLTYPE) values ('TP_BASE_EVENTS:BASE_TP_EVENTS_100415_3:RAW_LEV2',   'TIMEZONE', 91, 'smallint', 0, 0, 65536, 1, 'LF', '', 'TIMEZONE', 'BASE_TP_EVENTS_100415_3', 0, 1, null);
     insert into dwhrep.MeasurementColumn (MTABLEID, DATANAME, COLNUMBER, DATATYPE, DATASIZE, DATASCALE, UNIQUEVALUE, NULLABLE, INDEXES, DESCRIPTION, DATAID, RELEASEID, UNIQUEKEY, INCLUDESQL, COLTYPE) values ('TP_BASE_EVENTS:BASE_TP_EVENTS_100415_3:RAW_LEV2',   'VENDOR', 92, 'varchar', 20, 0, 255, 1, 'LF', '', 'VENDOR', 'BASE_TP_EVENTS_100415_3', 0, 1, null);
     insert into dwhrep.MeasurementColumn (MTABLEID, DATANAME, COLNUMBER, DATATYPE, DATASIZE, DATASCALE, UNIQUEVALUE, NULLABLE, INDEXES, DESCRIPTION, DATAID, RELEASEID, UNIQUEKEY, INCLUDESQL, COLTYPE) values ('TP_BASE_EVENTS:BASE_TP_EVENTS_100415_3:RAW_LEV2',   'SUSPECTFLAG', 93, 'bit', 0, 0, 1, 1, '', '', 'SUSPECTFLAG', 'BASE_TP_EVENTS_100415_3', 0, 1, null);
     insert into dwhrep.MeasurementColumn (MTABLEID, DATANAME, COLNUMBER, DATATYPE, DATASIZE, DATASCALE, UNIQUEVALUE, NULLABLE, INDEXES, DESCRIPTION, DATAID, RELEASEID, UNIQUEKEY, INCLUDESQL, COLTYPE) values ('TP_BASE_EVENTS:BASE_TP_EVENTS_100415_3:RAW_LEV2',   'NE_VERSION', 94, 'varchar', 20, 0, 255, 1, 'LF', '', 'NE_VERSION', 'BASE_TP_EVENTS_100415_3', 0, 1, null);
     insert into dwhrep.MeasurementColumn (MTABLEID, DATANAME, COLNUMBER, DATATYPE, DATASIZE, DATASCALE, UNIQUEVALUE, NULLABLE, INDEXES, DESCRIPTION, DATAID, RELEASEID, UNIQUEKEY, INCLUDESQL, COLTYPE) values ('TP_BASE_EVENTS:BASE_TP_EVENTS_100415_3:RAW_LEV2',   'IMSI', 95, 'unsigned bigint', 0, 0, 100000000, 1, 'HG', '', 'IMSI', 'BASE_TP_EVENTS_100415_3', 0, 1, null);
     insert into dwhrep.MeasurementColumn (MTABLEID, DATANAME, COLNUMBER, DATATYPE, DATASIZE, DATASCALE, UNIQUEVALUE, NULLABLE, INDEXES, DESCRIPTION, DATAID, RELEASEID, UNIQUEKEY, INCLUDESQL, COLTYPE) values ('TP_BASE_EVENTS:BASE_TP_EVENTS_100415_3:RAW_LEV2',   'MSISDN', 96, 'unsigned bigint', 0, 0, 100000000, 1, 'HG', '', 'MSISDN', 'BASE_TP_EVENTS_100415_3', 0, 1, null);
     insert into dwhrep.MeasurementColumn (MTABLEID, DATANAME, COLNUMBER, DATATYPE, DATASIZE, DATASCALE, UNIQUEVALUE, NULLABLE, INDEXES, DESCRIPTION, DATAID, RELEASEID, UNIQUEKEY, INCLUDESQL, COLTYPE) values ('TP_BASE_EVENTS:BASE_TP_EVENTS_100415_3:RAW_LEV2',   'SESSION_ID', 97, 'unsigned int', 0, 0, 100000000, 1, 'HG', '', 'SESSION_ID', 'BASE_TP_EVENTS_100415_3', 0, 0, null);
     insert into dwhrep.MeasurementColumn (MTABLEID, DATANAME, COLNUMBER, DATATYPE, DATASIZE, DATASCALE, UNIQUEVALUE, NULLABLE, INDEXES, DESCRIPTION, DATAID, RELEASEID, UNIQUEKEY, INCLUDESQL, COLTYPE) values ('TP_BASE_EVENTS:BASE_TP_EVENTS_100415_3:RAW_LEV2',   'BATCH_ID', 98, 'unsigned int', 0, 0, 100000000, 1, '', '', 'BATCH_ID', 'BASE_TP_EVENTS_100415_3', 0, 0, null);
     insert into dwhrep.MeasurementColumn (MTABLEID, DATANAME, COLNUMBER, DATATYPE, DATASIZE, DATASCALE, UNIQUEVALUE, NULLABLE, INDEXES, DESCRIPTION, DATAID, RELEASEID, UNIQUEKEY, INCLUDESQL, COLTYPE) values ('TP_BASE_EVENTS:BASE_TP_EVENTS_100415_3:RAW_LEV2',   'LOCAL_DATE_ID', 99, 'date', 0, 0, 100000000, 0, 'LF', '', 'LOCAL_DATE_ID', 'BASE_TP_EVENTS_100415_3', 0, 1, null);
     insert into dwhrep.MeasurementColumn (MTABLEID, DATANAME, COLNUMBER, DATATYPE, DATASIZE, DATASCALE, UNIQUEVALUE, NULLABLE, INDEXES, DESCRIPTION, DATAID, RELEASEID, UNIQUEKEY, INCLUDESQL, COLTYPE) values ('TP_BASE_EVENTS:BASE_TP_EVENTS_100415_3:RAW_LEV2',   'AGG_FLAG', 100, 'bit', 0, 0, 1, 1, '', '', 'AGG_FLAG', 'BASE_TP_EVENTS_100415_3', 0, 0, null);

     --1MIN public keys
     insert into dwhrep.MeasurementColumn (MTABLEID, DATANAME, COLNUMBER, DATATYPE, DATASIZE, DATASCALE, UNIQUEVALUE, NULLABLE, INDEXES, DESCRIPTION, DATAID, RELEASEID, UNIQUEKEY, INCLUDESQL, COLTYPE) values ('TP_BASE_EVENTS:BASE_TP_EVENTS_100415_3:1MIN',   'DATE_ID', 81, 'date', 0, 0, 100000000, 0, 'LF', '', 'DATE_ID', 'BASE_TP_EVENTS_100415_3', 0, 1, null);
     insert into dwhrep.MeasurementColumn (MTABLEID, DATANAME, COLNUMBER, DATATYPE, DATASIZE, DATASCALE, UNIQUEVALUE, NULLABLE, INDEXES, DESCRIPTION, DATAID, RELEASEID, UNIQUEKEY, INCLUDESQL, COLTYPE) values ('TP_BASE_EVENTS:BASE_TP_EVENTS_100415_3:1MIN',   'YEAR_ID', 82, 'smallint', 0, 0, 65536, 0, 'LF', '', 'YEAR_ID', 'BASE_TP_EVENTS_100415_3', 0, 0, null);
     insert into dwhrep.MeasurementColumn (MTABLEID, DATANAME, COLNUMBER, DATATYPE, DATASIZE, DATASCALE, UNIQUEVALUE, NULLABLE, INDEXES, DESCRIPTION, DATAID, RELEASEID, UNIQUEKEY, INCLUDESQL, COLTYPE) values ('TP_BASE_EVENTS:BASE_TP_EVENTS_100415_3:1MIN',   'MONTH_ID', 83, 'tinyint', 0, 0, 256, 0, 'LF', '', 'MONTH_ID', 'BASE_TP_EVENTS_100415_3', 0, 0, null);
     insert into dwhrep.MeasurementColumn (MTABLEID, DATANAME, COLNUMBER, DATATYPE, DATASIZE, DATASCALE, UNIQUEVALUE, NULLABLE, INDEXES, DESCRIPTION, DATAID, RELEASEID, UNIQUEKEY, INCLUDESQL, COLTYPE) values ('TP_BASE_EVENTS:BASE_TP_EVENTS_100415_3:1MIN',   'DAY_ID', 84, 'tinyint', 0, 0, 256, 0, 'LF', '', 'DAY_ID', 'BASE_TP_EVENTS_100415_3', 0, 0, null);
     insert into dwhrep.MeasurementColumn (MTABLEID, DATANAME, COLNUMBER, DATATYPE, DATASIZE, DATASCALE, UNIQUEVALUE, NULLABLE, INDEXES, DESCRIPTION, DATAID, RELEASEID, UNIQUEKEY, INCLUDESQL, COLTYPE) values ('TP_BASE_EVENTS:BASE_TP_EVENTS_100415_3:1MIN',   'HOUR_ID', 85, 'tinyint', 0, 0, 256, 0, 'LF', '', 'HOUR_ID', 'BASE_TP_EVENTS_100415_3', 0, 0, null);
     insert into dwhrep.MeasurementColumn (MTABLEID, DATANAME, COLNUMBER, DATATYPE, DATASIZE, DATASCALE, UNIQUEVALUE, NULLABLE, INDEXES, DESCRIPTION, DATAID, RELEASEID, UNIQUEKEY, INCLUDESQL, COLTYPE) values ('TP_BASE_EVENTS:BASE_TP_EVENTS_100415_3:1MIN',   'MIN_ID', 86, 'tinyint', 0, 0, 256, 0, 'LF', '', 'MIN_ID', 'BASE_TP_EVENTS_100415_3', 0, 0, null);
     insert into dwhrep.MeasurementColumn (MTABLEID, DATANAME, COLNUMBER, DATATYPE, DATASIZE, DATASCALE, UNIQUEVALUE, NULLABLE, INDEXES, DESCRIPTION, DATAID, RELEASEID, UNIQUEKEY, INCLUDESQL, COLTYPE) values ('TP_BASE_EVENTS:BASE_TP_EVENTS_100415_3:1MIN',   'DATETIME_ID', 87, 'datetime', 0, 0, 100000000, 0, 'HG', '', 'DATETIME_ID', 'BASE_TP_EVENTS_100415_3', 0, 1, null);
     insert into dwhrep.MeasurementColumn (MTABLEID, DATANAME, COLNUMBER, DATATYPE, DATASIZE, DATASCALE, UNIQUEVALUE, NULLABLE, INDEXES, DESCRIPTION, DATAID, RELEASEID, UNIQUEKEY, INCLUDESQL, COLTYPE) values ('TP_BASE_EVENTS:BASE_TP_EVENTS_100415_3:1MIN',   'VALID', 88, 'bit', 0, 0, 1, 1, '', '', 'VALID', 'BASE_TP_EVENTS_100415_3', 0, 0, null);
 
     --15MIN public keys
     insert into dwhrep.MeasurementColumn (MTABLEID, DATANAME, COLNUMBER, DATATYPE, DATASIZE, DATASCALE, UNIQUEVALUE, NULLABLE, INDEXES, DESCRIPTION, DATAID, RELEASEID, UNIQUEKEY, INCLUDESQL, COLTYPE) values ('TP_BASE_EVENTS:BASE_TP_EVENTS_100415_3:15MIN',   'DATE_ID', 81, 'date', 0, 0, 100000000, 0, 'LF', '', 'DATE_ID', 'BASE_TP_EVENTS_100415_3', 0, 1, null);
     insert into dwhrep.MeasurementColumn (MTABLEID, DATANAME, COLNUMBER, DATATYPE, DATASIZE, DATASCALE, UNIQUEVALUE, NULLABLE, INDEXES, DESCRIPTION, DATAID, RELEASEID, UNIQUEKEY, INCLUDESQL, COLTYPE) values ('TP_BASE_EVENTS:BASE_TP_EVENTS_100415_3:15MIN',   'YEAR_ID', 82, 'smallint', 0, 0, 65536, 0, 'LF', '', 'YEAR_ID', 'BASE_TP_EVENTS_100415_3', 0, 0, null);
     insert into dwhrep.MeasurementColumn (MTABLEID, DATANAME, COLNUMBER, DATATYPE, DATASIZE, DATASCALE, UNIQUEVALUE, NULLABLE, INDEXES, DESCRIPTION, DATAID, RELEASEID, UNIQUEKEY, INCLUDESQL, COLTYPE) values ('TP_BASE_EVENTS:BASE_TP_EVENTS_100415_3:15MIN',   'MONTH_ID', 83, 'tinyint', 0, 0, 256, 0, 'LF', '', 'MONTH_ID', 'BASE_TP_EVENTS_100415_3', 0, 0, null);
     insert into dwhrep.MeasurementColumn (MTABLEID, DATANAME, COLNUMBER, DATATYPE, DATASIZE, DATASCALE, UNIQUEVALUE, NULLABLE, INDEXES, DESCRIPTION, DATAID, RELEASEID, UNIQUEKEY, INCLUDESQL, COLTYPE) values ('TP_BASE_EVENTS:BASE_TP_EVENTS_100415_3:15MIN',   'DAY_ID', 84, 'tinyint', 0, 0, 256, 0, 'LF', '', 'DAY_ID', 'BASE_TP_EVENTS_100415_3', 0, 0, null);
     insert into dwhrep.MeasurementColumn (MTABLEID, DATANAME, COLNUMBER, DATATYPE, DATASIZE, DATASCALE, UNIQUEVALUE, NULLABLE, INDEXES, DESCRIPTION, DATAID, RELEASEID, UNIQUEKEY, INCLUDESQL, COLTYPE) values ('TP_BASE_EVENTS:BASE_TP_EVENTS_100415_3:15MIN',   'HOUR_ID', 85, 'tinyint', 0, 0, 256, 0, 'LF', '', 'HOUR_ID', 'BASE_TP_EVENTS_100415_3', 0, 0, null);
     insert into dwhrep.MeasurementColumn (MTABLEID, DATANAME, COLNUMBER, DATATYPE, DATASIZE, DATASCALE, UNIQUEVALUE, NULLABLE, INDEXES, DESCRIPTION, DATAID, RELEASEID, UNIQUEKEY, INCLUDESQL, COLTYPE) values ('TP_BASE_EVENTS:BASE_TP_EVENTS_100415_3:15MIN',   'MIN_ID', 86, 'tinyint', 0, 0, 256, 0, 'LF', '', 'MIN_ID', 'BASE_TP_EVENTS_100415_3', 0, 0, null);
     insert into dwhrep.MeasurementColumn (MTABLEID, DATANAME, COLNUMBER, DATATYPE, DATASIZE, DATASCALE, UNIQUEVALUE, NULLABLE, INDEXES, DESCRIPTION, DATAID, RELEASEID, UNIQUEKEY, INCLUDESQL, COLTYPE) values ('TP_BASE_EVENTS:BASE_TP_EVENTS_100415_3:15MIN',   'DATETIME_ID', 87, 'datetime', 0, 0, 100000000, 0, 'HG', '', 'DATETIME_ID', 'BASE_TP_EVENTS_100415_3', 0, 1, null);
     insert into dwhrep.MeasurementColumn (MTABLEID, DATANAME, COLNUMBER, DATATYPE, DATASIZE, DATASCALE, UNIQUEVALUE, NULLABLE, INDEXES, DESCRIPTION, DATAID, RELEASEID, UNIQUEKEY, INCLUDESQL, COLTYPE) values ('TP_BASE_EVENTS:BASE_TP_EVENTS_100415_3:15MIN',   'VALID', 88, 'bit', 0, 0, 1, 1, '', '', 'VALID', 'BASE_TP_EVENTS_100415_3', 0, 0, null);
     insert into dwhrep.MeasurementColumn (MTABLEID, DATANAME, COLNUMBER, DATATYPE, DATASIZE, DATASCALE, UNIQUEVALUE, NULLABLE, INDEXES, DESCRIPTION, DATAID, RELEASEID, UNIQUEKEY, INCLUDESQL, COLTYPE) values ('TP_BASE_EVENTS:BASE_TP_EVENTS_100415_3:15MIN',   'AGG_FLAG', 89, 'bit', 0, 0, 1, 1, '', '', 'AGG_FLAG', 'BASE_TP_EVENTS_100415_3', 0, 0, null);
 
     --DAY public keys
     insert into dwhrep.MeasurementColumn (MTABLEID, DATANAME, COLNUMBER, DATATYPE, DATASIZE, DATASCALE, UNIQUEVALUE, NULLABLE, INDEXES, DESCRIPTION, DATAID, RELEASEID, UNIQUEKEY, INCLUDESQL, COLTYPE) values ('TP_BASE_EVENTS:BASE_TP_EVENTS_100415_3:DAY',   'DATE_ID', 81, 'date', 0, 0, 100000000, 0, 'LF', '', 'DATE_ID', 'BASE_TP_EVENTS_100415_3', 0, 1, null);
     insert into dwhrep.MeasurementColumn (MTABLEID, DATANAME, COLNUMBER, DATATYPE, DATASIZE, DATASCALE, UNIQUEVALUE, NULLABLE, INDEXES, DESCRIPTION, DATAID, RELEASEID, UNIQUEKEY, INCLUDESQL, COLTYPE) values ('TP_BASE_EVENTS:BASE_TP_EVENTS_100415_3:DAY',   'YEAR_ID', 82, 'smallint', 0, 0, 65536, 0, 'LF', '', 'YEAR_ID', 'BASE_TP_EVENTS_100415_3', 0, 0, null);
     insert into dwhrep.MeasurementColumn (MTABLEID, DATANAME, COLNUMBER, DATATYPE, DATASIZE, DATASCALE, UNIQUEVALUE, NULLABLE, INDEXES, DESCRIPTION, DATAID, RELEASEID, UNIQUEKEY, INCLUDESQL, COLTYPE) values ('TP_BASE_EVENTS:BASE_TP_EVENTS_100415_3:DAY',   'MONTH_ID', 83, 'tinyint', 0, 0, 256, 0, 'LF', '', 'MONTH_ID', 'BASE_TP_EVENTS_100415_3', 0, 0, null);
     insert into dwhrep.MeasurementColumn (MTABLEID, DATANAME, COLNUMBER, DATATYPE, DATASIZE, DATASCALE, UNIQUEVALUE, NULLABLE, INDEXES, DESCRIPTION, DATAID, RELEASEID, UNIQUEKEY, INCLUDESQL, COLTYPE) values ('TP_BASE_EVENTS:BASE_TP_EVENTS_100415_3:DAY',   'DAY_ID', 84, 'tinyint', 0, 0, 256, 0, 'LF', '', 'DAY_ID', 'BASE_TP_EVENTS_100415_3', 0, 0, null);
     insert into dwhrep.MeasurementColumn (MTABLEID, DATANAME, COLNUMBER, DATATYPE, DATASIZE, DATASCALE, UNIQUEVALUE, NULLABLE, INDEXES, DESCRIPTION, DATAID, RELEASEID, UNIQUEKEY, INCLUDESQL, COLTYPE) values ('TP_BASE_EVENTS:BASE_TP_EVENTS_100415_3:DAY',   'HOUR_ID', 85, 'tinyint', 0, 0, 256, 1, 'LF', '', 'HOUR_ID', 'BASE_TP_EVENTS_100415_3', 0, 0, null);
     insert into dwhrep.MeasurementColumn (MTABLEID, DATANAME, COLNUMBER, DATATYPE, DATASIZE, DATASCALE, UNIQUEVALUE, NULLABLE, INDEXES, DESCRIPTION, DATAID, RELEASEID, UNIQUEKEY, INCLUDESQL, COLTYPE) values ('TP_BASE_EVENTS:BASE_TP_EVENTS_100415_3:DAY',   'MIN_ID', 86, 'tinyint', 0, 0, 256, 1, 'LF', '', 'MIN_ID', 'BASE_TP_EVENTS_100415_3', 0, 0, null);
     insert into dwhrep.MeasurementColumn (MTABLEID, DATANAME, COLNUMBER, DATATYPE, DATASIZE, DATASCALE, UNIQUEVALUE, NULLABLE, INDEXES, DESCRIPTION, DATAID, RELEASEID, UNIQUEKEY, INCLUDESQL, COLTYPE) values ('TP_BASE_EVENTS:BASE_TP_EVENTS_100415_3:DAY',   'DATETIME_ID', 87, 'datetime', 0, 0, 100000000, 1, 'HG', '', 'DATETIME_ID', 'BASE_TP_EVENTS_100415_3', 0, 1, null);
     insert into dwhrep.MeasurementColumn (MTABLEID, DATANAME, COLNUMBER, DATATYPE, DATASIZE, DATASCALE, UNIQUEVALUE, NULLABLE, INDEXES, DESCRIPTION, DATAID, RELEASEID, UNIQUEKEY, INCLUDESQL, COLTYPE) values ('TP_BASE_EVENTS:BASE_TP_EVENTS_100415_3:DAY',   'VALID', 88, 'bit', 0, 0, 1, 1, '', '', 'VALID', 'BASE_TP_EVENTS_100415_3', 0, 0, null);

    ----------------------------------------------------------------------
    --REFERENCETABLE
    ----------------------------------------------------------------------
    insert into dwhrep.ReferenceTable (TYPEID, VERSIONID, TYPENAME, OBJECTID, OBJECTNAME, OBJECTVERSION, OBJECTTYPE, DESCRIPTION, STATUS, UPDATE_POLICY, TABLE_TYPE, DATAFORMATSUPPORT, BASEDEF) values ('TP_BASE_EVENTS:BASE_TP_EVENTS_100415_3:PUBLIC_REFTYPE', 		'TP_BASE_EVENTS:BASE_TP_EVENTS_100415_3',	'PUBLIC_REFTYPE',			'TP_BASE_EVENTS:BASE_TP_EVENTS_100415_3:PUBLIC_REFTYPE',			'PUBLIC_REFTYPE',			'','','',0,0,'',0,0);    
    
    ----------------------------------------------------------------------
    --REFERENCECOLUMN
    ----------------------------------------------------------------------  
    insert into dwhrep.ReferenceColumn (TYPEID, DATANAME, COLNUMBER, DATATYPE, DATASIZE, DATASCALE, UNIQUEVALUE, NULLABLE, INDEXES, UNIQUEKEY, INCLUDESQL, INCLUDEUPD, BASEDEF, COLTYPE) values ('TP_BASE_EVENTS:BASE_TP_EVENTS_100415_3:PUBLIC_REFTYPE',		'VENDOR',      8,  'varchar',  20, 0, 255, 1, 'HG', 0, 1, 1, 0, 'COLUMN');
    insert into dwhrep.ReferenceColumn (TYPEID, DATANAME, COLNUMBER, DATATYPE, DATASIZE, DATASCALE, UNIQUEVALUE, NULLABLE, INDEXES, UNIQUEKEY, INCLUDESQL, INCLUDEUPD, BASEDEF, COLTYPE) values ('TP_BASE_EVENTS:BASE_TP_EVENTS_100415_3:PUBLIC_REFTYPE',		'STATUS',      9,  'varchar',  16, 0, 255, 1, 'HG', 0, 1, 1, 0, 'COLUMN');
    insert into dwhrep.ReferenceColumn (TYPEID, DATANAME, COLNUMBER, DATATYPE, DATASIZE, DATASCALE, UNIQUEVALUE, NULLABLE, INDEXES, UNIQUEKEY, INCLUDESQL, INCLUDEUPD, BASEDEF, COLTYPE) values ('TP_BASE_EVENTS:BASE_TP_EVENTS_100415_3:PUBLIC_REFTYPE',		'CREATED',     10, 'datetime', 0,  0, 255, 1, 'HG', 0, 1, 0, 0, 'COLUMN');
    insert into dwhrep.ReferenceColumn (TYPEID, DATANAME, COLNUMBER, DATATYPE, DATASIZE, DATASCALE, UNIQUEVALUE, NULLABLE, INDEXES, UNIQUEKEY, INCLUDESQL, INCLUDEUPD, BASEDEF, COLTYPE) values ('TP_BASE_EVENTS:BASE_TP_EVENTS_100415_3:PUBLIC_REFTYPE',		'MODIFIED',    11, 'datetime', 0,  0, 255, 1, 'HG', 0, 1, 1, 0, 'COLUMN');
    insert into dwhrep.ReferenceColumn (TYPEID, DATANAME, COLNUMBER, DATATYPE, DATASIZE, DATASCALE, UNIQUEVALUE, NULLABLE, INDEXES, UNIQUEKEY, INCLUDESQL, INCLUDEUPD, BASEDEF, COLTYPE) values ('TP_BASE_EVENTS:BASE_TP_EVENTS_100415_3:PUBLIC_REFTYPE',		'MODIFIER',    12, 'varchar',  32, 0, 255, 1, 'HG', 0, 1, 1, 0, 'COLUMN');

	 ----------------------------------------------------------------------
     ----------------------------------------------------------------------
     ------------------BASE Techpack For EVENT_E_DVTP----------------------
     ----------------------------------------------------------------------
     ----------------------------------------------------------------------
     ----------------------------------------------------------------------
     -- VERSIONING
     ----------------------------------------------------------------------
     insert into dwhrep.Versioning (VERSIONID, DESCRIPTION, STATUS, TECHPACK_NAME, TECHPACK_VERSION, TECHPACK_TYPE, PRODUCT_NUMBER, BASEDEFINITION,INSTALLDESCRIPTION,UNIVERSENAME,UNIVERSEEXTENSION,LOCKEDBY,LOCKDATE,ENIQ_LEVEL) values ('TP_BASE_DVTP:BASE_TP_DVTP_100415_3', 'TP_BASE_DVTP BASE_TP_DVTP_100415_3',1,'TP_BASE_DVTP','R1A01','BASE','','','','','','TECHPACKIDE',NOW(),'1.0');
 
     ----------------------------------------------------------------------
     -- MEASUREMENTTYPECLASS
     ----------------------------------------------------------------------
     --RAW,RAW_LEV2,1MIN,FIFTEEN,DAY                                                 		TYPECLASSID                        		VERSIONID              D
     insert into dwhrep.MeasurementTypeClass (TYPECLASSID, VERSIONID,DESCRIPTION) values ('TP_BASE_DVTP:BASE_TP_DVTP_100415_3:RAW',   'TP_BASE_DVTP:BASE_TP_DVTP_100415_3', '');
     insert into dwhrep.MeasurementTypeClass (TYPECLASSID, VERSIONID,DESCRIPTION) values ('TP_BASE_DVTP:BASE_TP_DVTP_100415_3:RAW_LEV2',   'TP_BASE_DVTP:BASE_TP_DVTP_100415_3', '');
     insert into dwhrep.MeasurementTypeClass (TYPECLASSID, VERSIONID,DESCRIPTION) values ('TP_BASE_DVTP:BASE_TP_DVTP_100415_3:1MIN',   'TP_BASE_DVTP:BASE_TP_DVTP_100415_3', '');
     insert into dwhrep.MeasurementTypeClass (TYPECLASSID, VERSIONID,DESCRIPTION) values ('TP_BASE_DVTP:BASE_TP_DVTP_100415_3:15MIN',   'TP_BASE_DVTP:BASE_TP_DVTP_100415_3', '');
     insert into dwhrep.MeasurementTypeClass (TYPECLASSID, VERSIONID,DESCRIPTION) values ('TP_BASE_DVTP:BASE_TP_DVTP_100415_3:DAY',   'TP_BASE_DVTP:BASE_TP_DVTP_100415_3', '');
     
     ----------------------------------------------------------------------
     -- MEASUREMENTTYPE
     ----------------------------------------------------------------------
     --RAW,RAW_LEV2,1MIN,FIFTEEN,DAY  
     insert into dwhrep.MeasurementType (TYPEID, TYPECLASSID, TYPENAME, VENDORID, FOLDERNAME, DESCRIPTION, STATUS, VERSIONID, OBJECTID, OBJECTNAME, OBJECTVERSION, OBJECTTYPE, JOINABLE, SIZING, TOTALAGG, ELEMENTBHSUPPORT, RANKINGTABLE, DELTACALCSUPPORT, PLAINTABLE, UNIVERSEEXTENSION, VECTORSUPPORT, DATAFORMATSUPPORT) values ('TP_BASE_DVTP:BASE_TP_DVTP_100415_3:RAW',     'TP_BASE_DVTP:BASE_TP_DVTP_100415_3:RAW',    'RAW',    '', '', '', 0, 'TP_BASE_DVTP:BASE_TP_DVTP_100415_3', '', '', 0, '', '', '', 0, 0, 0, 0, 0, '',0,0);
     insert into dwhrep.MeasurementType (TYPEID, TYPECLASSID, TYPENAME, VENDORID, FOLDERNAME, DESCRIPTION, STATUS, VERSIONID, OBJECTID, OBJECTNAME, OBJECTVERSION, OBJECTTYPE, JOINABLE, SIZING, TOTALAGG, ELEMENTBHSUPPORT, RANKINGTABLE, DELTACALCSUPPORT, PLAINTABLE, UNIVERSEEXTENSION, VECTORSUPPORT, DATAFORMATSUPPORT) values ('TP_BASE_DVTP:BASE_TP_DVTP_100415_3:RAW_LEV2',     'TP_BASE_DVTP:BASE_TP_DVTP_100415_3:RAW_LEV2',    'RAW_LEV2',    '', '', '', 0, 'TP_BASE_DVTP:BASE_TP_DVTP_100415_3', '', '', 0, '', '', '', 0, 0, 0, 0, 0, '',0,0);
     insert into dwhrep.MeasurementType (TYPEID, TYPECLASSID, TYPENAME, VENDORID, FOLDERNAME, DESCRIPTION, STATUS, VERSIONID, OBJECTID, OBJECTNAME, OBJECTVERSION, OBJECTTYPE, JOINABLE, SIZING, TOTALAGG, ELEMENTBHSUPPORT, RANKINGTABLE, DELTACALCSUPPORT, PLAINTABLE, UNIVERSEEXTENSION, VECTORSUPPORT, DATAFORMATSUPPORT) values ('TP_BASE_DVTP:BASE_TP_DVTP_100415_3:1MIN',     'TP_BASE_DVTP:BASE_TP_DVTP_100415_3:1MIN',    '1MIN',    '', '', '', 0, 'TP_BASE_DVTP:BASE_TP_DVTP_100415_3', '', '', 0, '', '', '', 0, 0, 0, 0, 0, '',0,0);
     insert into dwhrep.MeasurementType (TYPEID, TYPECLASSID, TYPENAME, VENDORID, FOLDERNAME, DESCRIPTION, STATUS, VERSIONID, OBJECTID, OBJECTNAME, OBJECTVERSION, OBJECTTYPE, JOINABLE, SIZING, TOTALAGG, ELEMENTBHSUPPORT, RANKINGTABLE, DELTACALCSUPPORT, PLAINTABLE, UNIVERSEEXTENSION, VECTORSUPPORT, DATAFORMATSUPPORT) values ('TP_BASE_DVTP:BASE_TP_DVTP_100415_3:15MIN',     'TP_BASE_DVTP:BASE_TP_DVTP_100415_3:15MIN',    '15MIN',    '', '', '', 0, 'TP_BASE_DVTP:BASE_TP_DVTP_100415_3', '', '', 0, '', '', '', 0, 0, 0, 0, 0, '',0,0);
     insert into dwhrep.MeasurementType (TYPEID, TYPECLASSID, TYPENAME, VENDORID, FOLDERNAME, DESCRIPTION, STATUS, VERSIONID, OBJECTID, OBJECTNAME, OBJECTVERSION, OBJECTTYPE, JOINABLE, SIZING, TOTALAGG, ELEMENTBHSUPPORT, RANKINGTABLE, DELTACALCSUPPORT, PLAINTABLE, UNIVERSEEXTENSION, VECTORSUPPORT, DATAFORMATSUPPORT) values ('TP_BASE_DVTP:BASE_TP_DVTP_100415_3:DAY',     'TP_BASE_DVTP:BASE_TP_DVTP_100415_3:DAY',    'DAY',    '', '', '', 0, 'TP_BASE_DVTP:BASE_TP_DVTP_100415_3', '', '', 0, '', '', '', 0, 0, 0, 0, 0, '',0,0);
 
 
     ----------------------------------------------------------------------
     -- MEASUREMENTTABLE
     ----------------------------------------------------------------------
     --RAW,RAW_LEV2,1MIN,FIFTEEN,DAY                                                                                                   					MTABLEID               		TABLEVEL        		TYPEID			  BTN   DT    PP
      insert into dwhrep.MeasurementTable (MTABLEID, TABLELEVEL, TYPEID, BASETABLENAME, DEFAULT_TEMPLATE, PARTITIONPLAN) values ('TP_BASE_DVTP:BASE_TP_DVTP_100415_3:RAW',    'RAW'    , 'TP_BASE_DVTP:BASE_TP_DVTP_100415_3:RAW',    null, null, null);
      insert into dwhrep.MeasurementTable (MTABLEID, TABLELEVEL, TYPEID, BASETABLENAME, DEFAULT_TEMPLATE, PARTITIONPLAN) values ('TP_BASE_DVTP:BASE_TP_DVTP_100415_3:RAW_LEV2',    'RAW_LEV2'    , 'TP_BASE_DVTP:BASE_TP_DVTP_100415_3:RAW_LEV2',    null, null, null);
      insert into dwhrep.MeasurementTable (MTABLEID, TABLELEVEL, TYPEID, BASETABLENAME, DEFAULT_TEMPLATE, PARTITIONPLAN) values ('TP_BASE_DVTP:BASE_TP_DVTP_100415_3:1MIN',    '1MIN'    , 'TP_BASE_DVTP:BASE_TP_DVTP_100415_3:1MIN',    null, null, null);
      insert into dwhrep.MeasurementTable (MTABLEID, TABLELEVEL, TYPEID, BASETABLENAME, DEFAULT_TEMPLATE, PARTITIONPLAN) values ('TP_BASE_DVTP:BASE_TP_DVTP_100415_3:15MIN',    '15MIN'    , 'TP_BASE_DVTP:BASE_TP_DVTP_100415_3:15MIN',    null, null, null);
      insert into dwhrep.MeasurementTable (MTABLEID, TABLELEVEL, TYPEID, BASETABLENAME, DEFAULT_TEMPLATE, PARTITIONPLAN) values ('TP_BASE_DVTP:BASE_TP_DVTP_100415_3:DAY',    'DAY'    , 'TP_BASE_DVTP:BASE_TP_DVTP_100415_3:DAY',    null, null, null);
      
 
      
     ----------------------------------------------------------------------
     -- MEASUREMENTCOLUMN
     ----------------------------------------------------------------------
     --RAW public keys
     insert into dwhrep.MeasurementColumn (MTABLEID, DATANAME, COLNUMBER, DATATYPE, DATASIZE, DATASCALE, UNIQUEVALUE, NULLABLE, INDEXES, DESCRIPTION, DATAID, RELEASEID, UNIQUEKEY, INCLUDESQL, COLTYPE) values ('TP_BASE_DVTP:BASE_TP_DVTP_100415_3:RAW',   'EVENT_SOURCE_NAME', 81, 'varchar', 128, 0, 4000, 1, 'LF', '', 'EVENT_SOURCE_NAME', 'BASE_TP_DVTP_100415_3', 0, 1, null);
     insert into dwhrep.MeasurementColumn (MTABLEID, DATANAME, COLNUMBER, DATATYPE, DATASIZE, DATASCALE, UNIQUEVALUE, NULLABLE, INDEXES, DESCRIPTION, DATAID, RELEASEID, UNIQUEKEY, INCLUDESQL, COLTYPE) values ('TP_BASE_DVTP:BASE_TP_DVTP_100415_3:RAW',   'OSS_ID', 82, 'varchar', 20, 0, 255, 1, 'LF', '', 'OSS_ID', 'BASE_TP_DVTP_100415_3', 0, 1, null);
     insert into dwhrep.MeasurementColumn (MTABLEID, DATANAME, COLNUMBER, DATATYPE, DATASIZE, DATASCALE, UNIQUEVALUE, NULLABLE, INDEXES, DESCRIPTION, DATAID, RELEASEID, UNIQUEKEY, INCLUDESQL, COLTYPE) values ('TP_BASE_DVTP:BASE_TP_DVTP_100415_3:RAW',   'DATE_ID', 83, 'date', 0, 0, 100000000, 0, 'LF', '', 'DATE_ID', 'BASE_TP_DVTP_100415_3', 0, 1, null);
     insert into dwhrep.MeasurementColumn (MTABLEID, DATANAME, COLNUMBER, DATATYPE, DATASIZE, DATASCALE, UNIQUEVALUE, NULLABLE, INDEXES, DESCRIPTION, DATAID, RELEASEID, UNIQUEKEY, INCLUDESQL, COLTYPE) values ('TP_BASE_DVTP:BASE_TP_DVTP_100415_3:RAW',   'YEAR_ID', 84, 'smallint', 0, 0, 65536, 0, 'LF', '', 'YEAR_ID', 'BASE_TP_DVTP_100415_3', 0, 0, null);
     insert into dwhrep.MeasurementColumn (MTABLEID, DATANAME, COLNUMBER, DATATYPE, DATASIZE, DATASCALE, UNIQUEVALUE, NULLABLE, INDEXES, DESCRIPTION, DATAID, RELEASEID, UNIQUEKEY, INCLUDESQL, COLTYPE) values ('TP_BASE_DVTP:BASE_TP_DVTP_100415_3:RAW',   'MONTH_ID', 85, 'tinyint', 0, 0, 256, 0, 'LF', '', 'MONTH_ID', 'BASE_TP_DVTP_100415_3', 0, 0, null);
     insert into dwhrep.MeasurementColumn (MTABLEID, DATANAME, COLNUMBER, DATATYPE, DATASIZE, DATASCALE, UNIQUEVALUE, NULLABLE, INDEXES, DESCRIPTION, DATAID, RELEASEID, UNIQUEKEY, INCLUDESQL, COLTYPE) values ('TP_BASE_DVTP:BASE_TP_DVTP_100415_3:RAW',   'DAY_ID', 86, 'tinyint', 0, 0, 256, 0, 'LF', '', 'DAY_ID', 'BASE_TP_DVTP_100415_3', 0, 0, null);
     insert into dwhrep.MeasurementColumn (MTABLEID, DATANAME, COLNUMBER, DATATYPE, DATASIZE, DATASCALE, UNIQUEVALUE, NULLABLE, INDEXES, DESCRIPTION, DATAID, RELEASEID, UNIQUEKEY, INCLUDESQL, COLTYPE) values ('TP_BASE_DVTP:BASE_TP_DVTP_100415_3:RAW',   'HOUR_ID', 87, 'tinyint', 0, 0, 256, 0, 'LF', '', 'HOUR_ID', 'BASE_TP_DVTP_100415_3', 0, 0, null);
     insert into dwhrep.MeasurementColumn (MTABLEID, DATANAME, COLNUMBER, DATATYPE, DATASIZE, DATASCALE, UNIQUEVALUE, NULLABLE, INDEXES, DESCRIPTION, DATAID, RELEASEID, UNIQUEKEY, INCLUDESQL, COLTYPE) values ('TP_BASE_DVTP:BASE_TP_DVTP_100415_3:RAW',   'MIN_ID', 88, 'tinyint', 0, 0, 256, 0, 'LF', '', 'MIN_ID', 'BASE_TP_DVTP_100415_3', 0, 0, null);
     insert into dwhrep.MeasurementColumn (MTABLEID, DATANAME, COLNUMBER, DATATYPE, DATASIZE, DATASCALE, UNIQUEVALUE, NULLABLE, INDEXES, DESCRIPTION, DATAID, RELEASEID, UNIQUEKEY, INCLUDESQL, COLTYPE) values ('TP_BASE_DVTP:BASE_TP_DVTP_100415_3:RAW',   'DATETIME_ID', 89, 'datetime', 0, 0, 100000000, 0, 'HG', '', 'DATETIME_ID', 'BASE_TP_DVTP_100415_3', 0, 1, null);
     insert into dwhrep.MeasurementColumn (MTABLEID, DATANAME, COLNUMBER, DATATYPE, DATASIZE, DATASCALE, UNIQUEVALUE, NULLABLE, INDEXES, DESCRIPTION, DATAID, RELEASEID, UNIQUEKEY, INCLUDESQL, COLTYPE) values ('TP_BASE_DVTP:BASE_TP_DVTP_100415_3:RAW',   'EVENT_TIME', 90, 'timestamp', 0, 0, 25000000, 0, '', '', 'EVENT_TIME', 'BASE_TP_DVTP_100415_3', 0, 0, null);
     insert into dwhrep.MeasurementColumn (MTABLEID, DATANAME, COLNUMBER, DATATYPE, DATASIZE, DATASCALE, UNIQUEVALUE, NULLABLE, INDEXES, DESCRIPTION, DATAID, RELEASEID, UNIQUEKEY, INCLUDESQL, COLTYPE) values ('TP_BASE_DVTP:BASE_TP_DVTP_100415_3:RAW',   'TIMEZONE', 91, 'smallint', 0, 0, 65536, 1, 'LF', '', 'TIMEZONE', 'BASE_TP_DVTP_100415_3', 0, 1, null);
     insert into dwhrep.MeasurementColumn (MTABLEID, DATANAME, COLNUMBER, DATATYPE, DATASIZE, DATASCALE, UNIQUEVALUE, NULLABLE, INDEXES, DESCRIPTION, DATAID, RELEASEID, UNIQUEKEY, INCLUDESQL, COLTYPE) values ('TP_BASE_DVTP:BASE_TP_DVTP_100415_3:RAW',   'VENDOR', 92, 'varchar', 20, 0, 255, 1, 'LF', '', 'VENDOR', 'BASE_TP_DVTP_100415_3', 0, 1, null);
     insert into dwhrep.MeasurementColumn (MTABLEID, DATANAME, COLNUMBER, DATATYPE, DATASIZE, DATASCALE, UNIQUEVALUE, NULLABLE, INDEXES, DESCRIPTION, DATAID, RELEASEID, UNIQUEKEY, INCLUDESQL, COLTYPE) values ('TP_BASE_DVTP:BASE_TP_DVTP_100415_3:RAW',   'SUSPECTFLAG', 93, 'bit', 0, 0, 1, 1, '', '', 'SUSPECTFLAG', 'BASE_TP_DVTP_100415_3', 0, 1, null);
     insert into dwhrep.MeasurementColumn (MTABLEID, DATANAME, COLNUMBER, DATATYPE, DATASIZE, DATASCALE, UNIQUEVALUE, NULLABLE, INDEXES, DESCRIPTION, DATAID, RELEASEID, UNIQUEKEY, INCLUDESQL, COLTYPE) values ('TP_BASE_DVTP:BASE_TP_DVTP_100415_3:RAW',   'NE_VERSION', 94, 'varchar', 20, 0, 255, 1, 'LF', '', 'NE_VERSION', 'BASE_TP_DVTP_100415_3', 0, 1, null);
     insert into dwhrep.MeasurementColumn (MTABLEID, DATANAME, COLNUMBER, DATATYPE, DATASIZE, DATASCALE, UNIQUEVALUE, NULLABLE, INDEXES, DESCRIPTION, DATAID, RELEASEID, UNIQUEKEY, INCLUDESQL, COLTYPE) values ('TP_BASE_DVTP:BASE_TP_DVTP_100415_3:RAW',   'IMSI', 95, 'unsigned bigint', 0, 0, 100000000, 1, 'HG', '', 'IMSI', 'BASE_TP_DVTP_100415_3', 0, 1, null);
     insert into dwhrep.MeasurementColumn (MTABLEID, DATANAME, COLNUMBER, DATATYPE, DATASIZE, DATASCALE, UNIQUEVALUE, NULLABLE, INDEXES, DESCRIPTION, DATAID, RELEASEID, UNIQUEKEY, INCLUDESQL, COLTYPE) values ('TP_BASE_DVTP:BASE_TP_DVTP_100415_3:RAW',   'MSISDN', 96, 'unsigned bigint', 0, 0, 100000000, 1, 'HG', '', 'MSISDN', 'BASE_TP_DVTP_100415_3', 0, 1, null);
     insert into dwhrep.MeasurementColumn (MTABLEID, DATANAME, COLNUMBER, DATATYPE, DATASIZE, DATASCALE, UNIQUEVALUE, NULLABLE, INDEXES, DESCRIPTION, DATAID, RELEASEID, UNIQUEKEY, INCLUDESQL, COLTYPE) values ('TP_BASE_DVTP:BASE_TP_DVTP_100415_3:RAW',   'SESSION_ID', 97, 'unsigned int', 0, 0, 100000000, 1, 'HG', '', 'SESSION_ID', 'BASE_TP_DVTP_100415_3', 0, 0, null);
     insert into dwhrep.MeasurementColumn (MTABLEID, DATANAME, COLNUMBER, DATATYPE, DATASIZE, DATASCALE, UNIQUEVALUE, NULLABLE, INDEXES, DESCRIPTION, DATAID, RELEASEID, UNIQUEKEY, INCLUDESQL, COLTYPE) values ('TP_BASE_DVTP:BASE_TP_DVTP_100415_3:RAW',   'BATCH_ID', 98, 'unsigned int', 0, 0, 100000000, 1, '', '', 'BATCH_ID', 'BASE_TP_DVTP_100415_3', 0, 0, null);
     insert into dwhrep.MeasurementColumn (MTABLEID, DATANAME, COLNUMBER, DATATYPE, DATASIZE, DATASCALE, UNIQUEVALUE, NULLABLE, INDEXES, DESCRIPTION, DATAID, RELEASEID, UNIQUEKEY, INCLUDESQL, COLTYPE) values ('TP_BASE_DVTP:BASE_TP_DVTP_100415_3:RAW',   'LOCAL_DATE_ID', 99, 'date', 0, 0, 100000000, 0, 'LF', '', 'LOCAL_DATE_ID', 'BASE_TP_DVTP_100415_3', 0, 1, null);
     insert into dwhrep.MeasurementColumn (MTABLEID, DATANAME, COLNUMBER, DATATYPE, DATASIZE, DATASCALE, UNIQUEVALUE, NULLABLE, INDEXES, DESCRIPTION, DATAID, RELEASEID, UNIQUEKEY, INCLUDESQL, COLTYPE) values ('TP_BASE_DVTP:BASE_TP_DVTP_100415_3:RAW',   'AGG_FLAG', 100, 'bit', 0, 0, 1, 1, '', '', 'AGG_FLAG', 'BASE_TP_DVTP_100415_3', 0, 0, null);

     --RAW_LEV2 public keys
     insert into dwhrep.MeasurementColumn (MTABLEID, DATANAME, COLNUMBER, DATATYPE, DATASIZE, DATASCALE, UNIQUEVALUE, NULLABLE, INDEXES, DESCRIPTION, DATAID, RELEASEID, UNIQUEKEY, INCLUDESQL, COLTYPE) values ('TP_BASE_DVTP:BASE_TP_DVTP_100415_3:RAW_LEV2',   'EVENT_SOURCE_NAME', 81, 'varchar', 128, 0, 4000, 1, 'LF', '', 'EVENT_SOURCE_NAME', 'BASE_TP_DVTP_100415_3', 0, 1, null);
     insert into dwhrep.MeasurementColumn (MTABLEID, DATANAME, COLNUMBER, DATATYPE, DATASIZE, DATASCALE, UNIQUEVALUE, NULLABLE, INDEXES, DESCRIPTION, DATAID, RELEASEID, UNIQUEKEY, INCLUDESQL, COLTYPE) values ('TP_BASE_DVTP:BASE_TP_DVTP_100415_3:RAW_LEV2',   'OSS_ID', 82, 'varchar', 20, 0, 255, 1, 'LF', '', 'OSS_ID', 'BASE_TP_DVTP_100415_3', 0, 1, null);
     insert into dwhrep.MeasurementColumn (MTABLEID, DATANAME, COLNUMBER, DATATYPE, DATASIZE, DATASCALE, UNIQUEVALUE, NULLABLE, INDEXES, DESCRIPTION, DATAID, RELEASEID, UNIQUEKEY, INCLUDESQL, COLTYPE) values ('TP_BASE_DVTP:BASE_TP_DVTP_100415_3:RAW_LEV2',   'DATE_ID', 83, 'date', 0, 0, 100000000, 0, 'LF', '', 'DATE_ID', 'BASE_TP_DVTP_100415_3', 0, 1, null);
     insert into dwhrep.MeasurementColumn (MTABLEID, DATANAME, COLNUMBER, DATATYPE, DATASIZE, DATASCALE, UNIQUEVALUE, NULLABLE, INDEXES, DESCRIPTION, DATAID, RELEASEID, UNIQUEKEY, INCLUDESQL, COLTYPE) values ('TP_BASE_DVTP:BASE_TP_DVTP_100415_3:RAW_LEV2',   'YEAR_ID', 84, 'smallint', 0, 0, 65536, 0, 'LF', '', 'YEAR_ID', 'BASE_TP_DVTP_100415_3', 0, 0, null);
     insert into dwhrep.MeasurementColumn (MTABLEID, DATANAME, COLNUMBER, DATATYPE, DATASIZE, DATASCALE, UNIQUEVALUE, NULLABLE, INDEXES, DESCRIPTION, DATAID, RELEASEID, UNIQUEKEY, INCLUDESQL, COLTYPE) values ('TP_BASE_DVTP:BASE_TP_DVTP_100415_3:RAW_LEV2',   'MONTH_ID', 85, 'tinyint', 0, 0, 256, 0, 'LF', '', 'MONTH_ID', 'BASE_TP_DVTP_100415_3', 0, 0, null);
     insert into dwhrep.MeasurementColumn (MTABLEID, DATANAME, COLNUMBER, DATATYPE, DATASIZE, DATASCALE, UNIQUEVALUE, NULLABLE, INDEXES, DESCRIPTION, DATAID, RELEASEID, UNIQUEKEY, INCLUDESQL, COLTYPE) values ('TP_BASE_DVTP:BASE_TP_DVTP_100415_3:RAW_LEV2',   'DAY_ID', 86, 'tinyint', 0, 0, 256, 0, 'LF', '', 'DAY_ID', 'BASE_TP_DVTP_100415_3', 0, 0, null);
     insert into dwhrep.MeasurementColumn (MTABLEID, DATANAME, COLNUMBER, DATATYPE, DATASIZE, DATASCALE, UNIQUEVALUE, NULLABLE, INDEXES, DESCRIPTION, DATAID, RELEASEID, UNIQUEKEY, INCLUDESQL, COLTYPE) values ('TP_BASE_DVTP:BASE_TP_DVTP_100415_3:RAW_LEV2',   'HOUR_ID', 87, 'tinyint', 0, 0, 256, 0, 'LF', '', 'HOUR_ID', 'BASE_TP_DVTP_100415_3', 0, 0, null);
     insert into dwhrep.MeasurementColumn (MTABLEID, DATANAME, COLNUMBER, DATATYPE, DATASIZE, DATASCALE, UNIQUEVALUE, NULLABLE, INDEXES, DESCRIPTION, DATAID, RELEASEID, UNIQUEKEY, INCLUDESQL, COLTYPE) values ('TP_BASE_DVTP:BASE_TP_DVTP_100415_3:RAW_LEV2',   'MIN_ID', 88, 'tinyint', 0, 0, 256, 0, 'LF', '', 'MIN_ID', 'BASE_TP_DVTP_100415_3', 0, 0, null);
     insert into dwhrep.MeasurementColumn (MTABLEID, DATANAME, COLNUMBER, DATATYPE, DATASIZE, DATASCALE, UNIQUEVALUE, NULLABLE, INDEXES, DESCRIPTION, DATAID, RELEASEID, UNIQUEKEY, INCLUDESQL, COLTYPE) values ('TP_BASE_DVTP:BASE_TP_DVTP_100415_3:RAW_LEV2',   'DATETIME_ID', 89, 'datetime', 0, 0, 100000000, 0, 'HG', '', 'DATETIME_ID', 'BASE_TP_DVTP_100415_3', 0, 1, null);
     insert into dwhrep.MeasurementColumn (MTABLEID, DATANAME, COLNUMBER, DATATYPE, DATASIZE, DATASCALE, UNIQUEVALUE, NULLABLE, INDEXES, DESCRIPTION, DATAID, RELEASEID, UNIQUEKEY, INCLUDESQL, COLTYPE) values ('TP_BASE_DVTP:BASE_TP_DVTP_100415_3:RAW_LEV2',   'EVENT_TIME', 90, 'timestamp', 0, 0, 25000000, 0, '', '', 'EVENT_TIME', 'BASE_TP_DVTP_100415_3', 0, 0, null);
     insert into dwhrep.MeasurementColumn (MTABLEID, DATANAME, COLNUMBER, DATATYPE, DATASIZE, DATASCALE, UNIQUEVALUE, NULLABLE, INDEXES, DESCRIPTION, DATAID, RELEASEID, UNIQUEKEY, INCLUDESQL, COLTYPE) values ('TP_BASE_DVTP:BASE_TP_DVTP_100415_3:RAW_LEV2',   'TIMEZONE', 91, 'smallint', 0, 0, 65536, 1, 'LF', '', 'TIMEZONE', 'BASE_TP_DVTP_100415_3', 0, 1, null);
     insert into dwhrep.MeasurementColumn (MTABLEID, DATANAME, COLNUMBER, DATATYPE, DATASIZE, DATASCALE, UNIQUEVALUE, NULLABLE, INDEXES, DESCRIPTION, DATAID, RELEASEID, UNIQUEKEY, INCLUDESQL, COLTYPE) values ('TP_BASE_DVTP:BASE_TP_DVTP_100415_3:RAW_LEV2',   'VENDOR', 92, 'varchar', 20, 0, 255, 1, 'LF', '', 'VENDOR', 'BASE_TP_DVTP_100415_3', 0, 1, null);
     insert into dwhrep.MeasurementColumn (MTABLEID, DATANAME, COLNUMBER, DATATYPE, DATASIZE, DATASCALE, UNIQUEVALUE, NULLABLE, INDEXES, DESCRIPTION, DATAID, RELEASEID, UNIQUEKEY, INCLUDESQL, COLTYPE) values ('TP_BASE_DVTP:BASE_TP_DVTP_100415_3:RAW_LEV2',   'SUSPECTFLAG', 93, 'bit', 0, 0, 1, 1, '', '', 'SUSPECTFLAG', 'BASE_TP_DVTP_100415_3', 0, 1, null);
     insert into dwhrep.MeasurementColumn (MTABLEID, DATANAME, COLNUMBER, DATATYPE, DATASIZE, DATASCALE, UNIQUEVALUE, NULLABLE, INDEXES, DESCRIPTION, DATAID, RELEASEID, UNIQUEKEY, INCLUDESQL, COLTYPE) values ('TP_BASE_DVTP:BASE_TP_DVTP_100415_3:RAW_LEV2',   'NE_VERSION', 94, 'varchar', 20, 0, 255, 1, 'LF', '', 'NE_VERSION', 'BASE_TP_DVTP_100415_3', 0, 1, null);
     insert into dwhrep.MeasurementColumn (MTABLEID, DATANAME, COLNUMBER, DATATYPE, DATASIZE, DATASCALE, UNIQUEVALUE, NULLABLE, INDEXES, DESCRIPTION, DATAID, RELEASEID, UNIQUEKEY, INCLUDESQL, COLTYPE) values ('TP_BASE_DVTP:BASE_TP_DVTP_100415_3:RAW_LEV2',   'IMSI', 95, 'unsigned bigint', 0, 0, 100000000, 1, 'HG', '', 'IMSI', 'BASE_TP_DVTP_100415_3', 0, 1, null);
     insert into dwhrep.MeasurementColumn (MTABLEID, DATANAME, COLNUMBER, DATATYPE, DATASIZE, DATASCALE, UNIQUEVALUE, NULLABLE, INDEXES, DESCRIPTION, DATAID, RELEASEID, UNIQUEKEY, INCLUDESQL, COLTYPE) values ('TP_BASE_DVTP:BASE_TP_DVTP_100415_3:RAW_LEV2',   'MSISDN', 96, 'unsigned bigint', 0, 0, 100000000, 1, 'HG', '', 'MSISDN', 'BASE_TP_DVTP_100415_3', 0, 1, null);
     insert into dwhrep.MeasurementColumn (MTABLEID, DATANAME, COLNUMBER, DATATYPE, DATASIZE, DATASCALE, UNIQUEVALUE, NULLABLE, INDEXES, DESCRIPTION, DATAID, RELEASEID, UNIQUEKEY, INCLUDESQL, COLTYPE) values ('TP_BASE_DVTP:BASE_TP_DVTP_100415_3:RAW_LEV2',   'SESSION_ID', 97, 'unsigned int', 0, 0, 100000000, 1, 'HG', '', 'SESSION_ID', 'BASE_TP_DVTP_100415_3', 0, 0, null);
     insert into dwhrep.MeasurementColumn (MTABLEID, DATANAME, COLNUMBER, DATATYPE, DATASIZE, DATASCALE, UNIQUEVALUE, NULLABLE, INDEXES, DESCRIPTION, DATAID, RELEASEID, UNIQUEKEY, INCLUDESQL, COLTYPE) values ('TP_BASE_DVTP:BASE_TP_DVTP_100415_3:RAW_LEV2',   'BATCH_ID', 98, 'unsigned int', 0, 0, 100000000, 1, '', '', 'BATCH_ID', 'BASE_TP_DVTP_100415_3', 0, 0, null);
     insert into dwhrep.MeasurementColumn (MTABLEID, DATANAME, COLNUMBER, DATATYPE, DATASIZE, DATASCALE, UNIQUEVALUE, NULLABLE, INDEXES, DESCRIPTION, DATAID, RELEASEID, UNIQUEKEY, INCLUDESQL, COLTYPE) values ('TP_BASE_DVTP:BASE_TP_DVTP_100415_3:RAW_LEV2',   'LOCAL_DATE_ID', 99, 'date', 0, 0, 100000000, 0, 'LF', '', 'LOCAL_DATE_ID', 'BASE_TP_DVTP_100415_3', 0, 1, null);
     insert into dwhrep.MeasurementColumn (MTABLEID, DATANAME, COLNUMBER, DATATYPE, DATASIZE, DATASCALE, UNIQUEVALUE, NULLABLE, INDEXES, DESCRIPTION, DATAID, RELEASEID, UNIQUEKEY, INCLUDESQL, COLTYPE) values ('TP_BASE_DVTP:BASE_TP_DVTP_100415_3:RAW_LEV2',   'AGG_FLAG', 100, 'bit', 0, 0, 1, 1, '', '', 'AGG_FLAG', 'BASE_TP_DVTP_100415_3', 0, 0, null);


     --1MIN public keys
     insert into dwhrep.MeasurementColumn (MTABLEID, DATANAME, COLNUMBER, DATATYPE, DATASIZE, DATASCALE, UNIQUEVALUE, NULLABLE, INDEXES, DESCRIPTION, DATAID, RELEASEID, UNIQUEKEY, INCLUDESQL, COLTYPE) values ('TP_BASE_DVTP:BASE_TP_DVTP_100415_3:1MIN',   'DATE_ID', 81, 'date', 0, 0, 100000000, 0, 'LF', '', 'DATE_ID', 'BASE_TP_DVTP_100415_3', 0, 1, null);
     insert into dwhrep.MeasurementColumn (MTABLEID, DATANAME, COLNUMBER, DATATYPE, DATASIZE, DATASCALE, UNIQUEVALUE, NULLABLE, INDEXES, DESCRIPTION, DATAID, RELEASEID, UNIQUEKEY, INCLUDESQL, COLTYPE) values ('TP_BASE_DVTP:BASE_TP_DVTP_100415_3:1MIN',   'YEAR_ID', 82, 'smallint', 0, 0, 65536, 0, 'LF', '', 'YEAR_ID', 'BASE_TP_DVTP_100415_3', 0, 0, null);
     insert into dwhrep.MeasurementColumn (MTABLEID, DATANAME, COLNUMBER, DATATYPE, DATASIZE, DATASCALE, UNIQUEVALUE, NULLABLE, INDEXES, DESCRIPTION, DATAID, RELEASEID, UNIQUEKEY, INCLUDESQL, COLTYPE) values ('TP_BASE_DVTP:BASE_TP_DVTP_100415_3:1MIN',   'MONTH_ID', 83, 'tinyint', 0, 0, 256, 0, 'LF', '', 'MONTH_ID', 'BASE_TP_DVTP_100415_3', 0, 0, null);
     insert into dwhrep.MeasurementColumn (MTABLEID, DATANAME, COLNUMBER, DATATYPE, DATASIZE, DATASCALE, UNIQUEVALUE, NULLABLE, INDEXES, DESCRIPTION, DATAID, RELEASEID, UNIQUEKEY, INCLUDESQL, COLTYPE) values ('TP_BASE_DVTP:BASE_TP_DVTP_100415_3:1MIN',   'DAY_ID', 84, 'tinyint', 0, 0, 256, 0, 'LF', '', 'DAY_ID', 'BASE_TP_DVTP_100415_3', 0, 0, null);
     insert into dwhrep.MeasurementColumn (MTABLEID, DATANAME, COLNUMBER, DATATYPE, DATASIZE, DATASCALE, UNIQUEVALUE, NULLABLE, INDEXES, DESCRIPTION, DATAID, RELEASEID, UNIQUEKEY, INCLUDESQL, COLTYPE) values ('TP_BASE_DVTP:BASE_TP_DVTP_100415_3:1MIN',   'HOUR_ID', 85, 'tinyint', 0, 0, 256, 0, 'LF', '', 'HOUR_ID', 'BASE_TP_DVTP_100415_3', 0, 0, null);
     insert into dwhrep.MeasurementColumn (MTABLEID, DATANAME, COLNUMBER, DATATYPE, DATASIZE, DATASCALE, UNIQUEVALUE, NULLABLE, INDEXES, DESCRIPTION, DATAID, RELEASEID, UNIQUEKEY, INCLUDESQL, COLTYPE) values ('TP_BASE_DVTP:BASE_TP_DVTP_100415_3:1MIN',   'MIN_ID', 86, 'tinyint', 0, 0, 256, 0, 'LF', '', 'MIN_ID', 'BASE_TP_DVTP_100415_3', 0, 0, null);
     insert into dwhrep.MeasurementColumn (MTABLEID, DATANAME, COLNUMBER, DATATYPE, DATASIZE, DATASCALE, UNIQUEVALUE, NULLABLE, INDEXES, DESCRIPTION, DATAID, RELEASEID, UNIQUEKEY, INCLUDESQL, COLTYPE) values ('TP_BASE_DVTP:BASE_TP_DVTP_100415_3:1MIN',   'DATETIME_ID', 87, 'datetime', 0, 0, 100000000, 0, 'HG', '', 'DATETIME_ID', 'BASE_TP_DVTP_100415_3', 0, 1, null);
     insert into dwhrep.MeasurementColumn (MTABLEID, DATANAME, COLNUMBER, DATATYPE, DATASIZE, DATASCALE, UNIQUEVALUE, NULLABLE, INDEXES, DESCRIPTION, DATAID, RELEASEID, UNIQUEKEY, INCLUDESQL, COLTYPE) values ('TP_BASE_DVTP:BASE_TP_DVTP_100415_3:1MIN',   'VALID', 88, 'bit', 0, 0, 1, 1, '', '', 'VALID', 'BASE_TP_DVTP_100415_3', 0, 0, null);
 
     --15MIN public keys
     insert into dwhrep.MeasurementColumn (MTABLEID, DATANAME, COLNUMBER, DATATYPE, DATASIZE, DATASCALE, UNIQUEVALUE, NULLABLE, INDEXES, DESCRIPTION, DATAID, RELEASEID, UNIQUEKEY, INCLUDESQL, COLTYPE) values ('TP_BASE_DVTP:BASE_TP_DVTP_100415_3:15MIN',   'DATE_ID', 81, 'date', 0, 0, 100000000, 0, 'LF', '', 'DATE_ID', 'BASE_TP_DVTP_100415_3', 0, 1, null);
     insert into dwhrep.MeasurementColumn (MTABLEID, DATANAME, COLNUMBER, DATATYPE, DATASIZE, DATASCALE, UNIQUEVALUE, NULLABLE, INDEXES, DESCRIPTION, DATAID, RELEASEID, UNIQUEKEY, INCLUDESQL, COLTYPE) values ('TP_BASE_DVTP:BASE_TP_DVTP_100415_3:15MIN',   'YEAR_ID', 82, 'smallint', 0, 0, 65536, 0, 'LF', '', 'YEAR_ID', 'BASE_TP_DVTP_100415_3', 0, 0, null);
     insert into dwhrep.MeasurementColumn (MTABLEID, DATANAME, COLNUMBER, DATATYPE, DATASIZE, DATASCALE, UNIQUEVALUE, NULLABLE, INDEXES, DESCRIPTION, DATAID, RELEASEID, UNIQUEKEY, INCLUDESQL, COLTYPE) values ('TP_BASE_DVTP:BASE_TP_DVTP_100415_3:15MIN',   'MONTH_ID', 83, 'tinyint', 0, 0, 256, 0, 'LF', '', 'MONTH_ID', 'BASE_TP_DVTP_100415_3', 0, 0, null);
     insert into dwhrep.MeasurementColumn (MTABLEID, DATANAME, COLNUMBER, DATATYPE, DATASIZE, DATASCALE, UNIQUEVALUE, NULLABLE, INDEXES, DESCRIPTION, DATAID, RELEASEID, UNIQUEKEY, INCLUDESQL, COLTYPE) values ('TP_BASE_DVTP:BASE_TP_DVTP_100415_3:15MIN',   'DAY_ID', 84, 'tinyint', 0, 0, 256, 0, 'LF', '', 'DAY_ID', 'BASE_TP_DVTP_100415_3', 0, 0, null);
     insert into dwhrep.MeasurementColumn (MTABLEID, DATANAME, COLNUMBER, DATATYPE, DATASIZE, DATASCALE, UNIQUEVALUE, NULLABLE, INDEXES, DESCRIPTION, DATAID, RELEASEID, UNIQUEKEY, INCLUDESQL, COLTYPE) values ('TP_BASE_DVTP:BASE_TP_DVTP_100415_3:15MIN',   'HOUR_ID', 85, 'tinyint', 0, 0, 256, 0, 'LF', '', 'HOUR_ID', 'BASE_TP_DVTP_100415_3', 0, 0, null);
     insert into dwhrep.MeasurementColumn (MTABLEID, DATANAME, COLNUMBER, DATATYPE, DATASIZE, DATASCALE, UNIQUEVALUE, NULLABLE, INDEXES, DESCRIPTION, DATAID, RELEASEID, UNIQUEKEY, INCLUDESQL, COLTYPE) values ('TP_BASE_DVTP:BASE_TP_DVTP_100415_3:15MIN',   'MIN_ID', 86, 'tinyint', 0, 0, 256, 0, 'LF', '', 'MIN_ID', 'BASE_TP_DVTP_100415_3', 0, 0, null);
     insert into dwhrep.MeasurementColumn (MTABLEID, DATANAME, COLNUMBER, DATATYPE, DATASIZE, DATASCALE, UNIQUEVALUE, NULLABLE, INDEXES, DESCRIPTION, DATAID, RELEASEID, UNIQUEKEY, INCLUDESQL, COLTYPE) values ('TP_BASE_DVTP:BASE_TP_DVTP_100415_3:15MIN',   'DATETIME_ID', 87, 'datetime', 0, 0, 100000000, 0, 'HG', '', 'DATETIME_ID', 'BASE_TP_DVTP_100415_3', 0, 1, null);
     insert into dwhrep.MeasurementColumn (MTABLEID, DATANAME, COLNUMBER, DATATYPE, DATASIZE, DATASCALE, UNIQUEVALUE, NULLABLE, INDEXES, DESCRIPTION, DATAID, RELEASEID, UNIQUEKEY, INCLUDESQL, COLTYPE) values ('TP_BASE_DVTP:BASE_TP_DVTP_100415_3:15MIN',   'VALID', 88, 'bit', 0, 0, 1, 1, '', '', 'VALID', 'BASE_TP_DVTP_100415_3', 0, 0, null);

 
     --DAY public keys
     insert into dwhrep.MeasurementColumn (MTABLEID, DATANAME, COLNUMBER, DATATYPE, DATASIZE, DATASCALE, UNIQUEVALUE, NULLABLE, INDEXES, DESCRIPTION, DATAID, RELEASEID, UNIQUEKEY, INCLUDESQL, COLTYPE) values ('TP_BASE_DVTP:BASE_TP_DVTP_100415_3:DAY',   'DATE_ID', 81, 'date', 0, 0, 100000000, 0, 'LF', '', 'DATE_ID', 'BASE_TP_DVTP_100415_3', 0, 1, null);
     insert into dwhrep.MeasurementColumn (MTABLEID, DATANAME, COLNUMBER, DATATYPE, DATASIZE, DATASCALE, UNIQUEVALUE, NULLABLE, INDEXES, DESCRIPTION, DATAID, RELEASEID, UNIQUEKEY, INCLUDESQL, COLTYPE) values ('TP_BASE_DVTP:BASE_TP_DVTP_100415_3:DAY',   'YEAR_ID', 82, 'smallint', 0, 0, 65536, 0, 'LF', '', 'YEAR_ID', 'BASE_TP_DVTP_100415_3', 0, 0, null);
     insert into dwhrep.MeasurementColumn (MTABLEID, DATANAME, COLNUMBER, DATATYPE, DATASIZE, DATASCALE, UNIQUEVALUE, NULLABLE, INDEXES, DESCRIPTION, DATAID, RELEASEID, UNIQUEKEY, INCLUDESQL, COLTYPE) values ('TP_BASE_DVTP:BASE_TP_DVTP_100415_3:DAY',   'MONTH_ID', 83, 'tinyint', 0, 0, 256, 0, 'LF', '', 'MONTH_ID', 'BASE_TP_DVTP_100415_3', 0, 0, null);
     insert into dwhrep.MeasurementColumn (MTABLEID, DATANAME, COLNUMBER, DATATYPE, DATASIZE, DATASCALE, UNIQUEVALUE, NULLABLE, INDEXES, DESCRIPTION, DATAID, RELEASEID, UNIQUEKEY, INCLUDESQL, COLTYPE) values ('TP_BASE_DVTP:BASE_TP_DVTP_100415_3:DAY',   'DAY_ID', 84, 'tinyint', 0, 0, 256, 0, 'LF', '', 'DAY_ID', 'BASE_TP_DVTP_100415_3', 0, 0, null);
     insert into dwhrep.MeasurementColumn (MTABLEID, DATANAME, COLNUMBER, DATATYPE, DATASIZE, DATASCALE, UNIQUEVALUE, NULLABLE, INDEXES, DESCRIPTION, DATAID, RELEASEID, UNIQUEKEY, INCLUDESQL, COLTYPE) values ('TP_BASE_DVTP:BASE_TP_DVTP_100415_3:DAY',   'HOUR_ID', 85, 'tinyint', 0, 0, 256, 1, 'LF', '', 'HOUR_ID', 'BASE_TP_DVTP_100415_3', 0, 0, null);
     insert into dwhrep.MeasurementColumn (MTABLEID, DATANAME, COLNUMBER, DATATYPE, DATASIZE, DATASCALE, UNIQUEVALUE, NULLABLE, INDEXES, DESCRIPTION, DATAID, RELEASEID, UNIQUEKEY, INCLUDESQL, COLTYPE) values ('TP_BASE_DVTP:BASE_TP_DVTP_100415_3:DAY',   'MIN_ID', 86, 'tinyint', 0, 0, 256, 1, 'LF', '', 'MIN_ID', 'BASE_TP_DVTP_100415_3', 0, 0, null);
     insert into dwhrep.MeasurementColumn (MTABLEID, DATANAME, COLNUMBER, DATATYPE, DATASIZE, DATASCALE, UNIQUEVALUE, NULLABLE, INDEXES, DESCRIPTION, DATAID, RELEASEID, UNIQUEKEY, INCLUDESQL, COLTYPE) values ('TP_BASE_DVTP:BASE_TP_DVTP_100415_3:DAY',   'DATETIME_ID', 87, 'datetime', 0, 0, 100000000, 1, 'HG', '', 'DATETIME_ID', 'BASE_TP_DVTP_100415_3', 0, 1, null);
     insert into dwhrep.MeasurementColumn (MTABLEID, DATANAME, COLNUMBER, DATATYPE, DATASIZE, DATASCALE, UNIQUEVALUE, NULLABLE, INDEXES, DESCRIPTION, DATAID, RELEASEID, UNIQUEKEY, INCLUDESQL, COLTYPE) values ('TP_BASE_DVTP:BASE_TP_DVTP_100415_3:DAY',   'VALID', 88, 'bit', 0, 0, 1, 1, '', '', 'VALID', 'BASE_TP_DVTP_100415_3', 0, 0, null);

    ----------------------------------------------------------------------
    --REFERENCETABLE
    ----------------------------------------------------------------------
    insert into dwhrep.ReferenceTable (TYPEID, VERSIONID, TYPENAME, OBJECTID, OBJECTNAME, OBJECTVERSION, OBJECTTYPE, DESCRIPTION, STATUS, UPDATE_POLICY, TABLE_TYPE, DATAFORMATSUPPORT, BASEDEF) values ('TP_BASE_DVTP:BASE_TP_DVTP_100415_3:PUBLIC_REFTYPE', 		'TP_BASE_DVTP:BASE_TP_DVTP_100415_3',	'PUBLIC_REFTYPE',			'TP_BASE_DVTP:BASE_TP_DVTP_100415_3:PUBLIC_REFTYPE',			'PUBLIC_REFTYPE',			'','','',0,0,'',0,0);    
    
    ----------------------------------------------------------------------
    --REFERENCECOLUMN
    ----------------------------------------------------------------------  
    insert into dwhrep.ReferenceColumn (TYPEID, DATANAME, COLNUMBER, DATATYPE, DATASIZE, DATASCALE, UNIQUEVALUE, NULLABLE, INDEXES, UNIQUEKEY, INCLUDESQL, INCLUDEUPD, BASEDEF, COLTYPE) values ('TP_BASE_DVTP:BASE_TP_DVTP_100415_3:PUBLIC_REFTYPE',		'VENDOR',      8,  'varchar',  20, 0, 255, 1, 'HG', 0, 1, 1, 0, 'COLUMN');
    insert into dwhrep.ReferenceColumn (TYPEID, DATANAME, COLNUMBER, DATATYPE, DATASIZE, DATASCALE, UNIQUEVALUE, NULLABLE, INDEXES, UNIQUEKEY, INCLUDESQL, INCLUDEUPD, BASEDEF, COLTYPE) values ('TP_BASE_DVTP:BASE_TP_DVTP_100415_3:PUBLIC_REFTYPE',		'STATUS',      9,  'varchar',  16, 0, 255, 1, 'HG', 0, 1, 1, 0, 'COLUMN');
    insert into dwhrep.ReferenceColumn (TYPEID, DATANAME, COLNUMBER, DATATYPE, DATASIZE, DATASCALE, UNIQUEVALUE, NULLABLE, INDEXES, UNIQUEKEY, INCLUDESQL, INCLUDEUPD, BASEDEF, COLTYPE) values ('TP_BASE_DVTP:BASE_TP_DVTP_100415_3:PUBLIC_REFTYPE',		'CREATED',     10, 'datetime', 0,  0, 255, 1, 'HG', 0, 1, 0, 0, 'COLUMN');
    insert into dwhrep.ReferenceColumn (TYPEID, DATANAME, COLNUMBER, DATATYPE, DATASIZE, DATASCALE, UNIQUEVALUE, NULLABLE, INDEXES, UNIQUEKEY, INCLUDESQL, INCLUDEUPD, BASEDEF, COLTYPE) values ('TP_BASE_DVTP:BASE_TP_DVTP_100415_3:PUBLIC_REFTYPE',		'MODIFIED',    11, 'datetime', 0,  0, 255, 1, 'HG', 0, 1, 1, 0, 'COLUMN');
    insert into dwhrep.ReferenceColumn (TYPEID, DATANAME, COLNUMBER, DATATYPE, DATASIZE, DATASCALE, UNIQUEVALUE, NULLABLE, INDEXES, UNIQUEKEY, INCLUDESQL, INCLUDEUPD, BASEDEF, COLTYPE) values ('TP_BASE_DVTP:BASE_TP_DVTP_100415_3:PUBLIC_REFTYPE',		'MODIFIER',    12, 'varchar',  32, 0, 255, 1, 'HG', 0, 1, 1, 0, 'COLUMN');
     
    ----------------------------------------------------------------------
    ----------------------------------------------------------------------
    -----------------BASE Techpack For EVENT_E_TERM-----------------------
    ----------------------------------------------------------------------
    ----------------------------------------------------------------------
    ----------------------------------------------------------------------
    -- VERSIONING
    ----------------------------------------------------------------------
    insert into dwhrep.Versioning (VERSIONID, DESCRIPTION, STATUS, TECHPACK_NAME, TECHPACK_VERSION, TECHPACK_TYPE, PRODUCT_NUMBER, BASEDEFINITION,INSTALLDESCRIPTION,UNIVERSENAME,UNIVERSEEXTENSION,LOCKEDBY,LOCKDATE,ENIQ_LEVEL) values ('TP_BASE_TERM:BASE_TP_TERM_100415_3', 'TP_BASE_TERM BASE_TP_TERM_100415_3',1,'TP_BASE_TERM','R1A01','BASE','','','','','','TECHPACKIDE',NOW(),'1.0');
 
    ----------------------------------------------------------------------
    -- MEASUREMENTTYPECLASS
    ----------------------------------------------------------------------
    --RAW,1MIN,FIFTEEN,DAY                       		                 		TYPECLASSID                    			VERSIONID            		D
    insert into dwhrep.MeasurementTypeClass (TYPECLASSID, VERSIONID,DESCRIPTION) values ('TP_BASE_TERM:BASE_TP_TERM_100415_3:RAW',   'TP_BASE_TERM:BASE_TP_TERM_100415_3', '');
    insert into dwhrep.MeasurementTypeClass (TYPECLASSID, VERSIONID,DESCRIPTION) values ('TP_BASE_TERM:BASE_TP_TERM_100415_3:1MIN',   'TP_BASE_TERM:BASE_TP_TERM_100415_3', '');
    insert into dwhrep.MeasurementTypeClass (TYPECLASSID, VERSIONID,DESCRIPTION) values ('TP_BASE_TERM:BASE_TP_TERM_100415_3:15MIN',   'TP_BASE_TERM:BASE_TP_TERM_100415_3', '');
    insert into dwhrep.MeasurementTypeClass (TYPECLASSID, VERSIONID,DESCRIPTION) values ('TP_BASE_TERM:BASE_TP_TERM_100415_3:DAY',   'TP_BASE_TERM:BASE_TP_TERM_100415_3', '');
    
    ----------------------------------------------------------------------
    -- MEASUREMENTTYPE
    ----------------------------------------------------------------------
    --RAW,1MIN,FIFTEEN,DAY  
    insert into dwhrep.MeasurementType (TYPEID, TYPECLASSID, TYPENAME, VENDORID, FOLDERNAME, DESCRIPTION, STATUS, VERSIONID, OBJECTID, OBJECTNAME, OBJECTVERSION, OBJECTTYPE, JOINABLE, SIZING, TOTALAGG, ELEMENTBHSUPPORT, RANKINGTABLE, DELTACALCSUPPORT, PLAINTABLE, UNIVERSEEXTENSION, VECTORSUPPORT, DATAFORMATSUPPORT) values ('TP_BASE_TERM:BASE_TP_TERM_100415_3:RAW',    'TP_BASE_TERM:BASE_TP_TERM_100415_3:RAW',    'RAW',    '', '', '', 0, 'TP_BASE_TERM:BASE_TP_TERM_100415_3', '', '', 0, '', '', '', 0, 0, 0, 0, 0, '',0,0);
    insert into dwhrep.MeasurementType (TYPEID, TYPECLASSID, TYPENAME, VENDORID, FOLDERNAME, DESCRIPTION, STATUS, VERSIONID, OBJECTID, OBJECTNAME, OBJECTVERSION, OBJECTTYPE, JOINABLE, SIZING, TOTALAGG, ELEMENTBHSUPPORT, RANKINGTABLE, DELTACALCSUPPORT, PLAINTABLE, UNIVERSEEXTENSION, VECTORSUPPORT, DATAFORMATSUPPORT) values ('TP_BASE_TERM:BASE_TP_TERM_100415_3:1MIN',    'TP_BASE_TERM:BASE_TP_TERM_100415_3:1MIN',    '1MIN',    '', '', '', 0, 'TP_BASE_TERM:BASE_TP_TERM_100415_3', '', '', 0, '', '', '', 0, 0, 0, 0, 0, '',0,0);
    insert into dwhrep.MeasurementType (TYPEID, TYPECLASSID, TYPENAME, VENDORID, FOLDERNAME, DESCRIPTION, STATUS, VERSIONID, OBJECTID, OBJECTNAME, OBJECTVERSION, OBJECTTYPE, JOINABLE, SIZING, TOTALAGG, ELEMENTBHSUPPORT, RANKINGTABLE, DELTACALCSUPPORT, PLAINTABLE, UNIVERSEEXTENSION, VECTORSUPPORT, DATAFORMATSUPPORT) values ('TP_BASE_TERM:BASE_TP_TERM_100415_3:15MIN',    'TP_BASE_TERM:BASE_TP_TERM_100415_3:15MIN',    '15MIN',    '', '', '', 0, 'TP_BASE_TERM:BASE_TP_TERM_100415_3', '', '', 0, '', '', '', 0, 0, 0, 0, 0, '',0,0);
    insert into dwhrep.MeasurementType (TYPEID, TYPECLASSID, TYPENAME, VENDORID, FOLDERNAME, DESCRIPTION, STATUS, VERSIONID, OBJECTID, OBJECTNAME, OBJECTVERSION, OBJECTTYPE, JOINABLE, SIZING, TOTALAGG, ELEMENTBHSUPPORT, RANKINGTABLE, DELTACALCSUPPORT, PLAINTABLE, UNIVERSEEXTENSION, VECTORSUPPORT, DATAFORMATSUPPORT) values ('TP_BASE_TERM:BASE_TP_TERM_100415_3:DAY',    'TP_BASE_TERM:BASE_TP_TERM_100415_3:DAY',    'DAY',    '', '', '', 0, 'TP_BASE_TERM:BASE_TP_TERM_100415_3', '', '', 0, '', '', '', 0, 0, 0, 0, 0, '',0,0);
 
 
    ----------------------------------------------------------------------
    -- MEASUREMENTTABLE
    ----------------------------------------------------------------------
    --RAW,1MIN,FIFTEEN,DAY                                                                                					MTABLEID            		TABLEVEL       		TYPEID			  BTN   DT    PP
     insert into dwhrep.MeasurementTable (MTABLEID, TABLELEVEL, TYPEID, BASETABLENAME, DEFAULT_TEMPLATE, PARTITIONPLAN) values ('TP_BASE_TERM:BASE_TP_TERM_100415_3:RAW',    'RAW'    , 'TP_BASE_TERM:BASE_TP_TERM_100415_3:RAW',    null, null, null);
     insert into dwhrep.MeasurementTable (MTABLEID, TABLELEVEL, TYPEID, BASETABLENAME, DEFAULT_TEMPLATE, PARTITIONPLAN) values ('TP_BASE_TERM:BASE_TP_TERM_100415_3:1MIN',    '1MIN'    , 'TP_BASE_TERM:BASE_TP_TERM_100415_3:1MIN',    null, null, null);
     insert into dwhrep.MeasurementTable (MTABLEID, TABLELEVEL, TYPEID, BASETABLENAME, DEFAULT_TEMPLATE, PARTITIONPLAN) values ('TP_BASE_TERM:BASE_TP_TERM_100415_3:15MIN',    '15MIN'    , 'TP_BASE_TERM:BASE_TP_TERM_100415_3:15MIN',    null, null, null);
     insert into dwhrep.MeasurementTable (MTABLEID, TABLELEVEL, TYPEID, BASETABLENAME, DEFAULT_TEMPLATE, PARTITIONPLAN) values ('TP_BASE_TERM:BASE_TP_TERM_100415_3:DAY',    'DAY'    , 'TP_BASE_TERM:BASE_TP_TERM_100415_3:DAY',    null, null, null);
     
 
     
    ----------------------------------------------------------------------
    -- MEASUREMENTCOLUMN
    ----------------------------------------------------------------------
    --RAW public keys
    insert into dwhrep.MeasurementColumn (MTABLEID, DATANAME, COLNUMBER, DATATYPE, DATASIZE, DATASCALE, UNIQUEVALUE, NULLABLE, INDEXES, DESCRIPTION, DATAID, RELEASEID, UNIQUEKEY, INCLUDESQL, COLTYPE) values ('TP_BASE_TERM:BASE_TP_TERM_100415_3:RAW',   'DATETIME_ID', 59, 'datetime', 0, 0, 100000000, 0, 'HG', '', 'DATETIME_ID', 'BASE_TP_TERM_100415_3', 0, 1, null);
    insert into dwhrep.MeasurementColumn (MTABLEID, DATANAME, COLNUMBER, DATATYPE, DATASIZE, DATASCALE, UNIQUEVALUE, NULLABLE, INDEXES, DESCRIPTION, DATAID, RELEASEID, UNIQUEKEY, INCLUDESQL, COLTYPE) values ('TP_BASE_TERM:BASE_TP_TERM_100415_3:RAW',   'LOCAL_DATE_ID', 60, 'date', 0, 0, 100000000, 0, 'LF', '', 'LOCAL_DATE_ID', 'BASE_TP_TERM_100415_3', 0, 1, null);
    insert into dwhrep.MeasurementColumn (MTABLEID, DATANAME, COLNUMBER, DATATYPE, DATASIZE, DATASCALE, UNIQUEVALUE, NULLABLE, INDEXES, DESCRIPTION, DATAID, RELEASEID, UNIQUEKEY, INCLUDESQL, COLTYPE) values ('TP_BASE_TERM:BASE_TP_TERM_100415_3:RAW',   'AGG_FLAG', 61, 'bit', 0, 0, 1, 1, '', '', 'AGG_FLAG', 'BASE_TP_TERM_100415_3', 0, 0, null);

  
    --1MIN public keys
    insert into dwhrep.MeasurementColumn (MTABLEID, DATANAME, COLNUMBER, DATATYPE, DATASIZE, DATASCALE, UNIQUEVALUE, NULLABLE, INDEXES, DESCRIPTION, DATAID, RELEASEID, UNIQUEKEY, INCLUDESQL, COLTYPE) values ('TP_BASE_TERM:BASE_TP_TERM_100415_3:1MIN',   'DATE_ID', 53, 'date', 0, 0, 100000000, 0, 'LF', '', 'DATE_ID', 'BASE_TP_TERM_100415_3', 0, 1, null);
    insert into dwhrep.MeasurementColumn (MTABLEID, DATANAME, COLNUMBER, DATATYPE, DATASIZE, DATASCALE, UNIQUEVALUE, NULLABLE, INDEXES, DESCRIPTION, DATAID, RELEASEID, UNIQUEKEY, INCLUDESQL, COLTYPE) values ('TP_BASE_TERM:BASE_TP_TERM_100415_3:1MIN',   'YEAR_ID', 54, 'smallint', 0, 0, 65536, 0, 'LF', '', 'YEAR_ID', 'BASE_TP_TERM_100415_3', 0, 0, null);
    insert into dwhrep.MeasurementColumn (MTABLEID, DATANAME, COLNUMBER, DATATYPE, DATASIZE, DATASCALE, UNIQUEVALUE, NULLABLE, INDEXES, DESCRIPTION, DATAID, RELEASEID, UNIQUEKEY, INCLUDESQL, COLTYPE) values ('TP_BASE_TERM:BASE_TP_TERM_100415_3:1MIN',   'MONTH_ID', 55, 'tinyint', 0, 0, 256, 0, 'LF', '', 'MONTH_ID', 'BASE_TP_TERM_100415_3', 0, 0, null);
    insert into dwhrep.MeasurementColumn (MTABLEID, DATANAME, COLNUMBER, DATATYPE, DATASIZE, DATASCALE, UNIQUEVALUE, NULLABLE, INDEXES, DESCRIPTION, DATAID, RELEASEID, UNIQUEKEY, INCLUDESQL, COLTYPE) values ('TP_BASE_TERM:BASE_TP_TERM_100415_3:1MIN',   'DAY_ID', 56, 'tinyint', 0, 0, 256, 0, 'LF', '', 'DAY_ID', 'BASE_TP_TERM_100415_3', 0, 0, null);
    insert into dwhrep.MeasurementColumn (MTABLEID, DATANAME, COLNUMBER, DATATYPE, DATASIZE, DATASCALE, UNIQUEVALUE, NULLABLE, INDEXES, DESCRIPTION, DATAID, RELEASEID, UNIQUEKEY, INCLUDESQL, COLTYPE) values ('TP_BASE_TERM:BASE_TP_TERM_100415_3:1MIN',   'HOUR_ID', 57, 'tinyint', 0, 0, 256, 0, 'LF', '', 'HOUR_ID', 'BASE_TP_TERM_100415_3', 0, 0, null);
    insert into dwhrep.MeasurementColumn (MTABLEID, DATANAME, COLNUMBER, DATATYPE, DATASIZE, DATASCALE, UNIQUEVALUE, NULLABLE, INDEXES, DESCRIPTION, DATAID, RELEASEID, UNIQUEKEY, INCLUDESQL, COLTYPE) values ('TP_BASE_TERM:BASE_TP_TERM_100415_3:1MIN',   'MIN_ID', 58, 'tinyint', 0, 0, 256, 0, 'LF', '', 'MIN_ID', 'BASE_TP_TERM_100415_3', 0, 0, null);
    insert into dwhrep.MeasurementColumn (MTABLEID, DATANAME, COLNUMBER, DATATYPE, DATASIZE, DATASCALE, UNIQUEVALUE, NULLABLE, INDEXES, DESCRIPTION, DATAID, RELEASEID, UNIQUEKEY, INCLUDESQL, COLTYPE) values ('TP_BASE_TERM:BASE_TP_TERM_100415_3:1MIN',   'DATETIME_ID', 59, 'datetime', 0, 0, 100000000, 0, 'HG', '', 'DATETIME_ID', 'BASE_TP_TERM_100415_3', 0, 1, null);
    insert into dwhrep.MeasurementColumn (MTABLEID, DATANAME, COLNUMBER, DATATYPE, DATASIZE, DATASCALE, UNIQUEVALUE, NULLABLE, INDEXES, DESCRIPTION, DATAID, RELEASEID, UNIQUEKEY, INCLUDESQL, COLTYPE) values ('TP_BASE_TERM:BASE_TP_TERM_100415_3:1MIN',   'VALID', 61, 'bit', 0, 0, 1, 1, '', '', 'VALID', 'BASE_TP_TERM_100415_3', 0, 0, null);
 
    --15MIN public keys
    insert into dwhrep.MeasurementColumn (MTABLEID, DATANAME, COLNUMBER, DATATYPE, DATASIZE, DATASCALE, UNIQUEVALUE, NULLABLE, INDEXES, DESCRIPTION, DATAID, RELEASEID, UNIQUEKEY, INCLUDESQL, COLTYPE) values ('TP_BASE_TERM:BASE_TP_TERM_100415_3:15MIN',   'DATE_ID', 53, 'date', 0, 0, 100000000, 0, 'LF', '', 'DATE_ID', 'BASE_TP_TERM_100415_3', 0, 1, null);
    insert into dwhrep.MeasurementColumn (MTABLEID, DATANAME, COLNUMBER, DATATYPE, DATASIZE, DATASCALE, UNIQUEVALUE, NULLABLE, INDEXES, DESCRIPTION, DATAID, RELEASEID, UNIQUEKEY, INCLUDESQL, COLTYPE) values ('TP_BASE_TERM:BASE_TP_TERM_100415_3:15MIN',   'YEAR_ID', 54, 'smallint', 0, 0, 65536, 0, 'LF', '', 'YEAR_ID', 'BASE_TP_TERM_100415_3', 0, 0, null);
    insert into dwhrep.MeasurementColumn (MTABLEID, DATANAME, COLNUMBER, DATATYPE, DATASIZE, DATASCALE, UNIQUEVALUE, NULLABLE, INDEXES, DESCRIPTION, DATAID, RELEASEID, UNIQUEKEY, INCLUDESQL, COLTYPE) values ('TP_BASE_TERM:BASE_TP_TERM_100415_3:15MIN',   'MONTH_ID', 55, 'tinyint', 0, 0, 256, 0, 'LF', '', 'MONTH_ID', 'BASE_TP_TERM_100415_3', 0, 0, null);
    insert into dwhrep.MeasurementColumn (MTABLEID, DATANAME, COLNUMBER, DATATYPE, DATASIZE, DATASCALE, UNIQUEVALUE, NULLABLE, INDEXES, DESCRIPTION, DATAID, RELEASEID, UNIQUEKEY, INCLUDESQL, COLTYPE) values ('TP_BASE_TERM:BASE_TP_TERM_100415_3:15MIN',   'DAY_ID', 56, 'tinyint', 0, 0, 256, 0, 'LF', '', 'DAY_ID', 'BASE_TP_TERM_100415_3', 0, 0, null);
    insert into dwhrep.MeasurementColumn (MTABLEID, DATANAME, COLNUMBER, DATATYPE, DATASIZE, DATASCALE, UNIQUEVALUE, NULLABLE, INDEXES, DESCRIPTION, DATAID, RELEASEID, UNIQUEKEY, INCLUDESQL, COLTYPE) values ('TP_BASE_TERM:BASE_TP_TERM_100415_3:15MIN',   'HOUR_ID', 57, 'tinyint', 0, 0, 256, 0, 'LF', '', 'HOUR_ID', 'BASE_TP_TERM_100415_3', 0, 0, null);
    insert into dwhrep.MeasurementColumn (MTABLEID, DATANAME, COLNUMBER, DATATYPE, DATASIZE, DATASCALE, UNIQUEVALUE, NULLABLE, INDEXES, DESCRIPTION, DATAID, RELEASEID, UNIQUEKEY, INCLUDESQL, COLTYPE) values ('TP_BASE_TERM:BASE_TP_TERM_100415_3:15MIN',   'MIN_ID', 58, 'tinyint', 0, 0, 256, 0, 'LF', '', 'MIN_ID', 'BASE_TP_TERM_100415_3', 0, 0, null);
    insert into dwhrep.MeasurementColumn (MTABLEID, DATANAME, COLNUMBER, DATATYPE, DATASIZE, DATASCALE, UNIQUEVALUE, NULLABLE, INDEXES, DESCRIPTION, DATAID, RELEASEID, UNIQUEKEY, INCLUDESQL, COLTYPE) values ('TP_BASE_TERM:BASE_TP_TERM_100415_3:15MIN',   'DATETIME_ID', 59, 'datetime', 0, 0, 100000000, 0, 'HG', '', 'DATETIME_ID', 'BASE_TP_TERM_100415_3', 0, 1, null);
    insert into dwhrep.MeasurementColumn (MTABLEID, DATANAME, COLNUMBER, DATATYPE, DATASIZE, DATASCALE, UNIQUEVALUE, NULLABLE, INDEXES, DESCRIPTION, DATAID, RELEASEID, UNIQUEKEY, INCLUDESQL, COLTYPE) values ('TP_BASE_TERM:BASE_TP_TERM_100415_3:15MIN',   'VALID', 61, 'bit', 0, 0, 1, 1, '', '', 'VALID', 'BASE_TP_TERM_100415_3', 0, 0, null);
 
    --DAY public keys
    insert into dwhrep.MeasurementColumn (MTABLEID, DATANAME, COLNUMBER, DATATYPE, DATASIZE, DATASCALE, UNIQUEVALUE, NULLABLE, INDEXES, DESCRIPTION, DATAID, RELEASEID, UNIQUEKEY, INCLUDESQL, COLTYPE) values ('TP_BASE_TERM:BASE_TP_TERM_100415_3:DAY',   'DATE_ID', 53, 'date', 0, 0, 100000000, 0, 'LF', '', 'DATE_ID', 'BASE_TP_TERM_100415_3', 0, 1, null);
    insert into dwhrep.MeasurementColumn (MTABLEID, DATANAME, COLNUMBER, DATATYPE, DATASIZE, DATASCALE, UNIQUEVALUE, NULLABLE, INDEXES, DESCRIPTION, DATAID, RELEASEID, UNIQUEKEY, INCLUDESQL, COLTYPE) values ('TP_BASE_TERM:BASE_TP_TERM_100415_3:DAY',   'YEAR_ID', 54, 'smallint', 0, 0, 65536, 0, 'LF', '', 'YEAR_ID', 'BASE_TP_TERM_100415_3', 0, 0, null);
    insert into dwhrep.MeasurementColumn (MTABLEID, DATANAME, COLNUMBER, DATATYPE, DATASIZE, DATASCALE, UNIQUEVALUE, NULLABLE, INDEXES, DESCRIPTION, DATAID, RELEASEID, UNIQUEKEY, INCLUDESQL, COLTYPE) values ('TP_BASE_TERM:BASE_TP_TERM_100415_3:DAY',   'MONTH_ID', 55, 'tinyint', 0, 0, 256, 0, 'LF', '', 'MONTH_ID', 'BASE_TP_TERM_100415_3', 0, 0, null);
    insert into dwhrep.MeasurementColumn (MTABLEID, DATANAME, COLNUMBER, DATATYPE, DATASIZE, DATASCALE, UNIQUEVALUE, NULLABLE, INDEXES, DESCRIPTION, DATAID, RELEASEID, UNIQUEKEY, INCLUDESQL, COLTYPE) values ('TP_BASE_TERM:BASE_TP_TERM_100415_3:DAY',   'DAY_ID', 56, 'tinyint', 0, 0, 256, 0, 'LF', '', 'DAY_ID', 'BASE_TP_TERM_100415_3', 0, 0, null);
    insert into dwhrep.MeasurementColumn (MTABLEID, DATANAME, COLNUMBER, DATATYPE, DATASIZE, DATASCALE, UNIQUEVALUE, NULLABLE, INDEXES, DESCRIPTION, DATAID, RELEASEID, UNIQUEKEY, INCLUDESQL, COLTYPE) values ('TP_BASE_TERM:BASE_TP_TERM_100415_3:DAY',   'HOUR_ID', 57, 'tinyint', 0, 0, 256, 1, 'LF', '', 'HOUR_ID', 'BASE_TP_TERM_100415_3', 0, 0, null);
    insert into dwhrep.MeasurementColumn (MTABLEID, DATANAME, COLNUMBER, DATATYPE, DATASIZE, DATASCALE, UNIQUEVALUE, NULLABLE, INDEXES, DESCRIPTION, DATAID, RELEASEID, UNIQUEKEY, INCLUDESQL, COLTYPE) values ('TP_BASE_TERM:BASE_TP_TERM_100415_3:DAY',   'MIN_ID', 58, 'tinyint', 0, 0, 256, 1, 'LF', '', 'MIN_ID', 'BASE_TP_TERM_100415_3', 0, 0, null);
    insert into dwhrep.MeasurementColumn (MTABLEID, DATANAME, COLNUMBER, DATATYPE, DATASIZE, DATASCALE, UNIQUEVALUE, NULLABLE, INDEXES, DESCRIPTION, DATAID, RELEASEID, UNIQUEKEY, INCLUDESQL, COLTYPE) values ('TP_BASE_TERM:BASE_TP_TERM_100415_3:DAY',   'DATETIME_ID', 59, 'datetime', 0, 0, 100000000, 1, 'HG', '', 'DATETIME_ID', 'BASE_TP_TERM_100415_3', 0, 1, null);
    insert into dwhrep.MeasurementColumn (MTABLEID, DATANAME, COLNUMBER, DATATYPE, DATASIZE, DATASCALE, UNIQUEVALUE, NULLABLE, INDEXES, DESCRIPTION, DATAID, RELEASEID, UNIQUEKEY, INCLUDESQL, COLTYPE) values ('TP_BASE_TERM:BASE_TP_TERM_100415_3:DAY',   'VALID', 61, 'bit', 0, 0, 1, 1, '', '', 'VALID', 'BASE_TP_TERM_100415_3', 0, 0, null);


     ----------------------------------------------------------------------
     ----------------------------------------------------------------------
     ------------------BASE Techpack For EVENT_E_MSS----------------------
     ----------------------------------------------------------------------
     ----------------------------------------------------------------------
     ----------------------------------------------------------------------
     -- VERSIONING
     ----------------------------------------------------------------------
     insert into dwhrep.Versioning (VERSIONID, DESCRIPTION, STATUS, TECHPACK_NAME, TECHPACK_VERSION, TECHPACK_TYPE, PRODUCT_NUMBER, BASEDEFINITION,INSTALLDESCRIPTION,UNIVERSENAME,UNIVERSEEXTENSION,LOCKEDBY,LOCKDATE,ENIQ_LEVEL) values ('TP_BASE_MSS:BASE_TP_MSS_100415_3', 'TP_BASE_MSS BASE_TP_MSS_100415_3',1,'TP_BASE_MSS','R1A01','BASE','','','','','','TECHPACKIDE',NOW(),'1.0');
 
     ----------------------------------------------------------------------
     -- MEASUREMENTTYPECLASS
     ----------------------------------------------------------------------
     --RAW,RAW_LEV2,1MIN,FIFTEEN,DAY                                                 		TYPECLASSID                        		VERSIONID              D
     insert into dwhrep.MeasurementTypeClass (TYPECLASSID, VERSIONID,DESCRIPTION) values ('TP_BASE_MSS:BASE_TP_MSS_100415_3:RAW',   'TP_BASE_MSS:BASE_TP_MSS_100415_3', '');
     insert into dwhrep.MeasurementTypeClass (TYPECLASSID, VERSIONID,DESCRIPTION) values ('TP_BASE_MSS:BASE_TP_MSS_100415_3:RAW_LEV2',   'TP_BASE_MSS:BASE_TP_MSS_100415_3', '');
     insert into dwhrep.MeasurementTypeClass (TYPECLASSID, VERSIONID,DESCRIPTION) values ('TP_BASE_MSS:BASE_TP_MSS_100415_3:1MIN',   'TP_BASE_MSS:BASE_TP_MSS_100415_3', '');
     insert into dwhrep.MeasurementTypeClass (TYPECLASSID, VERSIONID,DESCRIPTION) values ('TP_BASE_MSS:BASE_TP_MSS_100415_3:15MIN',   'TP_BASE_MSS:BASE_TP_MSS_100415_3', '');
     insert into dwhrep.MeasurementTypeClass (TYPECLASSID, VERSIONID,DESCRIPTION) values ('TP_BASE_MSS:BASE_TP_MSS_100415_3:DAY',   'TP_BASE_MSS:BASE_TP_MSS_100415_3', '');
     
     ----------------------------------------------------------------------
     -- MEASUREMENTTYPE
     ----------------------------------------------------------------------
     --RAW,RAW_LEV2,1MIN,FIFTEEN,DAY  
     insert into dwhrep.MeasurementType (TYPEID, TYPECLASSID, TYPENAME, VENDORID, FOLDERNAME, DESCRIPTION, STATUS, VERSIONID, OBJECTID, OBJECTNAME, OBJECTVERSION, OBJECTTYPE, JOINABLE, SIZING, TOTALAGG, ELEMENTBHSUPPORT, RANKINGTABLE, DELTACALCSUPPORT, PLAINTABLE, UNIVERSEEXTENSION, VECTORSUPPORT, DATAFORMATSUPPORT) values ('TP_BASE_MSS:BASE_TP_MSS_100415_3:RAW',     'TP_BASE_MSS:BASE_TP_MSS_100415_3:RAW',    'RAW',    '', '', '', 0, 'TP_BASE_MSS:BASE_TP_MSS_100415_3', '', '', 0, '', '', '', 0, 0, 0, 0, 0, '',0,0);
     insert into dwhrep.MeasurementType (TYPEID, TYPECLASSID, TYPENAME, VENDORID, FOLDERNAME, DESCRIPTION, STATUS, VERSIONID, OBJECTID, OBJECTNAME, OBJECTVERSION, OBJECTTYPE, JOINABLE, SIZING, TOTALAGG, ELEMENTBHSUPPORT, RANKINGTABLE, DELTACALCSUPPORT, PLAINTABLE, UNIVERSEEXTENSION, VECTORSUPPORT, DATAFORMATSUPPORT) values ('TP_BASE_MSS:BASE_TP_MSS_100415_3:RAW_LEV2',     'TP_BASE_MSS:BASE_TP_MSS_100415_3:RAW_LEV2',    'RAW_LEV2',    '', '', '', 0, 'TP_BASE_MSS:BASE_TP_MSS_100415_3', '', '', 0, '', '', '', 0, 0, 0, 0, 0, '',0,0);
     insert into dwhrep.MeasurementType (TYPEID, TYPECLASSID, TYPENAME, VENDORID, FOLDERNAME, DESCRIPTION, STATUS, VERSIONID, OBJECTID, OBJECTNAME, OBJECTVERSION, OBJECTTYPE, JOINABLE, SIZING, TOTALAGG, ELEMENTBHSUPPORT, RANKINGTABLE, DELTACALCSUPPORT, PLAINTABLE, UNIVERSEEXTENSION, VECTORSUPPORT, DATAFORMATSUPPORT) values ('TP_BASE_MSS:BASE_TP_MSS_100415_3:1MIN',     'TP_BASE_MSS:BASE_TP_MSS_100415_3:1MIN',    '1MIN',    '', '', '', 0, 'TP_BASE_MSS:BASE_TP_MSS_100415_3', '', '', 0, '', '', '', 0, 0, 0, 0, 0, '',0,0);
     insert into dwhrep.MeasurementType (TYPEID, TYPECLASSID, TYPENAME, VENDORID, FOLDERNAME, DESCRIPTION, STATUS, VERSIONID, OBJECTID, OBJECTNAME, OBJECTVERSION, OBJECTTYPE, JOINABLE, SIZING, TOTALAGG, ELEMENTBHSUPPORT, RANKINGTABLE, DELTACALCSUPPORT, PLAINTABLE, UNIVERSEEXTENSION, VECTORSUPPORT, DATAFORMATSUPPORT) values ('TP_BASE_MSS:BASE_TP_MSS_100415_3:15MIN',     'TP_BASE_MSS:BASE_TP_MSS_100415_3:15MIN',    '15MIN',    '', '', '', 0, 'TP_BASE_MSS:BASE_TP_MSS_100415_3', '', '', 0, '', '', '', 0, 0, 0, 0, 0, '',0,0);
     insert into dwhrep.MeasurementType (TYPEID, TYPECLASSID, TYPENAME, VENDORID, FOLDERNAME, DESCRIPTION, STATUS, VERSIONID, OBJECTID, OBJECTNAME, OBJECTVERSION, OBJECTTYPE, JOINABLE, SIZING, TOTALAGG, ELEMENTBHSUPPORT, RANKINGTABLE, DELTACALCSUPPORT, PLAINTABLE, UNIVERSEEXTENSION, VECTORSUPPORT, DATAFORMATSUPPORT) values ('TP_BASE_MSS:BASE_TP_MSS_100415_3:DAY',     'TP_BASE_MSS:BASE_TP_MSS_100415_3:DAY',    'DAY',    '', '', '', 0, 'TP_BASE_MSS:BASE_TP_MSS_100415_3', '', '', 0, '', '', '', 0, 0, 0, 0, 0, '',0,0);
 
 
     ----------------------------------------------------------------------
     -- MEASUREMENTTABLE
     ----------------------------------------------------------------------
     --RAW,RAW_LEV2,1MIN,FIFTEEN,DAY                                                                                                   					MTABLEID               		TABLEVEL        		TYPEID			  BTN   DT    PP
      insert into dwhrep.MeasurementTable (MTABLEID, TABLELEVEL, TYPEID, BASETABLENAME, DEFAULT_TEMPLATE, PARTITIONPLAN) values ('TP_BASE_MSS:BASE_TP_MSS_100415_3:RAW',    'RAW'    , 'TP_BASE_MSS:BASE_TP_MSS_100415_3:RAW',    null, null, null);
      insert into dwhrep.MeasurementTable (MTABLEID, TABLELEVEL, TYPEID, BASETABLENAME, DEFAULT_TEMPLATE, PARTITIONPLAN) values ('TP_BASE_MSS:BASE_TP_MSS_100415_3:RAW_LEV2',    'RAW_LEV2'    , 'TP_BASE_MSS:BASE_TP_MSS_100415_3:RAW_LEV2',    null, null, null);
      insert into dwhrep.MeasurementTable (MTABLEID, TABLELEVEL, TYPEID, BASETABLENAME, DEFAULT_TEMPLATE, PARTITIONPLAN) values ('TP_BASE_MSS:BASE_TP_MSS_100415_3:1MIN',    '1MIN'    , 'TP_BASE_MSS:BASE_TP_MSS_100415_3:1MIN',    null, null, null);
      insert into dwhrep.MeasurementTable (MTABLEID, TABLELEVEL, TYPEID, BASETABLENAME, DEFAULT_TEMPLATE, PARTITIONPLAN) values ('TP_BASE_MSS:BASE_TP_MSS_100415_3:15MIN',    '15MIN'    , 'TP_BASE_MSS:BASE_TP_MSS_100415_3:15MIN',    null, null, null);
      insert into dwhrep.MeasurementTable (MTABLEID, TABLELEVEL, TYPEID, BASETABLENAME, DEFAULT_TEMPLATE, PARTITIONPLAN) values ('TP_BASE_MSS:BASE_TP_MSS_100415_3:DAY',    'DAY'    , 'TP_BASE_MSS:BASE_TP_MSS_100415_3:DAY',    null, null, null);
      
 
      
     ----------------------------------------------------------------------
     -- MEASUREMENTCOLUMN
     ----------------------------------------------------------------------
     --RAW public keys
     insert into dwhrep.MeasurementColumn (MTABLEID, DATANAME, COLNUMBER, DATATYPE, DATASIZE, DATASCALE, UNIQUEVALUE, NULLABLE, INDEXES, DESCRIPTION, DATAID, RELEASEID, UNIQUEKEY, INCLUDESQL, COLTYPE) values ('TP_BASE_MSS:BASE_TP_MSS_100415_3:RAW',   'EVNTSRC_ID', 81, 'unsigned bigint', 0, 0, 4000, 1, 'LF', '', 'EVNTSRC_ID', 'BASE_TP_MSS_100415_3', 0, 1, null);
     insert into dwhrep.MeasurementColumn (MTABLEID, DATANAME, COLNUMBER, DATATYPE, DATASIZE, DATASCALE, UNIQUEVALUE, NULLABLE, INDEXES, DESCRIPTION, DATAID, RELEASEID, UNIQUEKEY, INCLUDESQL, COLTYPE) values ('TP_BASE_MSS:BASE_TP_MSS_100415_3:RAW',   'OSS_ID', 82, 'varchar', 20, 0, 255, 1, 'LF', '', 'OSS_ID', 'BASE_TP_MSS_100415_3', 0, 1, null);
     insert into dwhrep.MeasurementColumn (MTABLEID, DATANAME, COLNUMBER, DATATYPE, DATASIZE, DATASCALE, UNIQUEVALUE, NULLABLE, INDEXES, DESCRIPTION, DATAID, RELEASEID, UNIQUEKEY, INCLUDESQL, COLTYPE) values ('TP_BASE_MSS:BASE_TP_MSS_100415_3:RAW',   'DATE_ID', 83, 'date', 0, 0, 100000000, 0, 'LF', '', 'DATE_ID', 'BASE_TP_MSS_100415_3', 0, 1, null);
     insert into dwhrep.MeasurementColumn (MTABLEID, DATANAME, COLNUMBER, DATATYPE, DATASIZE, DATASCALE, UNIQUEVALUE, NULLABLE, INDEXES, DESCRIPTION, DATAID, RELEASEID, UNIQUEKEY, INCLUDESQL, COLTYPE) values ('TP_BASE_MSS:BASE_TP_MSS_100415_3:RAW',   'YEAR_ID', 84, 'smallint', 0, 0, 65536, 0, 'LF', '', 'YEAR_ID', 'BASE_TP_MSS_100415_3', 0, 0, null);
     insert into dwhrep.MeasurementColumn (MTABLEID, DATANAME, COLNUMBER, DATATYPE, DATASIZE, DATASCALE, UNIQUEVALUE, NULLABLE, INDEXES, DESCRIPTION, DATAID, RELEASEID, UNIQUEKEY, INCLUDESQL, COLTYPE) values ('TP_BASE_MSS:BASE_TP_MSS_100415_3:RAW',   'MONTH_ID', 85, 'tinyint', 0, 0, 256, 0, 'LF', '', 'MONTH_ID', 'BASE_TP_MSS_100415_3', 0, 0, null);
     insert into dwhrep.MeasurementColumn (MTABLEID, DATANAME, COLNUMBER, DATATYPE, DATASIZE, DATASCALE, UNIQUEVALUE, NULLABLE, INDEXES, DESCRIPTION, DATAID, RELEASEID, UNIQUEKEY, INCLUDESQL, COLTYPE) values ('TP_BASE_MSS:BASE_TP_MSS_100415_3:RAW',   'DAY_ID', 86, 'tinyint', 0, 0, 256, 0, 'LF', '', 'DAY_ID', 'BASE_TP_MSS_100415_3', 0, 0, null);
     insert into dwhrep.MeasurementColumn (MTABLEID, DATANAME, COLNUMBER, DATATYPE, DATASIZE, DATASCALE, UNIQUEVALUE, NULLABLE, INDEXES, DESCRIPTION, DATAID, RELEASEID, UNIQUEKEY, INCLUDESQL, COLTYPE) values ('TP_BASE_MSS:BASE_TP_MSS_100415_3:RAW',   'HOUR_ID', 87, 'tinyint', 0, 0, 256, 0, 'LF', '', 'HOUR_ID', 'BASE_TP_MSS_100415_3', 0, 0, null);
     insert into dwhrep.MeasurementColumn (MTABLEID, DATANAME, COLNUMBER, DATATYPE, DATASIZE, DATASCALE, UNIQUEVALUE, NULLABLE, INDEXES, DESCRIPTION, DATAID, RELEASEID, UNIQUEKEY, INCLUDESQL, COLTYPE) values ('TP_BASE_MSS:BASE_TP_MSS_100415_3:RAW',   'MIN_ID', 88, 'tinyint', 0, 0, 256, 0, 'LF', '', 'MIN_ID', 'BASE_TP_MSS_100415_3', 0, 0, null);
     insert into dwhrep.MeasurementColumn (MTABLEID, DATANAME, COLNUMBER, DATATYPE, DATASIZE, DATASCALE, UNIQUEVALUE, NULLABLE, INDEXES, DESCRIPTION, DATAID, RELEASEID, UNIQUEKEY, INCLUDESQL, COLTYPE) values ('TP_BASE_MSS:BASE_TP_MSS_100415_3:RAW',   'DATETIME_ID', 89, 'datetime', 0, 0, 100000000, 0, 'HG', '', 'DATETIME_ID', 'BASE_TP_MSS_100415_3', 0, 1, null);
     insert into dwhrep.MeasurementColumn (MTABLEID, DATANAME, COLNUMBER, DATATYPE, DATASIZE, DATASCALE, UNIQUEVALUE, NULLABLE, INDEXES, DESCRIPTION, DATAID, RELEASEID, UNIQUEKEY, INCLUDESQL, COLTYPE) values ('TP_BASE_MSS:BASE_TP_MSS_100415_3:RAW',   'EVENT_TIME', 90, 'timestamp', 0, 0, 25000000, 0, '', '', 'EVENT_TIME', 'BASE_TP_MSS_100415_3', 0, 0, null);
     insert into dwhrep.MeasurementColumn (MTABLEID, DATANAME, COLNUMBER, DATATYPE, DATASIZE, DATASCALE, UNIQUEVALUE, NULLABLE, INDEXES, DESCRIPTION, DATAID, RELEASEID, UNIQUEKEY, INCLUDESQL, COLTYPE) values ('TP_BASE_MSS:BASE_TP_MSS_100415_3:RAW',   'TIMEZONE', 91, 'smallint', 0, 0, 65536, 1, 'LF', '', 'TIMEZONE', 'BASE_TP_MSS_100415_3', 0, 1, null);
     insert into dwhrep.MeasurementColumn (MTABLEID, DATANAME, COLNUMBER, DATATYPE, DATASIZE, DATASCALE, UNIQUEVALUE, NULLABLE, INDEXES, DESCRIPTION, DATAID, RELEASEID, UNIQUEKEY, INCLUDESQL, COLTYPE) values ('TP_BASE_MSS:BASE_TP_MSS_100415_3:RAW',   'VENDOR', 92, 'varchar', 20, 0, 255, 1, 'LF', '', 'VENDOR', 'BASE_TP_MSS_100415_3', 0, 1, null);
     insert into dwhrep.MeasurementColumn (MTABLEID, DATANAME, COLNUMBER, DATATYPE, DATASIZE, DATASCALE, UNIQUEVALUE, NULLABLE, INDEXES, DESCRIPTION, DATAID, RELEASEID, UNIQUEKEY, INCLUDESQL, COLTYPE) values ('TP_BASE_MSS:BASE_TP_MSS_100415_3:RAW',   'SUSPECTFLAG', 93, 'bit', 0, 0, 1, 1, '', '', 'SUSPECTFLAG', 'BASE_TP_MSS_100415_3', 0, 1, null);
     insert into dwhrep.MeasurementColumn (MTABLEID, DATANAME, COLNUMBER, DATATYPE, DATASIZE, DATASCALE, UNIQUEVALUE, NULLABLE, INDEXES, DESCRIPTION, DATAID, RELEASEID, UNIQUEKEY, INCLUDESQL, COLTYPE) values ('TP_BASE_MSS:BASE_TP_MSS_100415_3:RAW',   'NE_VERSION', 94, 'varchar', 20, 0, 255, 1, 'LF', '', 'NE_VERSION', 'BASE_TP_MSS_100415_3', 0, 1, null);
     insert into dwhrep.MeasurementColumn (MTABLEID, DATANAME, COLNUMBER, DATATYPE, DATASIZE, DATASCALE, UNIQUEVALUE, NULLABLE, INDEXES, DESCRIPTION, DATAID, RELEASEID, UNIQUEKEY, INCLUDESQL, COLTYPE) values ('TP_BASE_MSS:BASE_TP_MSS_100415_3:RAW',   'IMSI', 95, 'unsigned bigint', 0, 0, 100000000, 1, 'HG', '', 'IMSI', 'BASE_TP_MSS_100415_3', 0, 1, null);
     insert into dwhrep.MeasurementColumn (MTABLEID, DATANAME, COLNUMBER, DATATYPE, DATASIZE, DATASCALE, UNIQUEVALUE, NULLABLE, INDEXES, DESCRIPTION, DATAID, RELEASEID, UNIQUEKEY, INCLUDESQL, COLTYPE) values ('TP_BASE_MSS:BASE_TP_MSS_100415_3:RAW',   'MSISDN', 96, 'unsigned bigint', 0, 0, 100000000, 1, 'HG', '', 'MSISDN', 'BASE_TP_MSS_100415_3', 0, 1, null);
     insert into dwhrep.MeasurementColumn (MTABLEID, DATANAME, COLNUMBER, DATATYPE, DATASIZE, DATASCALE, UNIQUEVALUE, NULLABLE, INDEXES, DESCRIPTION, DATAID, RELEASEID, UNIQUEKEY, INCLUDESQL, COLTYPE) values ('TP_BASE_MSS:BASE_TP_MSS_100415_3:RAW',   'SESSION_ID', 97, 'unsigned int', 0, 0, 100000000, 1, 'HG', '', 'SESSION_ID', 'BASE_TP_MSS_100415_3', 0, 0, null);
     insert into dwhrep.MeasurementColumn (MTABLEID, DATANAME, COLNUMBER, DATATYPE, DATASIZE, DATASCALE, UNIQUEVALUE, NULLABLE, INDEXES, DESCRIPTION, DATAID, RELEASEID, UNIQUEKEY, INCLUDESQL, COLTYPE) values ('TP_BASE_MSS:BASE_TP_MSS_100415_3:RAW',   'BATCH_ID', 98, 'unsigned int', 0, 0, 100000000, 1, '', '', 'BATCH_ID', 'BASE_TP_MSS_100415_3', 0, 0, null);
     insert into dwhrep.MeasurementColumn (MTABLEID, DATANAME, COLNUMBER, DATATYPE, DATASIZE, DATASCALE, UNIQUEVALUE, NULLABLE, INDEXES, DESCRIPTION, DATAID, RELEASEID, UNIQUEKEY, INCLUDESQL, COLTYPE) values ('TP_BASE_MSS:BASE_TP_MSS_100415_3:RAW',   'LOCAL_DATE_ID', 99, 'date', 0, 0, 100000000, 0, 'LF', '', 'LOCAL_DATE_ID', 'BASE_TP_MSS_100415_3', 0, 1, null);
     insert into dwhrep.MeasurementColumn (MTABLEID, DATANAME, COLNUMBER, DATATYPE, DATASIZE, DATASCALE, UNIQUEVALUE, NULLABLE, INDEXES, DESCRIPTION, DATAID, RELEASEID, UNIQUEKEY, INCLUDESQL, COLTYPE) values ('TP_BASE_MSS:BASE_TP_MSS_100415_3:RAW',   'AGG_FLAG', 100, 'bit', 0, 0, 1, 1, '', '', 'AGG_FLAG', 'BASE_TP_MSS_100415_3', 0, 0, null);

	 
     --RAW_LEV2 public keys
     insert into dwhrep.MeasurementColumn (MTABLEID, DATANAME, COLNUMBER, DATATYPE, DATASIZE, DATASCALE, UNIQUEVALUE, NULLABLE, INDEXES, DESCRIPTION, DATAID, RELEASEID, UNIQUEKEY, INCLUDESQL, COLTYPE) values ('TP_BASE_MSS:BASE_TP_MSS_100415_3:RAW_LEV2',   'EVNTSRC_ID', 81, 'unsigned bigint', 0, 0, 4000, 1, 'LF', '', 'EVNTSRC_ID', 'BASE_TP_MSS_100415_3', 0, 1, null);
     insert into dwhrep.MeasurementColumn (MTABLEID, DATANAME, COLNUMBER, DATATYPE, DATASIZE, DATASCALE, UNIQUEVALUE, NULLABLE, INDEXES, DESCRIPTION, DATAID, RELEASEID, UNIQUEKEY, INCLUDESQL, COLTYPE) values ('TP_BASE_MSS:BASE_TP_MSS_100415_3:RAW_LEV2',   'OSS_ID', 82, 'varchar', 20, 0, 255, 1, 'LF', '', 'OSS_ID', 'BASE_TP_MSS_100415_3', 0, 1, null);
     insert into dwhrep.MeasurementColumn (MTABLEID, DATANAME, COLNUMBER, DATATYPE, DATASIZE, DATASCALE, UNIQUEVALUE, NULLABLE, INDEXES, DESCRIPTION, DATAID, RELEASEID, UNIQUEKEY, INCLUDESQL, COLTYPE) values ('TP_BASE_MSS:BASE_TP_MSS_100415_3:RAW_LEV2',   'DATE_ID', 83, 'date', 0, 0, 100000000, 0, 'LF', '', 'DATE_ID', 'BASE_TP_MSS_100415_3', 0, 1, null);
     insert into dwhrep.MeasurementColumn (MTABLEID, DATANAME, COLNUMBER, DATATYPE, DATASIZE, DATASCALE, UNIQUEVALUE, NULLABLE, INDEXES, DESCRIPTION, DATAID, RELEASEID, UNIQUEKEY, INCLUDESQL, COLTYPE) values ('TP_BASE_MSS:BASE_TP_MSS_100415_3:RAW_LEV2',   'YEAR_ID', 84, 'smallint', 0, 0, 65536, 0, 'LF', '', 'YEAR_ID', 'BASE_TP_MSS_100415_3', 0, 0, null);
     insert into dwhrep.MeasurementColumn (MTABLEID, DATANAME, COLNUMBER, DATATYPE, DATASIZE, DATASCALE, UNIQUEVALUE, NULLABLE, INDEXES, DESCRIPTION, DATAID, RELEASEID, UNIQUEKEY, INCLUDESQL, COLTYPE) values ('TP_BASE_MSS:BASE_TP_MSS_100415_3:RAW_LEV2',   'MONTH_ID', 85, 'tinyint', 0, 0, 256, 0, 'LF', '', 'MONTH_ID', 'BASE_TP_MSS_100415_3', 0, 0, null);
     insert into dwhrep.MeasurementColumn (MTABLEID, DATANAME, COLNUMBER, DATATYPE, DATASIZE, DATASCALE, UNIQUEVALUE, NULLABLE, INDEXES, DESCRIPTION, DATAID, RELEASEID, UNIQUEKEY, INCLUDESQL, COLTYPE) values ('TP_BASE_MSS:BASE_TP_MSS_100415_3:RAW_LEV2',   'DAY_ID', 86, 'tinyint', 0, 0, 256, 0, 'LF', '', 'DAY_ID', 'BASE_TP_MSS_100415_3', 0, 0, null);
     insert into dwhrep.MeasurementColumn (MTABLEID, DATANAME, COLNUMBER, DATATYPE, DATASIZE, DATASCALE, UNIQUEVALUE, NULLABLE, INDEXES, DESCRIPTION, DATAID, RELEASEID, UNIQUEKEY, INCLUDESQL, COLTYPE) values ('TP_BASE_MSS:BASE_TP_MSS_100415_3:RAW_LEV2',   'HOUR_ID', 87, 'tinyint', 0, 0, 256, 0, 'LF', '', 'HOUR_ID', 'BASE_TP_MSS_100415_3', 0, 0, null);
     insert into dwhrep.MeasurementColumn (MTABLEID, DATANAME, COLNUMBER, DATATYPE, DATASIZE, DATASCALE, UNIQUEVALUE, NULLABLE, INDEXES, DESCRIPTION, DATAID, RELEASEID, UNIQUEKEY, INCLUDESQL, COLTYPE) values ('TP_BASE_MSS:BASE_TP_MSS_100415_3:RAW_LEV2',   'MIN_ID', 88, 'tinyint', 0, 0, 256, 0, 'LF', '', 'MIN_ID', 'BASE_TP_MSS_100415_3', 0, 0, null);
     insert into dwhrep.MeasurementColumn (MTABLEID, DATANAME, COLNUMBER, DATATYPE, DATASIZE, DATASCALE, UNIQUEVALUE, NULLABLE, INDEXES, DESCRIPTION, DATAID, RELEASEID, UNIQUEKEY, INCLUDESQL, COLTYPE) values ('TP_BASE_MSS:BASE_TP_MSS_100415_3:RAW_LEV2',   'DATETIME_ID', 89, 'datetime', 0, 0, 100000000, 0, 'HG', '', 'DATETIME_ID', 'BASE_TP_MSS_100415_3', 0, 1, null);
     insert into dwhrep.MeasurementColumn (MTABLEID, DATANAME, COLNUMBER, DATATYPE, DATASIZE, DATASCALE, UNIQUEVALUE, NULLABLE, INDEXES, DESCRIPTION, DATAID, RELEASEID, UNIQUEKEY, INCLUDESQL, COLTYPE) values ('TP_BASE_MSS:BASE_TP_MSS_100415_3:RAW_LEV2',   'EVENT_TIME', 90, 'timestamp', 0, 0, 25000000, 0, '', '', 'EVENT_TIME', 'BASE_TP_MSS_100415_3', 0, 0, null);
     insert into dwhrep.MeasurementColumn (MTABLEID, DATANAME, COLNUMBER, DATATYPE, DATASIZE, DATASCALE, UNIQUEVALUE, NULLABLE, INDEXES, DESCRIPTION, DATAID, RELEASEID, UNIQUEKEY, INCLUDESQL, COLTYPE) values ('TP_BASE_MSS:BASE_TP_MSS_100415_3:RAW_LEV2',   'TIMEZONE', 91, 'smallint', 0, 0, 65536, 1, 'LF', '', 'TIMEZONE', 'BASE_TP_MSS_100415_3', 0, 1, null);
     insert into dwhrep.MeasurementColumn (MTABLEID, DATANAME, COLNUMBER, DATATYPE, DATASIZE, DATASCALE, UNIQUEVALUE, NULLABLE, INDEXES, DESCRIPTION, DATAID, RELEASEID, UNIQUEKEY, INCLUDESQL, COLTYPE) values ('TP_BASE_MSS:BASE_TP_MSS_100415_3:RAW_LEV2',   'VENDOR', 92, 'varchar', 20, 0, 255, 1, 'LF', '', 'VENDOR', 'BASE_TP_MSS_100415_3', 0, 1, null);
     insert into dwhrep.MeasurementColumn (MTABLEID, DATANAME, COLNUMBER, DATATYPE, DATASIZE, DATASCALE, UNIQUEVALUE, NULLABLE, INDEXES, DESCRIPTION, DATAID, RELEASEID, UNIQUEKEY, INCLUDESQL, COLTYPE) values ('TP_BASE_MSS:BASE_TP_MSS_100415_3:RAW_LEV2',   'SUSPECTFLAG', 93, 'bit', 0, 0, 1, 1, '', '', 'SUSPECTFLAG', 'BASE_TP_MSS_100415_3', 0, 1, null);
     insert into dwhrep.MeasurementColumn (MTABLEID, DATANAME, COLNUMBER, DATATYPE, DATASIZE, DATASCALE, UNIQUEVALUE, NULLABLE, INDEXES, DESCRIPTION, DATAID, RELEASEID, UNIQUEKEY, INCLUDESQL, COLTYPE) values ('TP_BASE_MSS:BASE_TP_MSS_100415_3:RAW_LEV2',   'NE_VERSION', 94, 'varchar', 20, 0, 255, 1, 'LF', '', 'NE_VERSION', 'BASE_TP_MSS_100415_3', 0, 1, null);
     insert into dwhrep.MeasurementColumn (MTABLEID, DATANAME, COLNUMBER, DATATYPE, DATASIZE, DATASCALE, UNIQUEVALUE, NULLABLE, INDEXES, DESCRIPTION, DATAID, RELEASEID, UNIQUEKEY, INCLUDESQL, COLTYPE) values ('TP_BASE_MSS:BASE_TP_MSS_100415_3:RAW_LEV2',   'IMSI', 95, 'unsigned bigint', 0, 0, 100000000, 1, 'HG', '', 'IMSI', 'BASE_TP_MSS_100415_3', 0, 1, null);
     insert into dwhrep.MeasurementColumn (MTABLEID, DATANAME, COLNUMBER, DATATYPE, DATASIZE, DATASCALE, UNIQUEVALUE, NULLABLE, INDEXES, DESCRIPTION, DATAID, RELEASEID, UNIQUEKEY, INCLUDESQL, COLTYPE) values ('TP_BASE_MSS:BASE_TP_MSS_100415_3:RAW_LEV2',   'MSISDN', 96, 'unsigned bigint', 0, 0, 100000000, 1, 'HG', '', 'MSISDN', 'BASE_TP_MSS_100415_3', 0, 1, null);
     insert into dwhrep.MeasurementColumn (MTABLEID, DATANAME, COLNUMBER, DATATYPE, DATASIZE, DATASCALE, UNIQUEVALUE, NULLABLE, INDEXES, DESCRIPTION, DATAID, RELEASEID, UNIQUEKEY, INCLUDESQL, COLTYPE) values ('TP_BASE_MSS:BASE_TP_MSS_100415_3:RAW_LEV2',   'SESSION_ID', 97, 'unsigned int', 0, 0, 100000000, 1, 'HG', '', 'SESSION_ID', 'BASE_TP_MSS_100415_3', 0, 0, null);
     insert into dwhrep.MeasurementColumn (MTABLEID, DATANAME, COLNUMBER, DATATYPE, DATASIZE, DATASCALE, UNIQUEVALUE, NULLABLE, INDEXES, DESCRIPTION, DATAID, RELEASEID, UNIQUEKEY, INCLUDESQL, COLTYPE) values ('TP_BASE_MSS:BASE_TP_MSS_100415_3:RAW_LEV2',   'BATCH_ID', 98, 'unsigned int', 0, 0, 100000000, 1, '', '', 'BATCH_ID', 'BASE_TP_MSS_100415_3', 0, 0, null);
     insert into dwhrep.MeasurementColumn (MTABLEID, DATANAME, COLNUMBER, DATATYPE, DATASIZE, DATASCALE, UNIQUEVALUE, NULLABLE, INDEXES, DESCRIPTION, DATAID, RELEASEID, UNIQUEKEY, INCLUDESQL, COLTYPE) values ('TP_BASE_MSS:BASE_TP_MSS_100415_3:RAW_LEV2',   'LOCAL_DATE_ID', 99, 'date', 0, 0, 100000000, 0, 'LF', '', 'LOCAL_DATE_ID', 'BASE_TP_MSS_100415_3', 0, 1, null);
     insert into dwhrep.MeasurementColumn (MTABLEID, DATANAME, COLNUMBER, DATATYPE, DATASIZE, DATASCALE, UNIQUEVALUE, NULLABLE, INDEXES, DESCRIPTION, DATAID, RELEASEID, UNIQUEKEY, INCLUDESQL, COLTYPE) values ('TP_BASE_MSS:BASE_TP_MSS_100415_3:RAW_LEV2',   'AGG_FLAG', 100, 'bit', 0, 0, 1, 1, '', '', 'AGG_FLAG', 'BASE_TP_MSS_100415_3', 0, 0, null);


     --1MIN public keys
     insert into dwhrep.MeasurementColumn (MTABLEID, DATANAME, COLNUMBER, DATATYPE, DATASIZE, DATASCALE, UNIQUEVALUE, NULLABLE, INDEXES, DESCRIPTION, DATAID, RELEASEID, UNIQUEKEY, INCLUDESQL, COLTYPE) values ('TP_BASE_MSS:BASE_TP_MSS_100415_3:1MIN',   'DATE_ID', 81, 'date', 0, 0, 100000000, 0, 'LF', '', 'DATE_ID', 'BASE_TP_MSS_100415_3', 0, 1, null);
     insert into dwhrep.MeasurementColumn (MTABLEID, DATANAME, COLNUMBER, DATATYPE, DATASIZE, DATASCALE, UNIQUEVALUE, NULLABLE, INDEXES, DESCRIPTION, DATAID, RELEASEID, UNIQUEKEY, INCLUDESQL, COLTYPE) values ('TP_BASE_MSS:BASE_TP_MSS_100415_3:1MIN',   'YEAR_ID', 82, 'smallint', 0, 0, 65536, 0, 'LF', '', 'YEAR_ID', 'BASE_TP_MSS_100415_3', 0, 0, null);
     insert into dwhrep.MeasurementColumn (MTABLEID, DATANAME, COLNUMBER, DATATYPE, DATASIZE, DATASCALE, UNIQUEVALUE, NULLABLE, INDEXES, DESCRIPTION, DATAID, RELEASEID, UNIQUEKEY, INCLUDESQL, COLTYPE) values ('TP_BASE_MSS:BASE_TP_MSS_100415_3:1MIN',   'MONTH_ID', 83, 'tinyint', 0, 0, 256, 0, 'LF', '', 'MONTH_ID', 'BASE_TP_MSS_100415_3', 0, 0, null);
     insert into dwhrep.MeasurementColumn (MTABLEID, DATANAME, COLNUMBER, DATATYPE, DATASIZE, DATASCALE, UNIQUEVALUE, NULLABLE, INDEXES, DESCRIPTION, DATAID, RELEASEID, UNIQUEKEY, INCLUDESQL, COLTYPE) values ('TP_BASE_MSS:BASE_TP_MSS_100415_3:1MIN',   'DAY_ID', 84, 'tinyint', 0, 0, 256, 0, 'LF', '', 'DAY_ID', 'BASE_TP_MSS_100415_3', 0, 0, null);
     insert into dwhrep.MeasurementColumn (MTABLEID, DATANAME, COLNUMBER, DATATYPE, DATASIZE, DATASCALE, UNIQUEVALUE, NULLABLE, INDEXES, DESCRIPTION, DATAID, RELEASEID, UNIQUEKEY, INCLUDESQL, COLTYPE) values ('TP_BASE_MSS:BASE_TP_MSS_100415_3:1MIN',   'HOUR_ID', 85, 'tinyint', 0, 0, 256, 0, 'LF', '', 'HOUR_ID', 'BASE_TP_MSS_100415_3', 0, 0, null);
     insert into dwhrep.MeasurementColumn (MTABLEID, DATANAME, COLNUMBER, DATATYPE, DATASIZE, DATASCALE, UNIQUEVALUE, NULLABLE, INDEXES, DESCRIPTION, DATAID, RELEASEID, UNIQUEKEY, INCLUDESQL, COLTYPE) values ('TP_BASE_MSS:BASE_TP_MSS_100415_3:1MIN',   'MIN_ID', 86, 'tinyint', 0, 0, 256, 0, 'LF', '', 'MIN_ID', 'BASE_TP_MSS_100415_3', 0, 0, null);
     insert into dwhrep.MeasurementColumn (MTABLEID, DATANAME, COLNUMBER, DATATYPE, DATASIZE, DATASCALE, UNIQUEVALUE, NULLABLE, INDEXES, DESCRIPTION, DATAID, RELEASEID, UNIQUEKEY, INCLUDESQL, COLTYPE) values ('TP_BASE_MSS:BASE_TP_MSS_100415_3:1MIN',   'DATETIME_ID', 87, 'datetime', 0, 0, 100000000, 0, 'HG', '', 'DATETIME_ID', 'BASE_TP_MSS_100415_3', 0, 1, null);
     insert into dwhrep.MeasurementColumn (MTABLEID, DATANAME, COLNUMBER, DATATYPE, DATASIZE, DATASCALE, UNIQUEVALUE, NULLABLE, INDEXES, DESCRIPTION, DATAID, RELEASEID, UNIQUEKEY, INCLUDESQL, COLTYPE) values ('TP_BASE_MSS:BASE_TP_MSS_100415_3:1MIN',   'VALID', 88, 'bit', 0, 0, 1, 1, '', '', 'VALID', 'BASE_TP_MSS_100415_3', 0, 0, null);
 
     --15MIN public keys
     insert into dwhrep.MeasurementColumn (MTABLEID, DATANAME, COLNUMBER, DATATYPE, DATASIZE, DATASCALE, UNIQUEVALUE, NULLABLE, INDEXES, DESCRIPTION, DATAID, RELEASEID, UNIQUEKEY, INCLUDESQL, COLTYPE) values ('TP_BASE_MSS:BASE_TP_MSS_100415_3:15MIN',   'DATE_ID', 81, 'date', 0, 0, 100000000, 0, 'LF', '', 'DATE_ID', 'BASE_TP_MSS_100415_3', 0, 1, null);
     insert into dwhrep.MeasurementColumn (MTABLEID, DATANAME, COLNUMBER, DATATYPE, DATASIZE, DATASCALE, UNIQUEVALUE, NULLABLE, INDEXES, DESCRIPTION, DATAID, RELEASEID, UNIQUEKEY, INCLUDESQL, COLTYPE) values ('TP_BASE_MSS:BASE_TP_MSS_100415_3:15MIN',   'YEAR_ID', 82, 'smallint', 0, 0, 65536, 0, 'LF', '', 'YEAR_ID', 'BASE_TP_MSS_100415_3', 0, 0, null);
     insert into dwhrep.MeasurementColumn (MTABLEID, DATANAME, COLNUMBER, DATATYPE, DATASIZE, DATASCALE, UNIQUEVALUE, NULLABLE, INDEXES, DESCRIPTION, DATAID, RELEASEID, UNIQUEKEY, INCLUDESQL, COLTYPE) values ('TP_BASE_MSS:BASE_TP_MSS_100415_3:15MIN',   'MONTH_ID', 83, 'tinyint', 0, 0, 256, 0, 'LF', '', 'MONTH_ID', 'BASE_TP_MSS_100415_3', 0, 0, null);
     insert into dwhrep.MeasurementColumn (MTABLEID, DATANAME, COLNUMBER, DATATYPE, DATASIZE, DATASCALE, UNIQUEVALUE, NULLABLE, INDEXES, DESCRIPTION, DATAID, RELEASEID, UNIQUEKEY, INCLUDESQL, COLTYPE) values ('TP_BASE_MSS:BASE_TP_MSS_100415_3:15MIN',   'DAY_ID', 84, 'tinyint', 0, 0, 256, 0, 'LF', '', 'DAY_ID', 'BASE_TP_MSS_100415_3', 0, 0, null);
     insert into dwhrep.MeasurementColumn (MTABLEID, DATANAME, COLNUMBER, DATATYPE, DATASIZE, DATASCALE, UNIQUEVALUE, NULLABLE, INDEXES, DESCRIPTION, DATAID, RELEASEID, UNIQUEKEY, INCLUDESQL, COLTYPE) values ('TP_BASE_MSS:BASE_TP_MSS_100415_3:15MIN',   'HOUR_ID', 85, 'tinyint', 0, 0, 256, 0, 'LF', '', 'HOUR_ID', 'BASE_TP_MSS_100415_3', 0, 0, null);
     insert into dwhrep.MeasurementColumn (MTABLEID, DATANAME, COLNUMBER, DATATYPE, DATASIZE, DATASCALE, UNIQUEVALUE, NULLABLE, INDEXES, DESCRIPTION, DATAID, RELEASEID, UNIQUEKEY, INCLUDESQL, COLTYPE) values ('TP_BASE_MSS:BASE_TP_MSS_100415_3:15MIN',   'MIN_ID', 86, 'tinyint', 0, 0, 256, 0, 'LF', '', 'MIN_ID', 'BASE_TP_MSS_100415_3', 0, 0, null);
     insert into dwhrep.MeasurementColumn (MTABLEID, DATANAME, COLNUMBER, DATATYPE, DATASIZE, DATASCALE, UNIQUEVALUE, NULLABLE, INDEXES, DESCRIPTION, DATAID, RELEASEID, UNIQUEKEY, INCLUDESQL, COLTYPE) values ('TP_BASE_MSS:BASE_TP_MSS_100415_3:15MIN',   'DATETIME_ID', 87, 'datetime', 0, 0, 100000000, 0, 'HG', '', 'DATETIME_ID', 'BASE_TP_MSS_100415_3', 0, 1, null);
     insert into dwhrep.MeasurementColumn (MTABLEID, DATANAME, COLNUMBER, DATATYPE, DATASIZE, DATASCALE, UNIQUEVALUE, NULLABLE, INDEXES, DESCRIPTION, DATAID, RELEASEID, UNIQUEKEY, INCLUDESQL, COLTYPE) values ('TP_BASE_MSS:BASE_TP_MSS_100415_3:15MIN',   'VALID', 88, 'bit', 0, 0, 1, 1, '', '', 'VALID', 'BASE_TP_MSS_100415_3', 0, 0, null);

     --DAY public keys
     insert into dwhrep.MeasurementColumn (MTABLEID, DATANAME, COLNUMBER, DATATYPE, DATASIZE, DATASCALE, UNIQUEVALUE, NULLABLE, INDEXES, DESCRIPTION, DATAID, RELEASEID, UNIQUEKEY, INCLUDESQL, COLTYPE) values ('TP_BASE_MSS:BASE_TP_MSS_100415_3:DAY',   'DATE_ID', 81, 'date', 0, 0, 100000000, 0, 'LF', '', 'DATE_ID', 'BASE_TP_MSS_100415_3', 0, 1, null);
     insert into dwhrep.MeasurementColumn (MTABLEID, DATANAME, COLNUMBER, DATATYPE, DATASIZE, DATASCALE, UNIQUEVALUE, NULLABLE, INDEXES, DESCRIPTION, DATAID, RELEASEID, UNIQUEKEY, INCLUDESQL, COLTYPE) values ('TP_BASE_MSS:BASE_TP_MSS_100415_3:DAY',   'YEAR_ID', 82, 'smallint', 0, 0, 65536, 0, 'LF', '', 'YEAR_ID', 'BASE_TP_MSS_100415_3', 0, 0, null);
     insert into dwhrep.MeasurementColumn (MTABLEID, DATANAME, COLNUMBER, DATATYPE, DATASIZE, DATASCALE, UNIQUEVALUE, NULLABLE, INDEXES, DESCRIPTION, DATAID, RELEASEID, UNIQUEKEY, INCLUDESQL, COLTYPE) values ('TP_BASE_MSS:BASE_TP_MSS_100415_3:DAY',   'MONTH_ID', 83, 'tinyint', 0, 0, 256, 0, 'LF', '', 'MONTH_ID', 'BASE_TP_MSS_100415_3', 0, 0, null);
     insert into dwhrep.MeasurementColumn (MTABLEID, DATANAME, COLNUMBER, DATATYPE, DATASIZE, DATASCALE, UNIQUEVALUE, NULLABLE, INDEXES, DESCRIPTION, DATAID, RELEASEID, UNIQUEKEY, INCLUDESQL, COLTYPE) values ('TP_BASE_MSS:BASE_TP_MSS_100415_3:DAY',   'DAY_ID', 84, 'tinyint', 0, 0, 256, 0, 'LF', '', 'DAY_ID', 'BASE_TP_MSS_100415_3', 0, 0, null);
     insert into dwhrep.MeasurementColumn (MTABLEID, DATANAME, COLNUMBER, DATATYPE, DATASIZE, DATASCALE, UNIQUEVALUE, NULLABLE, INDEXES, DESCRIPTION, DATAID, RELEASEID, UNIQUEKEY, INCLUDESQL, COLTYPE) values ('TP_BASE_MSS:BASE_TP_MSS_100415_3:DAY',   'HOUR_ID', 85, 'tinyint', 0, 0, 256, 1, 'LF', '', 'HOUR_ID', 'BASE_TP_MSS_100415_3', 0, 0, null);
     insert into dwhrep.MeasurementColumn (MTABLEID, DATANAME, COLNUMBER, DATATYPE, DATASIZE, DATASCALE, UNIQUEVALUE, NULLABLE, INDEXES, DESCRIPTION, DATAID, RELEASEID, UNIQUEKEY, INCLUDESQL, COLTYPE) values ('TP_BASE_MSS:BASE_TP_MSS_100415_3:DAY',   'MIN_ID', 86, 'tinyint', 0, 0, 256, 1, 'LF', '', 'MIN_ID', 'BASE_TP_MSS_100415_3', 0, 0, null);
     insert into dwhrep.MeasurementColumn (MTABLEID, DATANAME, COLNUMBER, DATATYPE, DATASIZE, DATASCALE, UNIQUEVALUE, NULLABLE, INDEXES, DESCRIPTION, DATAID, RELEASEID, UNIQUEKEY, INCLUDESQL, COLTYPE) values ('TP_BASE_MSS:BASE_TP_MSS_100415_3:DAY',   'DATETIME_ID', 87, 'datetime', 0, 0, 100000000, 1, 'HG', '', 'DATETIME_ID', 'BASE_TP_MSS_100415_3', 0, 1, null);
     insert into dwhrep.MeasurementColumn (MTABLEID, DATANAME, COLNUMBER, DATATYPE, DATASIZE, DATASCALE, UNIQUEVALUE, NULLABLE, INDEXES, DESCRIPTION, DATAID, RELEASEID, UNIQUEKEY, INCLUDESQL, COLTYPE) values ('TP_BASE_MSS:BASE_TP_MSS_100415_3:DAY',   'VALID', 88, 'bit', 0, 0, 1, 1, '', '', 'VALID', 'BASE_TP_MSS_100415_3', 0, 0, null);

    ----------------------------------------------------------------------
    --REFERENCETABLE
    ----------------------------------------------------------------------
    insert into dwhrep.ReferenceTable (TYPEID, VERSIONID, TYPENAME, OBJECTID, OBJECTNAME, OBJECTVERSION, OBJECTTYPE, DESCRIPTION, STATUS, UPDATE_POLICY, TABLE_TYPE, DATAFORMATSUPPORT, BASEDEF) values ('TP_BASE_MSS:BASE_TP_MSS_100415_3:PUBLIC_REFTYPE', 		'TP_BASE_MSS:BASE_TP_MSS_100415_3',	'PUBLIC_REFTYPE',			'TP_BASE_MSS:BASE_TP_MSS_100415_3:PUBLIC_REFTYPE',			'PUBLIC_REFTYPE',			'','','',0,0,'',0,0);    
    
    ----------------------------------------------------------------------
    --REFERENCECOLUMN
    ----------------------------------------------------------------------  
    insert into dwhrep.ReferenceColumn (TYPEID, DATANAME, COLNUMBER, DATATYPE, DATASIZE, DATASCALE, UNIQUEVALUE, NULLABLE, INDEXES, UNIQUEKEY, INCLUDESQL, INCLUDEUPD, BASEDEF, COLTYPE) values ('TP_BASE_MSS:BASE_TP_MSS_100415_3:PUBLIC_REFTYPE',		'VENDOR',      8,  'varchar',  20, 0, 255, 1, 'HG', 0, 1, 1, 0, 'COLUMN');
    insert into dwhrep.ReferenceColumn (TYPEID, DATANAME, COLNUMBER, DATATYPE, DATASIZE, DATASCALE, UNIQUEVALUE, NULLABLE, INDEXES, UNIQUEKEY, INCLUDESQL, INCLUDEUPD, BASEDEF, COLTYPE) values ('TP_BASE_MSS:BASE_TP_MSS_100415_3:PUBLIC_REFTYPE',		'STATUS',      9,  'varchar',  16, 0, 255, 1, 'HG', 0, 1, 1, 0, 'COLUMN');
    insert into dwhrep.ReferenceColumn (TYPEID, DATANAME, COLNUMBER, DATATYPE, DATASIZE, DATASCALE, UNIQUEVALUE, NULLABLE, INDEXES, UNIQUEKEY, INCLUDESQL, INCLUDEUPD, BASEDEF, COLTYPE) values ('TP_BASE_MSS:BASE_TP_MSS_100415_3:PUBLIC_REFTYPE',		'CREATED',     10, 'datetime', 0,  0, 255, 1, 'HG', 0, 1, 0, 0, 'COLUMN');
    insert into dwhrep.ReferenceColumn (TYPEID, DATANAME, COLNUMBER, DATATYPE, DATASIZE, DATASCALE, UNIQUEVALUE, NULLABLE, INDEXES, UNIQUEKEY, INCLUDESQL, INCLUDEUPD, BASEDEF, COLTYPE) values ('TP_BASE_MSS:BASE_TP_MSS_100415_3:PUBLIC_REFTYPE',		'MODIFIED',    11, 'datetime', 0,  0, 255, 1, 'HG', 0, 1, 1, 0, 'COLUMN');
    insert into dwhrep.ReferenceColumn (TYPEID, DATANAME, COLNUMBER, DATATYPE, DATASIZE, DATASCALE, UNIQUEVALUE, NULLABLE, INDEXES, UNIQUEKEY, INCLUDESQL, INCLUDEUPD, BASEDEF, COLTYPE) values ('TP_BASE_MSS:BASE_TP_MSS_100415_3:PUBLIC_REFTYPE',		'MODIFIER',    12, 'varchar',  32, 0, 255, 1, 'HG', 0, 1, 1, 0, 'COLUMN');



     ----------------------------------------------------------------------
     ----------------------------------------------------------------------
     ------------------BASE Techpack For EVENT_E_CFAHFA--------------------
     ----------------------------------------------------------------------
     ----------------------------------------------------------------------
     ----------------------------------------------------------------------
     -- VERSIONING
     ----------------------------------------------------------------------
     insert into dwhrep.Versioning (VERSIONID, DESCRIPTION, STATUS, TECHPACK_NAME, TECHPACK_VERSION, TECHPACK_TYPE, PRODUCT_NUMBER, BASEDEFINITION,INSTALLDESCRIPTION,UNIVERSENAME,UNIVERSEEXTENSION,LOCKEDBY,LOCKDATE,ENIQ_LEVEL) values ('TP_BASE_CFAHFA:BASE_TP_CFAHFA_100415_3', 'TP_BASE_CFAHFA BASE_TP_CFAHFA_100415_3',1,'TP_BASE_CFAHFA','R1A01','BASE','','','','','','TECHPACKIDE',NOW(),'1.0');
 
     ----------------------------------------------------------------------
     -- MEASUREMENTTYPECLASS
     ----------------------------------------------------------------------
     --RAW,RAW_LEV2,1MIN,FIFTEEN,DAY                                                 		TYPECLASSID                        		VERSIONID              D
     insert into dwhrep.MeasurementTypeClass (TYPECLASSID, VERSIONID,DESCRIPTION) values ('TP_BASE_CFAHFA:BASE_TP_CFAHFA_100415_3:RAW',   'TP_BASE_CFAHFA:BASE_TP_CFAHFA_100415_3', '');
     insert into dwhrep.MeasurementTypeClass (TYPECLASSID, VERSIONID,DESCRIPTION) values ('TP_BASE_CFAHFA:BASE_TP_CFAHFA_100415_3:RAW_LEV2',   'TP_BASE_CFAHFA:BASE_TP_CFAHFA_100415_3', '');
     insert into dwhrep.MeasurementTypeClass (TYPECLASSID, VERSIONID,DESCRIPTION) values ('TP_BASE_CFAHFA:BASE_TP_CFAHFA_100415_3:1MIN',   'TP_BASE_CFAHFA:BASE_TP_CFAHFA_100415_3', '');
     insert into dwhrep.MeasurementTypeClass (TYPECLASSID, VERSIONID,DESCRIPTION) values ('TP_BASE_CFAHFA:BASE_TP_CFAHFA_100415_3:15MIN',   'TP_BASE_CFAHFA:BASE_TP_CFAHFA_100415_3', '');
     insert into dwhrep.MeasurementTypeClass (TYPECLASSID, VERSIONID,DESCRIPTION) values ('TP_BASE_CFAHFA:BASE_TP_CFAHFA_100415_3:DAY',   'TP_BASE_CFAHFA:BASE_TP_CFAHFA_100415_3', '');
     
     ----------------------------------------------------------------------
     -- MEASUREMENTTYPE
     ----------------------------------------------------------------------
     --RAW,RAW_LEV2,1MIN,FIFTEEN,DAY  
     insert into dwhrep.MeasurementType (TYPEID, TYPECLASSID, TYPENAME, VENDORID, FOLDERNAME, DESCRIPTION, STATUS, VERSIONID, OBJECTID, OBJECTNAME, OBJECTVERSION, OBJECTTYPE, JOINABLE, SIZING, TOTALAGG, ELEMENTBHSUPPORT, RANKINGTABLE, DELTACALCSUPPORT, PLAINTABLE, UNIVERSEEXTENSION, VECTORSUPPORT, DATAFORMATSUPPORT) values ('TP_BASE_CFAHFA:BASE_TP_CFAHFA_100415_3:RAW',     'TP_BASE_CFAHFA:BASE_TP_CFAHFA_100415_3:RAW',    'RAW',    '', '', '', 0, 'TP_BASE_CFAHFA:BASE_TP_CFAHFA_100415_3', '', '', 0, '', '', '', 0, 0, 0, 0, 0, '',0,0);
     insert into dwhrep.MeasurementType (TYPEID, TYPECLASSID, TYPENAME, VENDORID, FOLDERNAME, DESCRIPTION, STATUS, VERSIONID, OBJECTID, OBJECTNAME, OBJECTVERSION, OBJECTTYPE, JOINABLE, SIZING, TOTALAGG, ELEMENTBHSUPPORT, RANKINGTABLE, DELTACALCSUPPORT, PLAINTABLE, UNIVERSEEXTENSION, VECTORSUPPORT, DATAFORMATSUPPORT) values ('TP_BASE_CFAHFA:BASE_TP_CFAHFA_100415_3:RAW_LEV2',     'TP_BASE_CFAHFA:BASE_TP_CFAHFA_100415_3:RAW_LEV2',    'RAW_LEV2',    '', '', '', 0, 'TP_BASE_CFAHFA:BASE_TP_CFAHFA_100415_3', '', '', 0, '', '', '', 0, 0, 0, 0, 0, '',0,0);
     insert into dwhrep.MeasurementType (TYPEID, TYPECLASSID, TYPENAME, VENDORID, FOLDERNAME, DESCRIPTION, STATUS, VERSIONID, OBJECTID, OBJECTNAME, OBJECTVERSION, OBJECTTYPE, JOINABLE, SIZING, TOTALAGG, ELEMENTBHSUPPORT, RANKINGTABLE, DELTACALCSUPPORT, PLAINTABLE, UNIVERSEEXTENSION, VECTORSUPPORT, DATAFORMATSUPPORT) values ('TP_BASE_CFAHFA:BASE_TP_CFAHFA_100415_3:1MIN',     'TP_BASE_CFAHFA:BASE_TP_CFAHFA_100415_3:1MIN',    '1MIN',    '', '', '', 0, 'TP_BASE_CFAHFA:BASE_TP_CFAHFA_100415_3', '', '', 0, '', '', '', 0, 0, 0, 0, 0, '',0,0);
     insert into dwhrep.MeasurementType (TYPEID, TYPECLASSID, TYPENAME, VENDORID, FOLDERNAME, DESCRIPTION, STATUS, VERSIONID, OBJECTID, OBJECTNAME, OBJECTVERSION, OBJECTTYPE, JOINABLE, SIZING, TOTALAGG, ELEMENTBHSUPPORT, RANKINGTABLE, DELTACALCSUPPORT, PLAINTABLE, UNIVERSEEXTENSION, VECTORSUPPORT, DATAFORMATSUPPORT) values ('TP_BASE_CFAHFA:BASE_TP_CFAHFA_100415_3:15MIN',     'TP_BASE_CFAHFA:BASE_TP_CFAHFA_100415_3:15MIN',    '15MIN',    '', '', '', 0, 'TP_BASE_CFAHFA:BASE_TP_CFAHFA_100415_3', '', '', 0, '', '', '', 0, 0, 0, 0, 0, '',0,0);
     insert into dwhrep.MeasurementType (TYPEID, TYPECLASSID, TYPENAME, VENDORID, FOLDERNAME, DESCRIPTION, STATUS, VERSIONID, OBJECTID, OBJECTNAME, OBJECTVERSION, OBJECTTYPE, JOINABLE, SIZING, TOTALAGG, ELEMENTBHSUPPORT, RANKINGTABLE, DELTACALCSUPPORT, PLAINTABLE, UNIVERSEEXTENSION, VECTORSUPPORT, DATAFORMATSUPPORT) values ('TP_BASE_CFAHFA:BASE_TP_CFAHFA_100415_3:DAY',     'TP_BASE_CFAHFA:BASE_TP_CFAHFA_100415_3:DAY',    'DAY',    '', '', '', 0, 'TP_BASE_CFAHFA:BASE_TP_CFAHFA_100415_3', '', '', 0, '', '', '', 0, 0, 0, 0, 0, '',0,0);
 
 
     ----------------------------------------------------------------------
     -- MEASUREMENTTABLE
     ----------------------------------------------------------------------
     --RAW,RAW_LEV2,1MIN,FIFTEEN,DAY                                                                                                   					MTABLEID               		TABLEVEL        		TYPEID			  BTN   DT    PP
      insert into dwhrep.MeasurementTable (MTABLEID, TABLELEVEL, TYPEID, BASETABLENAME, DEFAULT_TEMPLATE, PARTITIONPLAN) values ('TP_BASE_CFAHFA:BASE_TP_CFAHFA_100415_3:RAW',    'RAW'    , 'TP_BASE_CFAHFA:BASE_TP_CFAHFA_100415_3:RAW',    null, null, null);
      insert into dwhrep.MeasurementTable (MTABLEID, TABLELEVEL, TYPEID, BASETABLENAME, DEFAULT_TEMPLATE, PARTITIONPLAN) values ('TP_BASE_CFAHFA:BASE_TP_CFAHFA_100415_3:RAW_LEV2',    'RAW_LEV2'    , 'TP_BASE_CFAHFA:BASE_TP_CFAHFA_100415_3:RAW_LEV2',    null, null, null);
      insert into dwhrep.MeasurementTable (MTABLEID, TABLELEVEL, TYPEID, BASETABLENAME, DEFAULT_TEMPLATE, PARTITIONPLAN) values ('TP_BASE_CFAHFA:BASE_TP_CFAHFA_100415_3:1MIN',    '1MIN'    , 'TP_BASE_CFAHFA:BASE_TP_CFAHFA_100415_3:1MIN',    null, null, null);
      insert into dwhrep.MeasurementTable (MTABLEID, TABLELEVEL, TYPEID, BASETABLENAME, DEFAULT_TEMPLATE, PARTITIONPLAN) values ('TP_BASE_CFAHFA:BASE_TP_CFAHFA_100415_3:15MIN',    '15MIN'    , 'TP_BASE_CFAHFA:BASE_TP_CFAHFA_100415_3:15MIN',    null, null, null);
      insert into dwhrep.MeasurementTable (MTABLEID, TABLELEVEL, TYPEID, BASETABLENAME, DEFAULT_TEMPLATE, PARTITIONPLAN) values ('TP_BASE_CFAHFA:BASE_TP_CFAHFA_100415_3:DAY',    'DAY'    , 'TP_BASE_CFAHFA:BASE_TP_CFAHFA_100415_3:DAY',    null, null, null);
      
 
      
     ----------------------------------------------------------------------
     -- MEASUREMENTCOLUMN
     ----------------------------------------------------------------------
     --RAW public keys
     insert into dwhrep.MeasurementColumn (MTABLEID, DATANAME, COLNUMBER, DATATYPE, DATASIZE, DATASCALE, UNIQUEVALUE, NULLABLE, INDEXES, DESCRIPTION, DATAID, RELEASEID, UNIQUEKEY, INCLUDESQL, COLTYPE) values ('TP_BASE_CFAHFA:BASE_TP_CFAHFA_100415_3:RAW',   'OSS_ID', 82, 'varchar', 20, 0, 255, 1, 'LF', '', 'OSS_ID', 'BASE_TP_CFAHFA_100415_3', 0, 1, null);
     insert into dwhrep.MeasurementColumn (MTABLEID, DATANAME, COLNUMBER, DATATYPE, DATASIZE, DATASCALE, UNIQUEVALUE, NULLABLE, INDEXES, DESCRIPTION, DATAID, RELEASEID, UNIQUEKEY, INCLUDESQL, COLTYPE) values ('TP_BASE_CFAHFA:BASE_TP_CFAHFA_100415_3:RAW',   'DATE_ID', 83, 'date', 0, 0, 100000000, 0, 'LF', '', 'DATE_ID', 'BASE_TP_CFAHFA_100415_3', 0, 1, null);
     insert into dwhrep.MeasurementColumn (MTABLEID, DATANAME, COLNUMBER, DATATYPE, DATASIZE, DATASCALE, UNIQUEVALUE, NULLABLE, INDEXES, DESCRIPTION, DATAID, RELEASEID, UNIQUEKEY, INCLUDESQL, COLTYPE) values ('TP_BASE_CFAHFA:BASE_TP_CFAHFA_100415_3:RAW',   'YEAR_ID', 84, 'smallint', 0, 0, 65536, 0, 'LF', '', 'YEAR_ID', 'BASE_TP_CFAHFA_100415_3', 0, 0, null);
     insert into dwhrep.MeasurementColumn (MTABLEID, DATANAME, COLNUMBER, DATATYPE, DATASIZE, DATASCALE, UNIQUEVALUE, NULLABLE, INDEXES, DESCRIPTION, DATAID, RELEASEID, UNIQUEKEY, INCLUDESQL, COLTYPE) values ('TP_BASE_CFAHFA:BASE_TP_CFAHFA_100415_3:RAW',   'MONTH_ID', 85, 'tinyint', 0, 0, 256, 0, 'LF', '', 'MONTH_ID', 'BASE_TP_CFAHFA_100415_3', 0, 0, null);
     insert into dwhrep.MeasurementColumn (MTABLEID, DATANAME, COLNUMBER, DATATYPE, DATASIZE, DATASCALE, UNIQUEVALUE, NULLABLE, INDEXES, DESCRIPTION, DATAID, RELEASEID, UNIQUEKEY, INCLUDESQL, COLTYPE) values ('TP_BASE_CFAHFA:BASE_TP_CFAHFA_100415_3:RAW',   'DAY_ID', 86, 'tinyint', 0, 0, 256, 0, 'LF', '', 'DAY_ID', 'BASE_TP_CFAHFA_100415_3', 0, 0, null);
     insert into dwhrep.MeasurementColumn (MTABLEID, DATANAME, COLNUMBER, DATATYPE, DATASIZE, DATASCALE, UNIQUEVALUE, NULLABLE, INDEXES, DESCRIPTION, DATAID, RELEASEID, UNIQUEKEY, INCLUDESQL, COLTYPE) values ('TP_BASE_CFAHFA:BASE_TP_CFAHFA_100415_3:RAW',   'HOUR_ID', 87, 'tinyint', 0, 0, 256, 0, 'LF', '', 'HOUR_ID', 'BASE_TP_CFAHFA_100415_3', 0, 0, null);
     insert into dwhrep.MeasurementColumn (MTABLEID, DATANAME, COLNUMBER, DATATYPE, DATASIZE, DATASCALE, UNIQUEVALUE, NULLABLE, INDEXES, DESCRIPTION, DATAID, RELEASEID, UNIQUEKEY, INCLUDESQL, COLTYPE) values ('TP_BASE_CFAHFA:BASE_TP_CFAHFA_100415_3:RAW',   'MIN_ID', 88, 'tinyint', 0, 0, 256, 0, 'LF', '', 'MIN_ID', 'BASE_TP_CFAHFA_100415_3', 0, 0, null);
     insert into dwhrep.MeasurementColumn (MTABLEID, DATANAME, COLNUMBER, DATATYPE, DATASIZE, DATASCALE, UNIQUEVALUE, NULLABLE, INDEXES, DESCRIPTION, DATAID, RELEASEID, UNIQUEKEY, INCLUDESQL, COLTYPE) values ('TP_BASE_CFAHFA:BASE_TP_CFAHFA_100415_3:RAW',   'DATETIME_ID', 89, 'datetime', 0, 0, 100000000, 0, 'HG', '', 'DATETIME_ID', 'BASE_TP_CFAHFA_100415_3', 0, 1, null);
     insert into dwhrep.MeasurementColumn (MTABLEID, DATANAME, COLNUMBER, DATATYPE, DATASIZE, DATASCALE, UNIQUEVALUE, NULLABLE, INDEXES, DESCRIPTION, DATAID, RELEASEID, UNIQUEKEY, INCLUDESQL, COLTYPE) values ('TP_BASE_CFAHFA:BASE_TP_CFAHFA_100415_3:RAW',   'EVENT_TIME', 90, 'timestamp', 0, 0, 25000000, 0, '', '', 'EVENT_TIME', 'BASE_TP_CFAHFA_100415_3', 0, 0, null);
     insert into dwhrep.MeasurementColumn (MTABLEID, DATANAME, COLNUMBER, DATATYPE, DATASIZE, DATASCALE, UNIQUEVALUE, NULLABLE, INDEXES, DESCRIPTION, DATAID, RELEASEID, UNIQUEKEY, INCLUDESQL, COLTYPE) values ('TP_BASE_CFAHFA:BASE_TP_CFAHFA_100415_3:RAW',   'TIMEZONE', 91, 'smallint', 0, 0, 65536, 1, 'LF', '', 'TIMEZONE', 'BASE_TP_CFAHFA_100415_3', 0, 1, null);
     insert into dwhrep.MeasurementColumn (MTABLEID, DATANAME, COLNUMBER, DATATYPE, DATASIZE, DATASCALE, UNIQUEVALUE, NULLABLE, INDEXES, DESCRIPTION, DATAID, RELEASEID, UNIQUEKEY, INCLUDESQL, COLTYPE) values ('TP_BASE_CFAHFA:BASE_TP_CFAHFA_100415_3:RAW',   'SUSPECTFLAG', 93, 'bit', 0, 0, 1, 1, '', '', 'SUSPECTFLAG', 'BASE_TP_CFAHFA_100415_3', 0, 1, null);
     insert into dwhrep.MeasurementColumn (MTABLEID, DATANAME, COLNUMBER, DATATYPE, DATASIZE, DATASCALE, UNIQUEVALUE, NULLABLE, INDEXES, DESCRIPTION, DATAID, RELEASEID, UNIQUEKEY, INCLUDESQL, COLTYPE) values ('TP_BASE_CFAHFA:BASE_TP_CFAHFA_100415_3:RAW',   'NE_VERSION', 94, 'varchar', 20, 0, 255, 1, 'LF', '', 'NE_VERSION', 'BASE_TP_CFAHFA_100415_3', 0, 1, null);
     insert into dwhrep.MeasurementColumn (MTABLEID, DATANAME, COLNUMBER, DATATYPE, DATASIZE, DATASCALE, UNIQUEVALUE, NULLABLE, INDEXES, DESCRIPTION, DATAID, RELEASEID, UNIQUEKEY, INCLUDESQL, COLTYPE) values ('TP_BASE_CFAHFA:BASE_TP_CFAHFA_100415_3:RAW',   'IMSI', 95, 'unsigned bigint', 0, 0, 100000000, 1, 'HG', '', 'IMSI', 'BASE_TP_CFAHFA_100415_3', 0, 1, null);
     insert into dwhrep.MeasurementColumn (MTABLEID, DATANAME, COLNUMBER, DATATYPE, DATASIZE, DATASCALE, UNIQUEVALUE, NULLABLE, INDEXES, DESCRIPTION, DATAID, RELEASEID, UNIQUEKEY, INCLUDESQL, COLTYPE) values ('TP_BASE_CFAHFA:BASE_TP_CFAHFA_100415_3:RAW',   'MSISDN', 96, 'unsigned bigint', 0, 0, 100000000, 1, 'HG', '', 'MSISDN', 'BASE_TP_CFAHFA_100415_3', 0, 1, null);
     insert into dwhrep.MeasurementColumn (MTABLEID, DATANAME, COLNUMBER, DATATYPE, DATASIZE, DATASCALE, UNIQUEVALUE, NULLABLE, INDEXES, DESCRIPTION, DATAID, RELEASEID, UNIQUEKEY, INCLUDESQL, COLTYPE) values ('TP_BASE_CFAHFA:BASE_TP_CFAHFA_100415_3:RAW',   'SESSION_ID', 97, 'unsigned int', 0, 0, 100000000, 1, 'HG', '', 'SESSION_ID', 'BASE_TP_CFAHFA_100415_3', 0, 0, null);
     insert into dwhrep.MeasurementColumn (MTABLEID, DATANAME, COLNUMBER, DATATYPE, DATASIZE, DATASCALE, UNIQUEVALUE, NULLABLE, INDEXES, DESCRIPTION, DATAID, RELEASEID, UNIQUEKEY, INCLUDESQL, COLTYPE) values ('TP_BASE_CFAHFA:BASE_TP_CFAHFA_100415_3:RAW',   'BATCH_ID', 98, 'unsigned int', 0, 0, 100000000, 1, '', '', 'BATCH_ID', 'BASE_TP_CFAHFA_100415_3', 0, 0, null);
     insert into dwhrep.MeasurementColumn (MTABLEID, DATANAME, COLNUMBER, DATATYPE, DATASIZE, DATASCALE, UNIQUEVALUE, NULLABLE, INDEXES, DESCRIPTION, DATAID, RELEASEID, UNIQUEKEY, INCLUDESQL, COLTYPE) values ('TP_BASE_CFAHFA:BASE_TP_CFAHFA_100415_3:RAW',   'LOCAL_DATE_ID', 99, 'date', 0, 0, 100000000, 0, 'LF', '', 'LOCAL_DATE_ID', 'BASE_TP_CFAHFA_100415_3', 0, 1, null);
     insert into dwhrep.MeasurementColumn (MTABLEID, DATANAME, COLNUMBER, DATATYPE, DATASIZE, DATASCALE, UNIQUEVALUE, NULLABLE, INDEXES, DESCRIPTION, DATAID, RELEASEID, UNIQUEKEY, INCLUDESQL, COLTYPE) values ('TP_BASE_CFAHFA:BASE_TP_CFAHFA_100415_3:RAW',   'AGG_FLAG', 100, 'bit', 0, 0, 1, 1, '', '', 'AGG_FLAG', 'BASE_TP_CFAHFA_100415_3', 0, 0, null);

     --RAW_LEV2 public keys
     insert into dwhrep.MeasurementColumn (MTABLEID, DATANAME, COLNUMBER, DATATYPE, DATASIZE, DATASCALE, UNIQUEVALUE, NULLABLE, INDEXES, DESCRIPTION, DATAID, RELEASEID, UNIQUEKEY, INCLUDESQL, COLTYPE) values ('TP_BASE_CFAHFA:BASE_TP_CFAHFA_100415_3:RAW_LEV2',   'OSS_ID', 82, 'varchar', 20, 0, 255, 1, 'LF', '', 'OSS_ID', 'BASE_TP_CFAHFA_100415_3', 0, 1, null);
     insert into dwhrep.MeasurementColumn (MTABLEID, DATANAME, COLNUMBER, DATATYPE, DATASIZE, DATASCALE, UNIQUEVALUE, NULLABLE, INDEXES, DESCRIPTION, DATAID, RELEASEID, UNIQUEKEY, INCLUDESQL, COLTYPE) values ('TP_BASE_CFAHFA:BASE_TP_CFAHFA_100415_3:RAW_LEV2',   'DATE_ID', 83, 'date', 0, 0, 100000000, 0, 'LF', '', 'DATE_ID', 'BASE_TP_CFAHFA_100415_3', 0, 1, null);
     insert into dwhrep.MeasurementColumn (MTABLEID, DATANAME, COLNUMBER, DATATYPE, DATASIZE, DATASCALE, UNIQUEVALUE, NULLABLE, INDEXES, DESCRIPTION, DATAID, RELEASEID, UNIQUEKEY, INCLUDESQL, COLTYPE) values ('TP_BASE_CFAHFA:BASE_TP_CFAHFA_100415_3:RAW_LEV2',   'YEAR_ID', 84, 'smallint', 0, 0, 65536, 0, 'LF', '', 'YEAR_ID', 'BASE_TP_CFAHFA_100415_3', 0, 0, null);
     insert into dwhrep.MeasurementColumn (MTABLEID, DATANAME, COLNUMBER, DATATYPE, DATASIZE, DATASCALE, UNIQUEVALUE, NULLABLE, INDEXES, DESCRIPTION, DATAID, RELEASEID, UNIQUEKEY, INCLUDESQL, COLTYPE) values ('TP_BASE_CFAHFA:BASE_TP_CFAHFA_100415_3:RAW_LEV2',   'MONTH_ID', 85, 'tinyint', 0, 0, 256, 0, 'LF', '', 'MONTH_ID', 'BASE_TP_CFAHFA_100415_3', 0, 0, null);
     insert into dwhrep.MeasurementColumn (MTABLEID, DATANAME, COLNUMBER, DATATYPE, DATASIZE, DATASCALE, UNIQUEVALUE, NULLABLE, INDEXES, DESCRIPTION, DATAID, RELEASEID, UNIQUEKEY, INCLUDESQL, COLTYPE) values ('TP_BASE_CFAHFA:BASE_TP_CFAHFA_100415_3:RAW_LEV2',   'DAY_ID', 86, 'tinyint', 0, 0, 256, 0, 'LF', '', 'DAY_ID', 'BASE_TP_CFAHFA_100415_3', 0, 0, null);
     insert into dwhrep.MeasurementColumn (MTABLEID, DATANAME, COLNUMBER, DATATYPE, DATASIZE, DATASCALE, UNIQUEVALUE, NULLABLE, INDEXES, DESCRIPTION, DATAID, RELEASEID, UNIQUEKEY, INCLUDESQL, COLTYPE) values ('TP_BASE_CFAHFA:BASE_TP_CFAHFA_100415_3:RAW_LEV2',   'HOUR_ID', 87, 'tinyint', 0, 0, 256, 0, 'LF', '', 'HOUR_ID', 'BASE_TP_CFAHFA_100415_3', 0, 0, null);
     insert into dwhrep.MeasurementColumn (MTABLEID, DATANAME, COLNUMBER, DATATYPE, DATASIZE, DATASCALE, UNIQUEVALUE, NULLABLE, INDEXES, DESCRIPTION, DATAID, RELEASEID, UNIQUEKEY, INCLUDESQL, COLTYPE) values ('TP_BASE_CFAHFA:BASE_TP_CFAHFA_100415_3:RAW_LEV2',   'MIN_ID', 88, 'tinyint', 0, 0, 256, 0, 'LF', '', 'MIN_ID', 'BASE_TP_CFAHFA_100415_3', 0, 0, null);
     insert into dwhrep.MeasurementColumn (MTABLEID, DATANAME, COLNUMBER, DATATYPE, DATASIZE, DATASCALE, UNIQUEVALUE, NULLABLE, INDEXES, DESCRIPTION, DATAID, RELEASEID, UNIQUEKEY, INCLUDESQL, COLTYPE) values ('TP_BASE_CFAHFA:BASE_TP_CFAHFA_100415_3:RAW_LEV2',   'DATETIME_ID', 89, 'datetime', 0, 0, 100000000, 0, 'HG', '', 'DATETIME_ID', 'BASE_TP_CFAHFA_100415_3', 0, 1, null);
     insert into dwhrep.MeasurementColumn (MTABLEID, DATANAME, COLNUMBER, DATATYPE, DATASIZE, DATASCALE, UNIQUEVALUE, NULLABLE, INDEXES, DESCRIPTION, DATAID, RELEASEID, UNIQUEKEY, INCLUDESQL, COLTYPE) values ('TP_BASE_CFAHFA:BASE_TP_CFAHFA_100415_3:RAW_LEV2',   'EVENT_TIME', 90, 'timestamp', 0, 0, 25000000, 0, '', '', 'EVENT_TIME', 'BASE_TP_CFAHFA_100415_3', 0, 0, null);
     insert into dwhrep.MeasurementColumn (MTABLEID, DATANAME, COLNUMBER, DATATYPE, DATASIZE, DATASCALE, UNIQUEVALUE, NULLABLE, INDEXES, DESCRIPTION, DATAID, RELEASEID, UNIQUEKEY, INCLUDESQL, COLTYPE) values ('TP_BASE_CFAHFA:BASE_TP_CFAHFA_100415_3:RAW_LEV2',   'TIMEZONE', 91, 'smallint', 0, 0, 65536, 1, 'LF', '', 'TIMEZONE', 'BASE_TP_CFAHFA_100415_3', 0, 1, null);
     insert into dwhrep.MeasurementColumn (MTABLEID, DATANAME, COLNUMBER, DATATYPE, DATASIZE, DATASCALE, UNIQUEVALUE, NULLABLE, INDEXES, DESCRIPTION, DATAID, RELEASEID, UNIQUEKEY, INCLUDESQL, COLTYPE) values ('TP_BASE_CFAHFA:BASE_TP_CFAHFA_100415_3:RAW_LEV2',   'SUSPECTFLAG', 93, 'bit', 0, 0, 1, 1, '', '', 'SUSPECTFLAG', 'BASE_TP_CFAHFA_100415_3', 0, 1, null);
     insert into dwhrep.MeasurementColumn (MTABLEID, DATANAME, COLNUMBER, DATATYPE, DATASIZE, DATASCALE, UNIQUEVALUE, NULLABLE, INDEXES, DESCRIPTION, DATAID, RELEASEID, UNIQUEKEY, INCLUDESQL, COLTYPE) values ('TP_BASE_CFAHFA:BASE_TP_CFAHFA_100415_3:RAW_LEV2',   'NE_VERSION', 94, 'varchar', 20, 0, 255, 1, 'LF', '', 'NE_VERSION', 'BASE_TP_CFAHFA_100415_3', 0, 1, null);
     insert into dwhrep.MeasurementColumn (MTABLEID, DATANAME, COLNUMBER, DATATYPE, DATASIZE, DATASCALE, UNIQUEVALUE, NULLABLE, INDEXES, DESCRIPTION, DATAID, RELEASEID, UNIQUEKEY, INCLUDESQL, COLTYPE) values ('TP_BASE_CFAHFA:BASE_TP_CFAHFA_100415_3:RAW_LEV2',   'IMSI', 95, 'unsigned bigint', 0, 0, 100000000, 1, 'HG', '', 'IMSI', 'BASE_TP_CFAHFA_100415_3', 0, 1, null);
     insert into dwhrep.MeasurementColumn (MTABLEID, DATANAME, COLNUMBER, DATATYPE, DATASIZE, DATASCALE, UNIQUEVALUE, NULLABLE, INDEXES, DESCRIPTION, DATAID, RELEASEID, UNIQUEKEY, INCLUDESQL, COLTYPE) values ('TP_BASE_CFAHFA:BASE_TP_CFAHFA_100415_3:RAW_LEV2',   'MSISDN', 96, 'unsigned bigint', 0, 0, 100000000, 1, 'HG', '', 'MSISDN', 'BASE_TP_CFAHFA_100415_3', 0, 1, null);
     insert into dwhrep.MeasurementColumn (MTABLEID, DATANAME, COLNUMBER, DATATYPE, DATASIZE, DATASCALE, UNIQUEVALUE, NULLABLE, INDEXES, DESCRIPTION, DATAID, RELEASEID, UNIQUEKEY, INCLUDESQL, COLTYPE) values ('TP_BASE_CFAHFA:BASE_TP_CFAHFA_100415_3:RAW_LEV2',   'SESSION_ID', 97, 'unsigned int', 0, 0, 100000000, 1, 'HG', '', 'SESSION_ID', 'BASE_TP_CFAHFA_100415_3', 0, 0, null);
     insert into dwhrep.MeasurementColumn (MTABLEID, DATANAME, COLNUMBER, DATATYPE, DATASIZE, DATASCALE, UNIQUEVALUE, NULLABLE, INDEXES, DESCRIPTION, DATAID, RELEASEID, UNIQUEKEY, INCLUDESQL, COLTYPE) values ('TP_BASE_CFAHFA:BASE_TP_CFAHFA_100415_3:RAW_LEV2',   'BATCH_ID', 98, 'unsigned int', 0, 0, 100000000, 1, '', '', 'BATCH_ID', 'BASE_TP_CFAHFA_100415_3', 0, 0, null);
     insert into dwhrep.MeasurementColumn (MTABLEID, DATANAME, COLNUMBER, DATATYPE, DATASIZE, DATASCALE, UNIQUEVALUE, NULLABLE, INDEXES, DESCRIPTION, DATAID, RELEASEID, UNIQUEKEY, INCLUDESQL, COLTYPE) values ('TP_BASE_CFAHFA:BASE_TP_CFAHFA_100415_3:RAW_LEV2',   'LOCAL_DATE_ID', 99, 'date', 0, 0, 100000000, 0, 'LF', '', 'LOCAL_DATE_ID', 'BASE_TP_CFAHFA_100415_3', 0, 1, null);
     insert into dwhrep.MeasurementColumn (MTABLEID, DATANAME, COLNUMBER, DATATYPE, DATASIZE, DATASCALE, UNIQUEVALUE, NULLABLE, INDEXES, DESCRIPTION, DATAID, RELEASEID, UNIQUEKEY, INCLUDESQL, COLTYPE) values ('TP_BASE_CFAHFA:BASE_TP_CFAHFA_100415_3:RAW_LEV2',   'AGG_FLAG', 100, 'bit', 0, 0, 1, 1, '', '', 'AGG_FLAG', 'BASE_TP_CFAHFA_100415_3', 0, 0, null);

     --1MIN public keys
     insert into dwhrep.MeasurementColumn (MTABLEID, DATANAME, COLNUMBER, DATATYPE, DATASIZE, DATASCALE, UNIQUEVALUE, NULLABLE, INDEXES, DESCRIPTION, DATAID, RELEASEID, UNIQUEKEY, INCLUDESQL, COLTYPE) values ('TP_BASE_CFAHFA:BASE_TP_CFAHFA_100415_3:1MIN',   'DATE_ID', 81, 'date', 0, 0, 100000000, 0, 'LF', '', 'DATE_ID', 'BASE_TP_CFAHFA_100415_3', 0, 1, null);
     insert into dwhrep.MeasurementColumn (MTABLEID, DATANAME, COLNUMBER, DATATYPE, DATASIZE, DATASCALE, UNIQUEVALUE, NULLABLE, INDEXES, DESCRIPTION, DATAID, RELEASEID, UNIQUEKEY, INCLUDESQL, COLTYPE) values ('TP_BASE_CFAHFA:BASE_TP_CFAHFA_100415_3:1MIN',   'YEAR_ID', 82, 'smallint', 0, 0, 65536, 0, 'LF', '', 'YEAR_ID', 'BASE_TP_CFAHFA_100415_3', 0, 0, null);
     insert into dwhrep.MeasurementColumn (MTABLEID, DATANAME, COLNUMBER, DATATYPE, DATASIZE, DATASCALE, UNIQUEVALUE, NULLABLE, INDEXES, DESCRIPTION, DATAID, RELEASEID, UNIQUEKEY, INCLUDESQL, COLTYPE) values ('TP_BASE_CFAHFA:BASE_TP_CFAHFA_100415_3:1MIN',   'MONTH_ID', 83, 'tinyint', 0, 0, 256, 0, 'LF', '', 'MONTH_ID', 'BASE_TP_CFAHFA_100415_3', 0, 0, null);
     insert into dwhrep.MeasurementColumn (MTABLEID, DATANAME, COLNUMBER, DATATYPE, DATASIZE, DATASCALE, UNIQUEVALUE, NULLABLE, INDEXES, DESCRIPTION, DATAID, RELEASEID, UNIQUEKEY, INCLUDESQL, COLTYPE) values ('TP_BASE_CFAHFA:BASE_TP_CFAHFA_100415_3:1MIN',   'DAY_ID', 84, 'tinyint', 0, 0, 256, 0, 'LF', '', 'DAY_ID', 'BASE_TP_CFAHFA_100415_3', 0, 0, null);
     insert into dwhrep.MeasurementColumn (MTABLEID, DATANAME, COLNUMBER, DATATYPE, DATASIZE, DATASCALE, UNIQUEVALUE, NULLABLE, INDEXES, DESCRIPTION, DATAID, RELEASEID, UNIQUEKEY, INCLUDESQL, COLTYPE) values ('TP_BASE_CFAHFA:BASE_TP_CFAHFA_100415_3:1MIN',   'HOUR_ID', 85, 'tinyint', 0, 0, 256, 0, 'LF', '', 'HOUR_ID', 'BASE_TP_CFAHFA_100415_3', 0, 0, null);
     insert into dwhrep.MeasurementColumn (MTABLEID, DATANAME, COLNUMBER, DATATYPE, DATASIZE, DATASCALE, UNIQUEVALUE, NULLABLE, INDEXES, DESCRIPTION, DATAID, RELEASEID, UNIQUEKEY, INCLUDESQL, COLTYPE) values ('TP_BASE_CFAHFA:BASE_TP_CFAHFA_100415_3:1MIN',   'MIN_ID', 86, 'tinyint', 0, 0, 256, 0, 'LF', '', 'MIN_ID', 'BASE_TP_CFAHFA_100415_3', 0, 0, null);
     insert into dwhrep.MeasurementColumn (MTABLEID, DATANAME, COLNUMBER, DATATYPE, DATASIZE, DATASCALE, UNIQUEVALUE, NULLABLE, INDEXES, DESCRIPTION, DATAID, RELEASEID, UNIQUEKEY, INCLUDESQL, COLTYPE) values ('TP_BASE_CFAHFA:BASE_TP_CFAHFA_100415_3:1MIN',   'DATETIME_ID', 87, 'datetime', 0, 0, 100000000, 0, 'HG', '', 'DATETIME_ID', 'BASE_TP_CFAHFA_100415_3', 0, 1, null);
     insert into dwhrep.MeasurementColumn (MTABLEID, DATANAME, COLNUMBER, DATATYPE, DATASIZE, DATASCALE, UNIQUEVALUE, NULLABLE, INDEXES, DESCRIPTION, DATAID, RELEASEID, UNIQUEKEY, INCLUDESQL, COLTYPE) values ('TP_BASE_CFAHFA:BASE_TP_CFAHFA_100415_3:1MIN',   'VALID', 88, 'bit', 0, 0, 1, 1, '', '', 'VALID', 'BASE_TP_CFAHFA_100415_3', 0, 0, null);
 
     --15MIN public keys
     insert into dwhrep.MeasurementColumn (MTABLEID, DATANAME, COLNUMBER, DATATYPE, DATASIZE, DATASCALE, UNIQUEVALUE, NULLABLE, INDEXES, DESCRIPTION, DATAID, RELEASEID, UNIQUEKEY, INCLUDESQL, COLTYPE) values ('TP_BASE_CFAHFA:BASE_TP_CFAHFA_100415_3:15MIN',   'DATE_ID', 81, 'date', 0, 0, 100000000, 0, 'LF', '', 'DATE_ID', 'BASE_TP_CFAHFA_100415_3', 0, 1, null);
     insert into dwhrep.MeasurementColumn (MTABLEID, DATANAME, COLNUMBER, DATATYPE, DATASIZE, DATASCALE, UNIQUEVALUE, NULLABLE, INDEXES, DESCRIPTION, DATAID, RELEASEID, UNIQUEKEY, INCLUDESQL, COLTYPE) values ('TP_BASE_CFAHFA:BASE_TP_CFAHFA_100415_3:15MIN',   'YEAR_ID', 82, 'smallint', 0, 0, 65536, 0, 'LF', '', 'YEAR_ID', 'BASE_TP_CFAHFA_100415_3', 0, 0, null);
     insert into dwhrep.MeasurementColumn (MTABLEID, DATANAME, COLNUMBER, DATATYPE, DATASIZE, DATASCALE, UNIQUEVALUE, NULLABLE, INDEXES, DESCRIPTION, DATAID, RELEASEID, UNIQUEKEY, INCLUDESQL, COLTYPE) values ('TP_BASE_CFAHFA:BASE_TP_CFAHFA_100415_3:15MIN',   'MONTH_ID', 83, 'tinyint', 0, 0, 256, 0, 'LF', '', 'MONTH_ID', 'BASE_TP_CFAHFA_100415_3', 0, 0, null);
     insert into dwhrep.MeasurementColumn (MTABLEID, DATANAME, COLNUMBER, DATATYPE, DATASIZE, DATASCALE, UNIQUEVALUE, NULLABLE, INDEXES, DESCRIPTION, DATAID, RELEASEID, UNIQUEKEY, INCLUDESQL, COLTYPE) values ('TP_BASE_CFAHFA:BASE_TP_CFAHFA_100415_3:15MIN',   'DAY_ID', 84, 'tinyint', 0, 0, 256, 0, 'LF', '', 'DAY_ID', 'BASE_TP_CFAHFA_100415_3', 0, 0, null);
     insert into dwhrep.MeasurementColumn (MTABLEID, DATANAME, COLNUMBER, DATATYPE, DATASIZE, DATASCALE, UNIQUEVALUE, NULLABLE, INDEXES, DESCRIPTION, DATAID, RELEASEID, UNIQUEKEY, INCLUDESQL, COLTYPE) values ('TP_BASE_CFAHFA:BASE_TP_CFAHFA_100415_3:15MIN',   'HOUR_ID', 85, 'tinyint', 0, 0, 256, 0, 'LF', '', 'HOUR_ID', 'BASE_TP_CFAHFA_100415_3', 0, 0, null);
     insert into dwhrep.MeasurementColumn (MTABLEID, DATANAME, COLNUMBER, DATATYPE, DATASIZE, DATASCALE, UNIQUEVALUE, NULLABLE, INDEXES, DESCRIPTION, DATAID, RELEASEID, UNIQUEKEY, INCLUDESQL, COLTYPE) values ('TP_BASE_CFAHFA:BASE_TP_CFAHFA_100415_3:15MIN',   'MIN_ID', 86, 'tinyint', 0, 0, 256, 0, 'LF', '', 'MIN_ID', 'BASE_TP_CFAHFA_100415_3', 0, 0, null);
     insert into dwhrep.MeasurementColumn (MTABLEID, DATANAME, COLNUMBER, DATATYPE, DATASIZE, DATASCALE, UNIQUEVALUE, NULLABLE, INDEXES, DESCRIPTION, DATAID, RELEASEID, UNIQUEKEY, INCLUDESQL, COLTYPE) values ('TP_BASE_CFAHFA:BASE_TP_CFAHFA_100415_3:15MIN',   'DATETIME_ID', 87, 'datetime', 0, 0, 100000000, 0, 'HG', '', 'DATETIME_ID', 'BASE_TP_CFAHFA_100415_3', 0, 1, null);
     insert into dwhrep.MeasurementColumn (MTABLEID, DATANAME, COLNUMBER, DATATYPE, DATASIZE, DATASCALE, UNIQUEVALUE, NULLABLE, INDEXES, DESCRIPTION, DATAID, RELEASEID, UNIQUEKEY, INCLUDESQL, COLTYPE) values ('TP_BASE_CFAHFA:BASE_TP_CFAHFA_100415_3:15MIN',   'VALID', 88, 'bit', 0, 0, 1, 1, '', '', 'VALID', 'BASE_TP_CFAHFA_100415_3', 0, 0, null);

     --DAY public keys
     insert into dwhrep.MeasurementColumn (MTABLEID, DATANAME, COLNUMBER, DATATYPE, DATASIZE, DATASCALE, UNIQUEVALUE, NULLABLE, INDEXES, DESCRIPTION, DATAID, RELEASEID, UNIQUEKEY, INCLUDESQL, COLTYPE) values ('TP_BASE_CFAHFA:BASE_TP_CFAHFA_100415_3:DAY',   'DATE_ID', 81, 'date', 0, 0, 100000000, 0, 'LF', '', 'DATE_ID', 'BASE_TP_CFAHFA_100415_3', 0, 1, null);
     insert into dwhrep.MeasurementColumn (MTABLEID, DATANAME, COLNUMBER, DATATYPE, DATASIZE, DATASCALE, UNIQUEVALUE, NULLABLE, INDEXES, DESCRIPTION, DATAID, RELEASEID, UNIQUEKEY, INCLUDESQL, COLTYPE) values ('TP_BASE_CFAHFA:BASE_TP_CFAHFA_100415_3:DAY',   'YEAR_ID', 82, 'smallint', 0, 0, 65536, 0, 'LF', '', 'YEAR_ID', 'BASE_TP_CFAHFA_100415_3', 0, 0, null);
     insert into dwhrep.MeasurementColumn (MTABLEID, DATANAME, COLNUMBER, DATATYPE, DATASIZE, DATASCALE, UNIQUEVALUE, NULLABLE, INDEXES, DESCRIPTION, DATAID, RELEASEID, UNIQUEKEY, INCLUDESQL, COLTYPE) values ('TP_BASE_CFAHFA:BASE_TP_CFAHFA_100415_3:DAY',   'MONTH_ID', 83, 'tinyint', 0, 0, 256, 0, 'LF', '', 'MONTH_ID', 'BASE_TP_CFAHFA_100415_3', 0, 0, null);
     insert into dwhrep.MeasurementColumn (MTABLEID, DATANAME, COLNUMBER, DATATYPE, DATASIZE, DATASCALE, UNIQUEVALUE, NULLABLE, INDEXES, DESCRIPTION, DATAID, RELEASEID, UNIQUEKEY, INCLUDESQL, COLTYPE) values ('TP_BASE_CFAHFA:BASE_TP_CFAHFA_100415_3:DAY',   'DAY_ID', 84, 'tinyint', 0, 0, 256, 0, 'LF', '', 'DAY_ID', 'BASE_TP_CFAHFA_100415_3', 0, 0, null);
     insert into dwhrep.MeasurementColumn (MTABLEID, DATANAME, COLNUMBER, DATATYPE, DATASIZE, DATASCALE, UNIQUEVALUE, NULLABLE, INDEXES, DESCRIPTION, DATAID, RELEASEID, UNIQUEKEY, INCLUDESQL, COLTYPE) values ('TP_BASE_CFAHFA:BASE_TP_CFAHFA_100415_3:DAY',   'HOUR_ID', 85, 'tinyint', 0, 0, 256, 1, 'LF', '', 'HOUR_ID', 'BASE_TP_CFAHFA_100415_3', 0, 0, null);
     insert into dwhrep.MeasurementColumn (MTABLEID, DATANAME, COLNUMBER, DATATYPE, DATASIZE, DATASCALE, UNIQUEVALUE, NULLABLE, INDEXES, DESCRIPTION, DATAID, RELEASEID, UNIQUEKEY, INCLUDESQL, COLTYPE) values ('TP_BASE_CFAHFA:BASE_TP_CFAHFA_100415_3:DAY',   'MIN_ID', 86, 'tinyint', 0, 0, 256, 1, 'LF', '', 'MIN_ID', 'BASE_TP_CFAHFA_100415_3', 0, 0, null);
     insert into dwhrep.MeasurementColumn (MTABLEID, DATANAME, COLNUMBER, DATATYPE, DATASIZE, DATASCALE, UNIQUEVALUE, NULLABLE, INDEXES, DESCRIPTION, DATAID, RELEASEID, UNIQUEKEY, INCLUDESQL, COLTYPE) values ('TP_BASE_CFAHFA:BASE_TP_CFAHFA_100415_3:DAY',   'DATETIME_ID', 87, 'datetime', 0, 0, 100000000, 1, 'HG', '', 'DATETIME_ID', 'BASE_TP_CFAHFA_100415_3', 0, 1, null);
     insert into dwhrep.MeasurementColumn (MTABLEID, DATANAME, COLNUMBER, DATATYPE, DATASIZE, DATASCALE, UNIQUEVALUE, NULLABLE, INDEXES, DESCRIPTION, DATAID, RELEASEID, UNIQUEKEY, INCLUDESQL, COLTYPE) values ('TP_BASE_CFAHFA:BASE_TP_CFAHFA_100415_3:DAY',   'VALID', 88, 'bit', 0, 0, 1, 1, '', '', 'VALID', 'BASE_TP_CFAHFA_100415_3', 0, 0, null);

    ----------------------------------------------------------------------
    --REFERENCETABLE
    ----------------------------------------------------------------------
    insert into dwhrep.ReferenceTable (TYPEID, VERSIONID, TYPENAME, OBJECTID, OBJECTNAME, OBJECTVERSION, OBJECTTYPE, DESCRIPTION, STATUS, UPDATE_POLICY, TABLE_TYPE, DATAFORMATSUPPORT, BASEDEF) values ('TP_BASE_CFAHFA:BASE_TP_CFAHFA_100415_3:PUBLIC_REFTYPE', 		'TP_BASE_CFAHFA:BASE_TP_CFAHFA_100415_3',	'PUBLIC_REFTYPE',			'TP_BASE_CFAHFA:BASE_TP_CFAHFA_100415_3:PUBLIC_REFTYPE',			'PUBLIC_REFTYPE',			'','','',0,0,'',0,0);    
    
    ----------------------------------------------------------------------
    --REFERENCECOLUMN
    ----------------------------------------------------------------------  
    insert into dwhrep.ReferenceColumn (TYPEID, DATANAME, COLNUMBER, DATATYPE, DATASIZE, DATASCALE, UNIQUEVALUE, NULLABLE, INDEXES, UNIQUEKEY, INCLUDESQL, INCLUDEUPD, BASEDEF, COLTYPE) values ('TP_BASE_CFAHFA:BASE_TP_CFAHFA_100415_3:PUBLIC_REFTYPE',		'VENDOR',      8,  'varchar',  20, 0, 255, 1, 'HG', 0, 1, 1, 0, 'COLUMN');
    insert into dwhrep.ReferenceColumn (TYPEID, DATANAME, COLNUMBER, DATATYPE, DATASIZE, DATASCALE, UNIQUEVALUE, NULLABLE, INDEXES, UNIQUEKEY, INCLUDESQL, INCLUDEUPD, BASEDEF, COLTYPE) values ('TP_BASE_CFAHFA:BASE_TP_CFAHFA_100415_3:PUBLIC_REFTYPE',		'STATUS',      9,  'varchar',  16, 0, 255, 1, 'HG', 0, 1, 1, 0, 'COLUMN');
    insert into dwhrep.ReferenceColumn (TYPEID, DATANAME, COLNUMBER, DATATYPE, DATASIZE, DATASCALE, UNIQUEVALUE, NULLABLE, INDEXES, UNIQUEKEY, INCLUDESQL, INCLUDEUPD, BASEDEF, COLTYPE) values ('TP_BASE_CFAHFA:BASE_TP_CFAHFA_100415_3:PUBLIC_REFTYPE',		'CREATED',     10, 'datetime', 0,  0, 255, 1, 'HG', 0, 1, 0, 0, 'COLUMN');
    insert into dwhrep.ReferenceColumn (TYPEID, DATANAME, COLNUMBER, DATATYPE, DATASIZE, DATASCALE, UNIQUEVALUE, NULLABLE, INDEXES, UNIQUEKEY, INCLUDESQL, INCLUDEUPD, BASEDEF, COLTYPE) values ('TP_BASE_CFAHFA:BASE_TP_CFAHFA_100415_3:PUBLIC_REFTYPE',		'MODIFIED',    11, 'datetime', 0,  0, 255, 1, 'HG', 0, 1, 1, 0, 'COLUMN');
    insert into dwhrep.ReferenceColumn (TYPEID, DATANAME, COLNUMBER, DATATYPE, DATASIZE, DATASCALE, UNIQUEVALUE, NULLABLE, INDEXES, UNIQUEKEY, INCLUDESQL, INCLUDEUPD, BASEDEF, COLTYPE) values ('TP_BASE_CFAHFA:BASE_TP_CFAHFA_100415_3:PUBLIC_REFTYPE',		'MODIFIER',    12, 'varchar',  32, 0, 255, 1, 'HG', 0, 1, 1, 0, 'COLUMN');

	
     ----------------------------------------------------------------------
     ----------------------------------------------------------------------
     ------------------BASE Techpack For EVENT_E_RAN_CFA--------------------
     ----------------------------------------------------------------------
     ----------------------------------------------------------------------
     ----------------------------------------------------------------------
     -- VERSIONING
     ----------------------------------------------------------------------
     insert into dwhrep.Versioning (VERSIONID, DESCRIPTION, STATUS, TECHPACK_NAME, TECHPACK_VERSION, TECHPACK_TYPE, PRODUCT_NUMBER, BASEDEFINITION,INSTALLDESCRIPTION,UNIVERSENAME,UNIVERSEEXTENSION,LOCKEDBY,LOCKDATE,ENIQ_LEVEL) values ('TP_BASE_RAN_CFA:BASE_TP_RAN_CFA_100415_3', 'TP_BASE_RAN_CFA BASE_TP_RAN_CFA_100415_3',1,'TP_BASE_RAN_CFA','R1A01','BASE','','','','','','TECHPACKIDE',NOW(),'1.0');
 
     ----------------------------------------------------------------------
     -- MEASUREMENTTYPECLASS
     ----------------------------------------------------------------------
     --RAW,RAW_LEV2,1MIN,FIFTEEN,DAY                                                 		TYPECLASSID                        		VERSIONID              D
     insert into dwhrep.MeasurementTypeClass (TYPECLASSID, VERSIONID,DESCRIPTION) values ('TP_BASE_RAN_CFA:BASE_TP_RAN_CFA_100415_3:RAW',   'TP_BASE_RAN_CFA:BASE_TP_RAN_CFA_100415_3', '');
     insert into dwhrep.MeasurementTypeClass (TYPECLASSID, VERSIONID,DESCRIPTION) values ('TP_BASE_RAN_CFA:BASE_TP_RAN_CFA_100415_3:RAW_LEV2',   'TP_BASE_RAN_CFA:BASE_TP_RAN_CFA_100415_3', '');
     insert into dwhrep.MeasurementTypeClass (TYPECLASSID, VERSIONID,DESCRIPTION) values ('TP_BASE_RAN_CFA:BASE_TP_RAN_CFA_100415_3:1MIN',   'TP_BASE_RAN_CFA:BASE_TP_RAN_CFA_100415_3', '');
     insert into dwhrep.MeasurementTypeClass (TYPECLASSID, VERSIONID,DESCRIPTION) values ('TP_BASE_RAN_CFA:BASE_TP_RAN_CFA_100415_3:15MIN',   'TP_BASE_RAN_CFA:BASE_TP_RAN_CFA_100415_3', '');
     insert into dwhrep.MeasurementTypeClass (TYPECLASSID, VERSIONID,DESCRIPTION) values ('TP_BASE_RAN_CFA:BASE_TP_RAN_CFA_100415_3:DAY',   'TP_BASE_RAN_CFA:BASE_TP_RAN_CFA_100415_3', '');
     
     ----------------------------------------------------------------------
     -- MEASUREMENTTYPE
     ----------------------------------------------------------------------
     --RAW,RAW_LEV2,1MIN,FIFTEEN,DAY  
     insert into dwhrep.MeasurementType (TYPEID, TYPECLASSID, TYPENAME, VENDORID, FOLDERNAME, DESCRIPTION, STATUS, VERSIONID, OBJECTID, OBJECTNAME, OBJECTVERSION, OBJECTTYPE, JOINABLE, SIZING, TOTALAGG, ELEMENTBHSUPPORT, RANKINGTABLE, DELTACALCSUPPORT, PLAINTABLE, UNIVERSEEXTENSION, VECTORSUPPORT, DATAFORMATSUPPORT) values ('TP_BASE_RAN_CFA:BASE_TP_RAN_CFA_100415_3:RAW',     'TP_BASE_RAN_CFA:BASE_TP_RAN_CFA_100415_3:RAW',    'RAW',    '', '', '', 0, 'TP_BASE_RAN_CFA:BASE_TP_RAN_CFA_100415_3', '', '', 0, '', '', '', 0, 0, 0, 0, 0, '',0,0);
     insert into dwhrep.MeasurementType (TYPEID, TYPECLASSID, TYPENAME, VENDORID, FOLDERNAME, DESCRIPTION, STATUS, VERSIONID, OBJECTID, OBJECTNAME, OBJECTVERSION, OBJECTTYPE, JOINABLE, SIZING, TOTALAGG, ELEMENTBHSUPPORT, RANKINGTABLE, DELTACALCSUPPORT, PLAINTABLE, UNIVERSEEXTENSION, VECTORSUPPORT, DATAFORMATSUPPORT) values ('TP_BASE_RAN_CFA:BASE_TP_RAN_CFA_100415_3:RAW_LEV2',     'TP_BASE_RAN_CFA:BASE_TP_RAN_CFA_100415_3:RAW_LEV2',    'RAW_LEV2',    '', '', '', 0, 'TP_BASE_RAN_CFA:BASE_TP_RAN_CFA_100415_3', '', '', 0, '', '', '', 0, 0, 0, 0, 0, '',0,0);
     insert into dwhrep.MeasurementType (TYPEID, TYPECLASSID, TYPENAME, VENDORID, FOLDERNAME, DESCRIPTION, STATUS, VERSIONID, OBJECTID, OBJECTNAME, OBJECTVERSION, OBJECTTYPE, JOINABLE, SIZING, TOTALAGG, ELEMENTBHSUPPORT, RANKINGTABLE, DELTACALCSUPPORT, PLAINTABLE, UNIVERSEEXTENSION, VECTORSUPPORT, DATAFORMATSUPPORT) values ('TP_BASE_RAN_CFA:BASE_TP_RAN_CFA_100415_3:1MIN',     'TP_BASE_RAN_CFA:BASE_TP_RAN_CFA_100415_3:1MIN',    '1MIN',    '', '', '', 0, 'TP_BASE_RAN_CFA:BASE_TP_RAN_CFA_100415_3', '', '', 0, '', '', '', 0, 0, 0, 0, 0, '',0,0);
     insert into dwhrep.MeasurementType (TYPEID, TYPECLASSID, TYPENAME, VENDORID, FOLDERNAME, DESCRIPTION, STATUS, VERSIONID, OBJECTID, OBJECTNAME, OBJECTVERSION, OBJECTTYPE, JOINABLE, SIZING, TOTALAGG, ELEMENTBHSUPPORT, RANKINGTABLE, DELTACALCSUPPORT, PLAINTABLE, UNIVERSEEXTENSION, VECTORSUPPORT, DATAFORMATSUPPORT) values ('TP_BASE_RAN_CFA:BASE_TP_RAN_CFA_100415_3:15MIN',     'TP_BASE_RAN_CFA:BASE_TP_RAN_CFA_100415_3:15MIN',    '15MIN',    '', '', '', 0, 'TP_BASE_RAN_CFA:BASE_TP_RAN_CFA_100415_3', '', '', 0, '', '', '', 0, 0, 0, 0, 0, '',0,0);
     insert into dwhrep.MeasurementType (TYPEID, TYPECLASSID, TYPENAME, VENDORID, FOLDERNAME, DESCRIPTION, STATUS, VERSIONID, OBJECTID, OBJECTNAME, OBJECTVERSION, OBJECTTYPE, JOINABLE, SIZING, TOTALAGG, ELEMENTBHSUPPORT, RANKINGTABLE, DELTACALCSUPPORT, PLAINTABLE, UNIVERSEEXTENSION, VECTORSUPPORT, DATAFORMATSUPPORT) values ('TP_BASE_RAN_CFA:BASE_TP_RAN_CFA_100415_3:DAY',     'TP_BASE_RAN_CFA:BASE_TP_RAN_CFA_100415_3:DAY',    'DAY',    '', '', '', 0, 'TP_BASE_RAN_CFA:BASE_TP_RAN_CFA_100415_3', '', '', 0, '', '', '', 0, 0, 0, 0, 0, '',0,0);
 
 
     ----------------------------------------------------------------------
     -- MEASUREMENTTABLE
     ----------------------------------------------------------------------
     --RAW,RAW_LEV2,1MIN,FIFTEEN,DAY                                                                                                   					MTABLEID               		TABLEVEL        		TYPEID			  BTN   DT    PP
      insert into dwhrep.MeasurementTable (MTABLEID, TABLELEVEL, TYPEID, BASETABLENAME, DEFAULT_TEMPLATE, PARTITIONPLAN) values ('TP_BASE_RAN_CFA:BASE_TP_RAN_CFA_100415_3:RAW',    'RAW'    , 'TP_BASE_RAN_CFA:BASE_TP_RAN_CFA_100415_3:RAW',    null, null, null);
      insert into dwhrep.MeasurementTable (MTABLEID, TABLELEVEL, TYPEID, BASETABLENAME, DEFAULT_TEMPLATE, PARTITIONPLAN) values ('TP_BASE_RAN_CFA:BASE_TP_RAN_CFA_100415_3:RAW_LEV2',    'RAW_LEV2'    , 'TP_BASE_RAN_CFA:BASE_TP_RAN_CFA_100415_3:RAW_LEV2',    null, null, null);
      insert into dwhrep.MeasurementTable (MTABLEID, TABLELEVEL, TYPEID, BASETABLENAME, DEFAULT_TEMPLATE, PARTITIONPLAN) values ('TP_BASE_RAN_CFA:BASE_TP_RAN_CFA_100415_3:1MIN',    '1MIN'    , 'TP_BASE_RAN_CFA:BASE_TP_RAN_CFA_100415_3:1MIN',    null, null, null);
      insert into dwhrep.MeasurementTable (MTABLEID, TABLELEVEL, TYPEID, BASETABLENAME, DEFAULT_TEMPLATE, PARTITIONPLAN) values ('TP_BASE_RAN_CFA:BASE_TP_RAN_CFA_100415_3:15MIN',    '15MIN'    , 'TP_BASE_RAN_CFA:BASE_TP_RAN_CFA_100415_3:15MIN',    null, null, null);
      insert into dwhrep.MeasurementTable (MTABLEID, TABLELEVEL, TYPEID, BASETABLENAME, DEFAULT_TEMPLATE, PARTITIONPLAN) values ('TP_BASE_RAN_CFA:BASE_TP_RAN_CFA_100415_3:DAY',    'DAY'    , 'TP_BASE_RAN_CFA:BASE_TP_RAN_CFA_100415_3:DAY',    null, null, null);
      
 
      
     ----------------------------------------------------------------------
     -- MEASUREMENTCOLUMN
     ----------------------------------------------------------------------
     --RAW public keys
     insert into dwhrep.MeasurementColumn (MTABLEID, DATANAME, COLNUMBER, DATATYPE, DATASIZE, DATASCALE, UNIQUEVALUE, NULLABLE, INDEXES, DESCRIPTION, DATAID, RELEASEID, UNIQUEKEY, INCLUDESQL, COLTYPE) values ('TP_BASE_RAN_CFA:BASE_TP_RAN_CFA_100415_3:RAW',   'OSS_ID', 82, 'varchar', 20, 0, 255, 1, 'LF', '', 'OSS_ID', 'BASE_TP_RAN_CFA_100415_3', 0, 1, null);
     insert into dwhrep.MeasurementColumn (MTABLEID, DATANAME, COLNUMBER, DATATYPE, DATASIZE, DATASCALE, UNIQUEVALUE, NULLABLE, INDEXES, DESCRIPTION, DATAID, RELEASEID, UNIQUEKEY, INCLUDESQL, COLTYPE) values ('TP_BASE_RAN_CFA:BASE_TP_RAN_CFA_100415_3:RAW',   'DATE_ID', 83, 'date', 0, 0, 100000000, 0, 'LF', '', 'DATE_ID', 'BASE_TP_RAN_CFA_100415_3', 0, 1, null);
     insert into dwhrep.MeasurementColumn (MTABLEID, DATANAME, COLNUMBER, DATATYPE, DATASIZE, DATASCALE, UNIQUEVALUE, NULLABLE, INDEXES, DESCRIPTION, DATAID, RELEASEID, UNIQUEKEY, INCLUDESQL, COLTYPE) values ('TP_BASE_RAN_CFA:BASE_TP_RAN_CFA_100415_3:RAW',   'YEAR_ID', 84, 'smallint', 0, 0, 65536, 0, 'LF', '', 'YEAR_ID', 'BASE_TP_RAN_CFA_100415_3', 0, 0, null);
     insert into dwhrep.MeasurementColumn (MTABLEID, DATANAME, COLNUMBER, DATATYPE, DATASIZE, DATASCALE, UNIQUEVALUE, NULLABLE, INDEXES, DESCRIPTION, DATAID, RELEASEID, UNIQUEKEY, INCLUDESQL, COLTYPE) values ('TP_BASE_RAN_CFA:BASE_TP_RAN_CFA_100415_3:RAW',   'MONTH_ID', 85, 'tinyint', 0, 0, 256, 0, 'LF', '', 'MONTH_ID', 'BASE_TP_RAN_CFA_100415_3', 0, 0, null);
     insert into dwhrep.MeasurementColumn (MTABLEID, DATANAME, COLNUMBER, DATATYPE, DATASIZE, DATASCALE, UNIQUEVALUE, NULLABLE, INDEXES, DESCRIPTION, DATAID, RELEASEID, UNIQUEKEY, INCLUDESQL, COLTYPE) values ('TP_BASE_RAN_CFA:BASE_TP_RAN_CFA_100415_3:RAW',   'DAY_ID', 86, 'tinyint', 0, 0, 256, 0, 'LF', '', 'DAY_ID', 'BASE_TP_RAN_CFA_100415_3', 0, 0, null);
     insert into dwhrep.MeasurementColumn (MTABLEID, DATANAME, COLNUMBER, DATATYPE, DATASIZE, DATASCALE, UNIQUEVALUE, NULLABLE, INDEXES, DESCRIPTION, DATAID, RELEASEID, UNIQUEKEY, INCLUDESQL, COLTYPE) values ('TP_BASE_RAN_CFA:BASE_TP_RAN_CFA_100415_3:RAW',   'HOUR_ID', 87, 'tinyint', 0, 0, 256, 0, 'LF', '', 'HOUR_ID', 'BASE_TP_RAN_CFA_100415_3', 0, 0, null);
     insert into dwhrep.MeasurementColumn (MTABLEID, DATANAME, COLNUMBER, DATATYPE, DATASIZE, DATASCALE, UNIQUEVALUE, NULLABLE, INDEXES, DESCRIPTION, DATAID, RELEASEID, UNIQUEKEY, INCLUDESQL, COLTYPE) values ('TP_BASE_RAN_CFA:BASE_TP_RAN_CFA_100415_3:RAW',   'MIN_ID', 88, 'tinyint', 0, 0, 256, 0, 'LF', '', 'MIN_ID', 'BASE_TP_RAN_CFA_100415_3', 0, 0, null);
     insert into dwhrep.MeasurementColumn (MTABLEID, DATANAME, COLNUMBER, DATATYPE, DATASIZE, DATASCALE, UNIQUEVALUE, NULLABLE, INDEXES, DESCRIPTION, DATAID, RELEASEID, UNIQUEKEY, INCLUDESQL, COLTYPE) values ('TP_BASE_RAN_CFA:BASE_TP_RAN_CFA_100415_3:RAW',   'DATETIME_ID', 89, 'datetime', 0, 0, 100000000, 0, 'HG', '', 'DATETIME_ID', 'BASE_TP_RAN_CFA_100415_3', 0, 1, null);
     insert into dwhrep.MeasurementColumn (MTABLEID, DATANAME, COLNUMBER, DATATYPE, DATASIZE, DATASCALE, UNIQUEVALUE, NULLABLE, INDEXES, DESCRIPTION, DATAID, RELEASEID, UNIQUEKEY, INCLUDESQL, COLTYPE) values ('TP_BASE_RAN_CFA:BASE_TP_RAN_CFA_100415_3:RAW',   'EVENT_TIME', 90, 'timestamp', 0, 0, 25000000, 0, '', '', 'EVENT_TIME', 'BASE_TP_RAN_CFA_100415_3', 0, 0, null);
     insert into dwhrep.MeasurementColumn (MTABLEID, DATANAME, COLNUMBER, DATATYPE, DATASIZE, DATASCALE, UNIQUEVALUE, NULLABLE, INDEXES, DESCRIPTION, DATAID, RELEASEID, UNIQUEKEY, INCLUDESQL, COLTYPE) values ('TP_BASE_RAN_CFA:BASE_TP_RAN_CFA_100415_3:RAW',   'TIMEZONE', 91, 'smallint', 0, 0, 65536, 1, 'LF', '', 'TIMEZONE', 'BASE_TP_RAN_CFA_100415_3', 0, 1, null);
     insert into dwhrep.MeasurementColumn (MTABLEID, DATANAME, COLNUMBER, DATATYPE, DATASIZE, DATASCALE, UNIQUEVALUE, NULLABLE, INDEXES, DESCRIPTION, DATAID, RELEASEID, UNIQUEKEY, INCLUDESQL, COLTYPE) values ('TP_BASE_RAN_CFA:BASE_TP_RAN_CFA_100415_3:RAW',   'SUSPECTFLAG', 93, 'bit', 0, 0, 1, 1, '', '', 'SUSPECTFLAG', 'BASE_TP_RAN_CFA_100415_3', 0, 1, null);
     insert into dwhrep.MeasurementColumn (MTABLEID, DATANAME, COLNUMBER, DATATYPE, DATASIZE, DATASCALE, UNIQUEVALUE, NULLABLE, INDEXES, DESCRIPTION, DATAID, RELEASEID, UNIQUEKEY, INCLUDESQL, COLTYPE) values ('TP_BASE_RAN_CFA:BASE_TP_RAN_CFA_100415_3:RAW',   'NE_VERSION', 94, 'varchar', 20, 0, 255, 1, 'LF', '', 'NE_VERSION', 'BASE_TP_RAN_CFA_100415_3', 0, 1, null);
     insert into dwhrep.MeasurementColumn (MTABLEID, DATANAME, COLNUMBER, DATATYPE, DATASIZE, DATASCALE, UNIQUEVALUE, NULLABLE, INDEXES, DESCRIPTION, DATAID, RELEASEID, UNIQUEKEY, INCLUDESQL, COLTYPE) values ('TP_BASE_RAN_CFA:BASE_TP_RAN_CFA_100415_3:RAW',   'IMSI', 95, 'unsigned bigint', 0, 0, 100000000, 1, 'HG', '', 'IMSI', 'BASE_TP_RAN_CFA_100415_3', 0, 1, null);
     insert into dwhrep.MeasurementColumn (MTABLEID, DATANAME, COLNUMBER, DATATYPE, DATASIZE, DATASCALE, UNIQUEVALUE, NULLABLE, INDEXES, DESCRIPTION, DATAID, RELEASEID, UNIQUEKEY, INCLUDESQL, COLTYPE) values ('TP_BASE_RAN_CFA:BASE_TP_RAN_CFA_100415_3:RAW',   'MSISDN', 96, 'unsigned bigint', 0, 0, 100000000, 1, 'HG', '', 'MSISDN', 'BASE_TP_RAN_CFA_100415_3', 0, 1, null);
     insert into dwhrep.MeasurementColumn (MTABLEID, DATANAME, COLNUMBER, DATATYPE, DATASIZE, DATASCALE, UNIQUEVALUE, NULLABLE, INDEXES, DESCRIPTION, DATAID, RELEASEID, UNIQUEKEY, INCLUDESQL, COLTYPE) values ('TP_BASE_RAN_CFA:BASE_TP_RAN_CFA_100415_3:RAW',   'SESSION_ID', 97, 'unsigned int', 0, 0, 100000000, 1, 'HG', '', 'SESSION_ID', 'BASE_TP_RAN_CFA_100415_3', 0, 0, null);
     insert into dwhrep.MeasurementColumn (MTABLEID, DATANAME, COLNUMBER, DATATYPE, DATASIZE, DATASCALE, UNIQUEVALUE, NULLABLE, INDEXES, DESCRIPTION, DATAID, RELEASEID, UNIQUEKEY, INCLUDESQL, COLTYPE) values ('TP_BASE_RAN_CFA:BASE_TP_RAN_CFA_100415_3:RAW',   'BATCH_ID', 98, 'unsigned int', 0, 0, 100000000, 1, '', '', 'BATCH_ID', 'BASE_TP_RAN_CFA_100415_3', 0, 0, null);
     insert into dwhrep.MeasurementColumn (MTABLEID, DATANAME, COLNUMBER, DATATYPE, DATASIZE, DATASCALE, UNIQUEVALUE, NULLABLE, INDEXES, DESCRIPTION, DATAID, RELEASEID, UNIQUEKEY, INCLUDESQL, COLTYPE) values ('TP_BASE_RAN_CFA:BASE_TP_RAN_CFA_100415_3:RAW',   'LOCAL_DATE_ID', 99, 'date', 0, 0, 100000000, 0, 'LF', '', 'LOCAL_DATE_ID', 'BASE_TP_RAN_CFA_100415_3', 0, 1, null);
     insert into dwhrep.MeasurementColumn (MTABLEID, DATANAME, COLNUMBER, DATATYPE, DATASIZE, DATASCALE, UNIQUEVALUE, NULLABLE, INDEXES, DESCRIPTION, DATAID, RELEASEID, UNIQUEKEY, INCLUDESQL, COLTYPE) values ('TP_BASE_RAN_CFA:BASE_TP_RAN_CFA_100415_3:RAW',   'AGG_FLAG', 100, 'bit', 0, 0, 1, 1, '', '', 'AGG_FLAG', 'BASE_TP_RAN_CFA_100415_3', 0, 0, null);

     --RAW_LEV2 public keys
     insert into dwhrep.MeasurementColumn (MTABLEID, DATANAME, COLNUMBER, DATATYPE, DATASIZE, DATASCALE, UNIQUEVALUE, NULLABLE, INDEXES, DESCRIPTION, DATAID, RELEASEID, UNIQUEKEY, INCLUDESQL, COLTYPE) values ('TP_BASE_RAN_CFA:BASE_TP_RAN_CFA_100415_3:RAW_LEV2',   'OSS_ID', 82, 'varchar', 20, 0, 255, 1, 'LF', '', 'OSS_ID', 'BASE_TP_RAN_CFA_100415_3', 0, 1, null);
     insert into dwhrep.MeasurementColumn (MTABLEID, DATANAME, COLNUMBER, DATATYPE, DATASIZE, DATASCALE, UNIQUEVALUE, NULLABLE, INDEXES, DESCRIPTION, DATAID, RELEASEID, UNIQUEKEY, INCLUDESQL, COLTYPE) values ('TP_BASE_RAN_CFA:BASE_TP_RAN_CFA_100415_3:RAW_LEV2',   'DATE_ID', 83, 'date', 0, 0, 100000000, 0, 'LF', '', 'DATE_ID', 'BASE_TP_RAN_CFA_100415_3', 0, 1, null);
     insert into dwhrep.MeasurementColumn (MTABLEID, DATANAME, COLNUMBER, DATATYPE, DATASIZE, DATASCALE, UNIQUEVALUE, NULLABLE, INDEXES, DESCRIPTION, DATAID, RELEASEID, UNIQUEKEY, INCLUDESQL, COLTYPE) values ('TP_BASE_RAN_CFA:BASE_TP_RAN_CFA_100415_3:RAW_LEV2',   'YEAR_ID', 84, 'smallint', 0, 0, 65536, 0, 'LF', '', 'YEAR_ID', 'BASE_TP_RAN_CFA_100415_3', 0, 0, null);
     insert into dwhrep.MeasurementColumn (MTABLEID, DATANAME, COLNUMBER, DATATYPE, DATASIZE, DATASCALE, UNIQUEVALUE, NULLABLE, INDEXES, DESCRIPTION, DATAID, RELEASEID, UNIQUEKEY, INCLUDESQL, COLTYPE) values ('TP_BASE_RAN_CFA:BASE_TP_RAN_CFA_100415_3:RAW_LEV2',   'MONTH_ID', 85, 'tinyint', 0, 0, 256, 0, 'LF', '', 'MONTH_ID', 'BASE_TP_RAN_CFA_100415_3', 0, 0, null);
     insert into dwhrep.MeasurementColumn (MTABLEID, DATANAME, COLNUMBER, DATATYPE, DATASIZE, DATASCALE, UNIQUEVALUE, NULLABLE, INDEXES, DESCRIPTION, DATAID, RELEASEID, UNIQUEKEY, INCLUDESQL, COLTYPE) values ('TP_BASE_RAN_CFA:BASE_TP_RAN_CFA_100415_3:RAW_LEV2',   'DAY_ID', 86, 'tinyint', 0, 0, 256, 0, 'LF', '', 'DAY_ID', 'BASE_TP_RAN_CFA_100415_3', 0, 0, null);
     insert into dwhrep.MeasurementColumn (MTABLEID, DATANAME, COLNUMBER, DATATYPE, DATASIZE, DATASCALE, UNIQUEVALUE, NULLABLE, INDEXES, DESCRIPTION, DATAID, RELEASEID, UNIQUEKEY, INCLUDESQL, COLTYPE) values ('TP_BASE_RAN_CFA:BASE_TP_RAN_CFA_100415_3:RAW_LEV2',   'HOUR_ID', 87, 'tinyint', 0, 0, 256, 0, 'LF', '', 'HOUR_ID', 'BASE_TP_RAN_CFA_100415_3', 0, 0, null);
     insert into dwhrep.MeasurementColumn (MTABLEID, DATANAME, COLNUMBER, DATATYPE, DATASIZE, DATASCALE, UNIQUEVALUE, NULLABLE, INDEXES, DESCRIPTION, DATAID, RELEASEID, UNIQUEKEY, INCLUDESQL, COLTYPE) values ('TP_BASE_RAN_CFA:BASE_TP_RAN_CFA_100415_3:RAW_LEV2',   'MIN_ID', 88, 'tinyint', 0, 0, 256, 0, 'LF', '', 'MIN_ID', 'BASE_TP_RAN_CFA_100415_3', 0, 0, null);
     insert into dwhrep.MeasurementColumn (MTABLEID, DATANAME, COLNUMBER, DATATYPE, DATASIZE, DATASCALE, UNIQUEVALUE, NULLABLE, INDEXES, DESCRIPTION, DATAID, RELEASEID, UNIQUEKEY, INCLUDESQL, COLTYPE) values ('TP_BASE_RAN_CFA:BASE_TP_RAN_CFA_100415_3:RAW_LEV2',   'DATETIME_ID', 89, 'datetime', 0, 0, 100000000, 0, 'HG', '', 'DATETIME_ID', 'BASE_TP_RAN_CFA_100415_3', 0, 1, null);
     insert into dwhrep.MeasurementColumn (MTABLEID, DATANAME, COLNUMBER, DATATYPE, DATASIZE, DATASCALE, UNIQUEVALUE, NULLABLE, INDEXES, DESCRIPTION, DATAID, RELEASEID, UNIQUEKEY, INCLUDESQL, COLTYPE) values ('TP_BASE_RAN_CFA:BASE_TP_RAN_CFA_100415_3:RAW_LEV2',   'EVENT_TIME', 90, 'timestamp', 0, 0, 25000000, 0, '', '', 'EVENT_TIME', 'BASE_TP_RAN_CFA_100415_3', 0, 0, null);
     insert into dwhrep.MeasurementColumn (MTABLEID, DATANAME, COLNUMBER, DATATYPE, DATASIZE, DATASCALE, UNIQUEVALUE, NULLABLE, INDEXES, DESCRIPTION, DATAID, RELEASEID, UNIQUEKEY, INCLUDESQL, COLTYPE) values ('TP_BASE_RAN_CFA:BASE_TP_RAN_CFA_100415_3:RAW_LEV2',   'TIMEZONE', 91, 'smallint', 0, 0, 65536, 1, 'LF', '', 'TIMEZONE', 'BASE_TP_RAN_CFA_100415_3', 0, 1, null);
     insert into dwhrep.MeasurementColumn (MTABLEID, DATANAME, COLNUMBER, DATATYPE, DATASIZE, DATASCALE, UNIQUEVALUE, NULLABLE, INDEXES, DESCRIPTION, DATAID, RELEASEID, UNIQUEKEY, INCLUDESQL, COLTYPE) values ('TP_BASE_RAN_CFA:BASE_TP_RAN_CFA_100415_3:RAW_LEV2',   'SUSPECTFLAG', 93, 'bit', 0, 0, 1, 1, '', '', 'SUSPECTFLAG', 'BASE_TP_RAN_CFA_100415_3', 0, 1, null);
     insert into dwhrep.MeasurementColumn (MTABLEID, DATANAME, COLNUMBER, DATATYPE, DATASIZE, DATASCALE, UNIQUEVALUE, NULLABLE, INDEXES, DESCRIPTION, DATAID, RELEASEID, UNIQUEKEY, INCLUDESQL, COLTYPE) values ('TP_BASE_RAN_CFA:BASE_TP_RAN_CFA_100415_3:RAW_LEV2',   'NE_VERSION', 94, 'varchar', 20, 0, 255, 1, 'LF', '', 'NE_VERSION', 'BASE_TP_RAN_CFA_100415_3', 0, 1, null);
     insert into dwhrep.MeasurementColumn (MTABLEID, DATANAME, COLNUMBER, DATATYPE, DATASIZE, DATASCALE, UNIQUEVALUE, NULLABLE, INDEXES, DESCRIPTION, DATAID, RELEASEID, UNIQUEKEY, INCLUDESQL, COLTYPE) values ('TP_BASE_RAN_CFA:BASE_TP_RAN_CFA_100415_3:RAW_LEV2',   'IMSI', 95, 'unsigned bigint', 0, 0, 100000000, 1, 'HG', '', 'IMSI', 'BASE_TP_RAN_CFA_100415_3', 0, 1, null);
     insert into dwhrep.MeasurementColumn (MTABLEID, DATANAME, COLNUMBER, DATATYPE, DATASIZE, DATASCALE, UNIQUEVALUE, NULLABLE, INDEXES, DESCRIPTION, DATAID, RELEASEID, UNIQUEKEY, INCLUDESQL, COLTYPE) values ('TP_BASE_RAN_CFA:BASE_TP_RAN_CFA_100415_3:RAW_LEV2',   'MSISDN', 96, 'unsigned bigint', 0, 0, 100000000, 1, 'HG', '', 'MSISDN', 'BASE_TP_RAN_CFA_100415_3', 0, 1, null);
     insert into dwhrep.MeasurementColumn (MTABLEID, DATANAME, COLNUMBER, DATATYPE, DATASIZE, DATASCALE, UNIQUEVALUE, NULLABLE, INDEXES, DESCRIPTION, DATAID, RELEASEID, UNIQUEKEY, INCLUDESQL, COLTYPE) values ('TP_BASE_RAN_CFA:BASE_TP_RAN_CFA_100415_3:RAW_LEV2',   'SESSION_ID', 97, 'unsigned int', 0, 0, 100000000, 1, 'HG', '', 'SESSION_ID', 'BASE_TP_RAN_CFA_100415_3', 0, 0, null);
     insert into dwhrep.MeasurementColumn (MTABLEID, DATANAME, COLNUMBER, DATATYPE, DATASIZE, DATASCALE, UNIQUEVALUE, NULLABLE, INDEXES, DESCRIPTION, DATAID, RELEASEID, UNIQUEKEY, INCLUDESQL, COLTYPE) values ('TP_BASE_RAN_CFA:BASE_TP_RAN_CFA_100415_3:RAW_LEV2',   'BATCH_ID', 98, 'unsigned int', 0, 0, 100000000, 1, '', '', 'BATCH_ID', 'BASE_TP_RAN_CFA_100415_3', 0, 0, null);
     insert into dwhrep.MeasurementColumn (MTABLEID, DATANAME, COLNUMBER, DATATYPE, DATASIZE, DATASCALE, UNIQUEVALUE, NULLABLE, INDEXES, DESCRIPTION, DATAID, RELEASEID, UNIQUEKEY, INCLUDESQL, COLTYPE) values ('TP_BASE_RAN_CFA:BASE_TP_RAN_CFA_100415_3:RAW_LEV2',   'LOCAL_DATE_ID', 99, 'date', 0, 0, 100000000, 0, 'LF', '', 'LOCAL_DATE_ID', 'BASE_TP_RAN_CFA_100415_3', 0, 1, null);
     insert into dwhrep.MeasurementColumn (MTABLEID, DATANAME, COLNUMBER, DATATYPE, DATASIZE, DATASCALE, UNIQUEVALUE, NULLABLE, INDEXES, DESCRIPTION, DATAID, RELEASEID, UNIQUEKEY, INCLUDESQL, COLTYPE) values ('TP_BASE_RAN_CFA:BASE_TP_RAN_CFA_100415_3:RAW_LEV2',   'AGG_FLAG', 100, 'bit', 0, 0, 1, 1, '', '', 'AGG_FLAG', 'BASE_TP_RAN_CFA_100415_3', 0, 0, null);

     --1MIN public keys
     insert into dwhrep.MeasurementColumn (MTABLEID, DATANAME, COLNUMBER, DATATYPE, DATASIZE, DATASCALE, UNIQUEVALUE, NULLABLE, INDEXES, DESCRIPTION, DATAID, RELEASEID, UNIQUEKEY, INCLUDESQL, COLTYPE) values ('TP_BASE_RAN_CFA:BASE_TP_RAN_CFA_100415_3:1MIN',   'DATE_ID', 81, 'date', 0, 0, 100000000, 0, 'LF', '', 'DATE_ID', 'BASE_TP_RAN_CFA_100415_3', 0, 1, null);
     insert into dwhrep.MeasurementColumn (MTABLEID, DATANAME, COLNUMBER, DATATYPE, DATASIZE, DATASCALE, UNIQUEVALUE, NULLABLE, INDEXES, DESCRIPTION, DATAID, RELEASEID, UNIQUEKEY, INCLUDESQL, COLTYPE) values ('TP_BASE_RAN_CFA:BASE_TP_RAN_CFA_100415_3:1MIN',   'YEAR_ID', 82, 'smallint', 0, 0, 65536, 0, 'LF', '', 'YEAR_ID', 'BASE_TP_RAN_CFA_100415_3', 0, 0, null);
     insert into dwhrep.MeasurementColumn (MTABLEID, DATANAME, COLNUMBER, DATATYPE, DATASIZE, DATASCALE, UNIQUEVALUE, NULLABLE, INDEXES, DESCRIPTION, DATAID, RELEASEID, UNIQUEKEY, INCLUDESQL, COLTYPE) values ('TP_BASE_RAN_CFA:BASE_TP_RAN_CFA_100415_3:1MIN',   'MONTH_ID', 83, 'tinyint', 0, 0, 256, 0, 'LF', '', 'MONTH_ID', 'BASE_TP_RAN_CFA_100415_3', 0, 0, null);
     insert into dwhrep.MeasurementColumn (MTABLEID, DATANAME, COLNUMBER, DATATYPE, DATASIZE, DATASCALE, UNIQUEVALUE, NULLABLE, INDEXES, DESCRIPTION, DATAID, RELEASEID, UNIQUEKEY, INCLUDESQL, COLTYPE) values ('TP_BASE_RAN_CFA:BASE_TP_RAN_CFA_100415_3:1MIN',   'DAY_ID', 84, 'tinyint', 0, 0, 256, 0, 'LF', '', 'DAY_ID', 'BASE_TP_RAN_CFA_100415_3', 0, 0, null);
     insert into dwhrep.MeasurementColumn (MTABLEID, DATANAME, COLNUMBER, DATATYPE, DATASIZE, DATASCALE, UNIQUEVALUE, NULLABLE, INDEXES, DESCRIPTION, DATAID, RELEASEID, UNIQUEKEY, INCLUDESQL, COLTYPE) values ('TP_BASE_RAN_CFA:BASE_TP_RAN_CFA_100415_3:1MIN',   'HOUR_ID', 85, 'tinyint', 0, 0, 256, 0, 'LF', '', 'HOUR_ID', 'BASE_TP_RAN_CFA_100415_3', 0, 0, null);
     insert into dwhrep.MeasurementColumn (MTABLEID, DATANAME, COLNUMBER, DATATYPE, DATASIZE, DATASCALE, UNIQUEVALUE, NULLABLE, INDEXES, DESCRIPTION, DATAID, RELEASEID, UNIQUEKEY, INCLUDESQL, COLTYPE) values ('TP_BASE_RAN_CFA:BASE_TP_RAN_CFA_100415_3:1MIN',   'MIN_ID', 86, 'tinyint', 0, 0, 256, 0, 'LF', '', 'MIN_ID', 'BASE_TP_RAN_CFA_100415_3', 0, 0, null);
     insert into dwhrep.MeasurementColumn (MTABLEID, DATANAME, COLNUMBER, DATATYPE, DATASIZE, DATASCALE, UNIQUEVALUE, NULLABLE, INDEXES, DESCRIPTION, DATAID, RELEASEID, UNIQUEKEY, INCLUDESQL, COLTYPE) values ('TP_BASE_RAN_CFA:BASE_TP_RAN_CFA_100415_3:1MIN',   'DATETIME_ID', 87, 'datetime', 0, 0, 100000000, 0, 'HG', '', 'DATETIME_ID', 'BASE_TP_RAN_CFA_100415_3', 0, 1, null);
     insert into dwhrep.MeasurementColumn (MTABLEID, DATANAME, COLNUMBER, DATATYPE, DATASIZE, DATASCALE, UNIQUEVALUE, NULLABLE, INDEXES, DESCRIPTION, DATAID, RELEASEID, UNIQUEKEY, INCLUDESQL, COLTYPE) values ('TP_BASE_RAN_CFA:BASE_TP_RAN_CFA_100415_3:1MIN',   'VALID', 88, 'bit', 0, 0, 1, 1, '', '', 'VALID', 'BASE_TP_RAN_CFA_100415_3', 0, 0, null);
 
     --15MIN public keys
     insert into dwhrep.MeasurementColumn (MTABLEID, DATANAME, COLNUMBER, DATATYPE, DATASIZE, DATASCALE, UNIQUEVALUE, NULLABLE, INDEXES, DESCRIPTION, DATAID, RELEASEID, UNIQUEKEY, INCLUDESQL, COLTYPE) values ('TP_BASE_RAN_CFA:BASE_TP_RAN_CFA_100415_3:15MIN',   'DATE_ID', 81, 'date', 0, 0, 100000000, 0, 'LF', '', 'DATE_ID', 'BASE_TP_RAN_CFA_100415_3', 0, 1, null);
     insert into dwhrep.MeasurementColumn (MTABLEID, DATANAME, COLNUMBER, DATATYPE, DATASIZE, DATASCALE, UNIQUEVALUE, NULLABLE, INDEXES, DESCRIPTION, DATAID, RELEASEID, UNIQUEKEY, INCLUDESQL, COLTYPE) values ('TP_BASE_RAN_CFA:BASE_TP_RAN_CFA_100415_3:15MIN',   'YEAR_ID', 82, 'smallint', 0, 0, 65536, 0, 'LF', '', 'YEAR_ID', 'BASE_TP_RAN_CFA_100415_3', 0, 0, null);
     insert into dwhrep.MeasurementColumn (MTABLEID, DATANAME, COLNUMBER, DATATYPE, DATASIZE, DATASCALE, UNIQUEVALUE, NULLABLE, INDEXES, DESCRIPTION, DATAID, RELEASEID, UNIQUEKEY, INCLUDESQL, COLTYPE) values ('TP_BASE_RAN_CFA:BASE_TP_RAN_CFA_100415_3:15MIN',   'MONTH_ID', 83, 'tinyint', 0, 0, 256, 0, 'LF', '', 'MONTH_ID', 'BASE_TP_RAN_CFA_100415_3', 0, 0, null);
     insert into dwhrep.MeasurementColumn (MTABLEID, DATANAME, COLNUMBER, DATATYPE, DATASIZE, DATASCALE, UNIQUEVALUE, NULLABLE, INDEXES, DESCRIPTION, DATAID, RELEASEID, UNIQUEKEY, INCLUDESQL, COLTYPE) values ('TP_BASE_RAN_CFA:BASE_TP_RAN_CFA_100415_3:15MIN',   'DAY_ID', 84, 'tinyint', 0, 0, 256, 0, 'LF', '', 'DAY_ID', 'BASE_TP_RAN_CFA_100415_3', 0, 0, null);
     insert into dwhrep.MeasurementColumn (MTABLEID, DATANAME, COLNUMBER, DATATYPE, DATASIZE, DATASCALE, UNIQUEVALUE, NULLABLE, INDEXES, DESCRIPTION, DATAID, RELEASEID, UNIQUEKEY, INCLUDESQL, COLTYPE) values ('TP_BASE_RAN_CFA:BASE_TP_RAN_CFA_100415_3:15MIN',   'HOUR_ID', 85, 'tinyint', 0, 0, 256, 0, 'LF', '', 'HOUR_ID', 'BASE_TP_RAN_CFA_100415_3', 0, 0, null);
     insert into dwhrep.MeasurementColumn (MTABLEID, DATANAME, COLNUMBER, DATATYPE, DATASIZE, DATASCALE, UNIQUEVALUE, NULLABLE, INDEXES, DESCRIPTION, DATAID, RELEASEID, UNIQUEKEY, INCLUDESQL, COLTYPE) values ('TP_BASE_RAN_CFA:BASE_TP_RAN_CFA_100415_3:15MIN',   'MIN_ID', 86, 'tinyint', 0, 0, 256, 0, 'LF', '', 'MIN_ID', 'BASE_TP_RAN_CFA_100415_3', 0, 0, null);
     insert into dwhrep.MeasurementColumn (MTABLEID, DATANAME, COLNUMBER, DATATYPE, DATASIZE, DATASCALE, UNIQUEVALUE, NULLABLE, INDEXES, DESCRIPTION, DATAID, RELEASEID, UNIQUEKEY, INCLUDESQL, COLTYPE) values ('TP_BASE_RAN_CFA:BASE_TP_RAN_CFA_100415_3:15MIN',   'DATETIME_ID', 87, 'datetime', 0, 0, 100000000, 0, 'HG', '', 'DATETIME_ID', 'BASE_TP_RAN_CFA_100415_3', 0, 1, null);
     insert into dwhrep.MeasurementColumn (MTABLEID, DATANAME, COLNUMBER, DATATYPE, DATASIZE, DATASCALE, UNIQUEVALUE, NULLABLE, INDEXES, DESCRIPTION, DATAID, RELEASEID, UNIQUEKEY, INCLUDESQL, COLTYPE) values ('TP_BASE_RAN_CFA:BASE_TP_RAN_CFA_100415_3:15MIN',   'VALID', 88, 'bit', 0, 0, 1, 1, '', '', 'VALID', 'BASE_TP_RAN_CFA_100415_3', 0, 0, null);
     insert into dwhrep.MeasurementColumn (MTABLEID, DATANAME, COLNUMBER, DATATYPE, DATASIZE, DATASCALE, UNIQUEVALUE, NULLABLE, INDEXES, DESCRIPTION, DATAID, RELEASEID, UNIQUEKEY, INCLUDESQL, COLTYPE) values ('TP_BASE_RAN_CFA:BASE_TP_RAN_CFA_100415_3:15MIN',   'AGG_FLAG', 89, 'bit', 0, 0, 1, 1, '', '', 'AGG_FLAG', 'BASE_TP_RAN_CFA_100415_3', 0, 0, null);

     --DAY public keys
     insert into dwhrep.MeasurementColumn (MTABLEID, DATANAME, COLNUMBER, DATATYPE, DATASIZE, DATASCALE, UNIQUEVALUE, NULLABLE, INDEXES, DESCRIPTION, DATAID, RELEASEID, UNIQUEKEY, INCLUDESQL, COLTYPE) values ('TP_BASE_RAN_CFA:BASE_TP_RAN_CFA_100415_3:DAY',   'DATE_ID', 81, 'date', 0, 0, 100000000, 0, 'LF', '', 'DATE_ID', 'BASE_TP_RAN_CFA_100415_3', 0, 1, null);
     insert into dwhrep.MeasurementColumn (MTABLEID, DATANAME, COLNUMBER, DATATYPE, DATASIZE, DATASCALE, UNIQUEVALUE, NULLABLE, INDEXES, DESCRIPTION, DATAID, RELEASEID, UNIQUEKEY, INCLUDESQL, COLTYPE) values ('TP_BASE_RAN_CFA:BASE_TP_RAN_CFA_100415_3:DAY',   'YEAR_ID', 82, 'smallint', 0, 0, 65536, 0, 'LF', '', 'YEAR_ID', 'BASE_TP_RAN_CFA_100415_3', 0, 0, null);
     insert into dwhrep.MeasurementColumn (MTABLEID, DATANAME, COLNUMBER, DATATYPE, DATASIZE, DATASCALE, UNIQUEVALUE, NULLABLE, INDEXES, DESCRIPTION, DATAID, RELEASEID, UNIQUEKEY, INCLUDESQL, COLTYPE) values ('TP_BASE_RAN_CFA:BASE_TP_RAN_CFA_100415_3:DAY',   'MONTH_ID', 83, 'tinyint', 0, 0, 256, 0, 'LF', '', 'MONTH_ID', 'BASE_TP_RAN_CFA_100415_3', 0, 0, null);
     insert into dwhrep.MeasurementColumn (MTABLEID, DATANAME, COLNUMBER, DATATYPE, DATASIZE, DATASCALE, UNIQUEVALUE, NULLABLE, INDEXES, DESCRIPTION, DATAID, RELEASEID, UNIQUEKEY, INCLUDESQL, COLTYPE) values ('TP_BASE_RAN_CFA:BASE_TP_RAN_CFA_100415_3:DAY',   'DAY_ID', 84, 'tinyint', 0, 0, 256, 0, 'LF', '', 'DAY_ID', 'BASE_TP_RAN_CFA_100415_3', 0, 0, null);
     insert into dwhrep.MeasurementColumn (MTABLEID, DATANAME, COLNUMBER, DATATYPE, DATASIZE, DATASCALE, UNIQUEVALUE, NULLABLE, INDEXES, DESCRIPTION, DATAID, RELEASEID, UNIQUEKEY, INCLUDESQL, COLTYPE) values ('TP_BASE_RAN_CFA:BASE_TP_RAN_CFA_100415_3:DAY',   'HOUR_ID', 85, 'tinyint', 0, 0, 256, 1, 'LF', '', 'HOUR_ID', 'BASE_TP_RAN_CFA_100415_3', 0, 0, null);
     insert into dwhrep.MeasurementColumn (MTABLEID, DATANAME, COLNUMBER, DATATYPE, DATASIZE, DATASCALE, UNIQUEVALUE, NULLABLE, INDEXES, DESCRIPTION, DATAID, RELEASEID, UNIQUEKEY, INCLUDESQL, COLTYPE) values ('TP_BASE_RAN_CFA:BASE_TP_RAN_CFA_100415_3:DAY',   'MIN_ID', 86, 'tinyint', 0, 0, 256, 1, 'LF', '', 'MIN_ID', 'BASE_TP_RAN_CFA_100415_3', 0, 0, null);
     insert into dwhrep.MeasurementColumn (MTABLEID, DATANAME, COLNUMBER, DATATYPE, DATASIZE, DATASCALE, UNIQUEVALUE, NULLABLE, INDEXES, DESCRIPTION, DATAID, RELEASEID, UNIQUEKEY, INCLUDESQL, COLTYPE) values ('TP_BASE_RAN_CFA:BASE_TP_RAN_CFA_100415_3:DAY',   'DATETIME_ID', 87, 'datetime', 0, 0, 100000000, 1, 'HG', '', 'DATETIME_ID', 'BASE_TP_RAN_CFA_100415_3', 0, 1, null);
     insert into dwhrep.MeasurementColumn (MTABLEID, DATANAME, COLNUMBER, DATATYPE, DATASIZE, DATASCALE, UNIQUEVALUE, NULLABLE, INDEXES, DESCRIPTION, DATAID, RELEASEID, UNIQUEKEY, INCLUDESQL, COLTYPE) values ('TP_BASE_RAN_CFA:BASE_TP_RAN_CFA_100415_3:DAY',   'VALID', 88, 'bit', 0, 0, 1, 1, '', '', 'VALID', 'BASE_TP_RAN_CFA_100415_3', 0, 0, null);

    ----------------------------------------------------------------------
    --REFERENCETABLE
    ----------------------------------------------------------------------
    insert into dwhrep.ReferenceTable (TYPEID, VERSIONID, TYPENAME, OBJECTID, OBJECTNAME, OBJECTVERSION, OBJECTTYPE, DESCRIPTION, STATUS, UPDATE_POLICY, TABLE_TYPE, DATAFORMATSUPPORT, BASEDEF) values ('TP_BASE_RAN_CFA:BASE_TP_RAN_CFA_100415_3:PUBLIC_REFTYPE', 		'TP_BASE_RAN_CFA:BASE_TP_RAN_CFA_100415_3',	'PUBLIC_REFTYPE',			'TP_BASE_RAN_CFA:BASE_TP_RAN_CFA_100415_3:PUBLIC_REFTYPE',			'PUBLIC_REFTYPE',			'','','',0,0,'',0,0);    
    
    ----------------------------------------------------------------------
    --REFERENCECOLUMN
    ----------------------------------------------------------------------  
    insert into dwhrep.ReferenceColumn (TYPEID, DATANAME, COLNUMBER, DATATYPE, DATASIZE, DATASCALE, UNIQUEVALUE, NULLABLE, INDEXES, UNIQUEKEY, INCLUDESQL, INCLUDEUPD, BASEDEF, COLTYPE) values ('TP_BASE_RAN_CFA:BASE_TP_RAN_CFA_100415_3:PUBLIC_REFTYPE',		'VENDOR',      8,  'varchar',  20, 0, 255, 1, 'HG', 0, 1, 1, 0, 'COLUMN');
    insert into dwhrep.ReferenceColumn (TYPEID, DATANAME, COLNUMBER, DATATYPE, DATASIZE, DATASCALE, UNIQUEVALUE, NULLABLE, INDEXES, UNIQUEKEY, INCLUDESQL, INCLUDEUPD, BASEDEF, COLTYPE) values ('TP_BASE_RAN_CFA:BASE_TP_RAN_CFA_100415_3:PUBLIC_REFTYPE',		'STATUS',      9,  'varchar',  16, 0, 255, 1, 'HG', 0, 1, 1, 0, 'COLUMN');
    insert into dwhrep.ReferenceColumn (TYPEID, DATANAME, COLNUMBER, DATATYPE, DATASIZE, DATASCALE, UNIQUEVALUE, NULLABLE, INDEXES, UNIQUEKEY, INCLUDESQL, INCLUDEUPD, BASEDEF, COLTYPE) values ('TP_BASE_RAN_CFA:BASE_TP_RAN_CFA_100415_3:PUBLIC_REFTYPE',		'CREATED',     10, 'datetime', 0,  0, 255, 1, 'HG', 0, 1, 0, 0, 'COLUMN');
    insert into dwhrep.ReferenceColumn (TYPEID, DATANAME, COLNUMBER, DATATYPE, DATASIZE, DATASCALE, UNIQUEVALUE, NULLABLE, INDEXES, UNIQUEKEY, INCLUDESQL, INCLUDEUPD, BASEDEF, COLTYPE) values ('TP_BASE_RAN_CFA:BASE_TP_RAN_CFA_100415_3:PUBLIC_REFTYPE',		'MODIFIED',    11, 'datetime', 0,  0, 255, 1, 'HG', 0, 1, 1, 0, 'COLUMN');
    insert into dwhrep.ReferenceColumn (TYPEID, DATANAME, COLNUMBER, DATATYPE, DATASIZE, DATASCALE, UNIQUEVALUE, NULLABLE, INDEXES, UNIQUEKEY, INCLUDESQL, INCLUDEUPD, BASEDEF, COLTYPE) values ('TP_BASE_RAN_CFA:BASE_TP_RAN_CFA_100415_3:PUBLIC_REFTYPE',		'MODIFIER',    12, 'varchar',  32, 0, 255, 1, 'HG', 0, 1, 1, 0, 'COLUMN');


  	 ----------------------------------------------------------------------
     ----------------------------------------------------------------------
     ------------------BASE Techpack For EVENT_E_EA--------------------
     ----------------------------------------------------------------------
     ----------------------------------------------------------------------
     ----------------------------------------------------------------------
     -- VERSIONING
     ----------------------------------------------------------------------
     insert into dwhrep.Versioning (VERSIONID, DESCRIPTION, STATUS, TECHPACK_NAME, TECHPACK_VERSION, TECHPACK_TYPE, PRODUCT_NUMBER, BASEDEFINITION,INSTALLDESCRIPTION,UNIVERSENAME,UNIVERSEEXTENSION,LOCKEDBY,LOCKDATE,ENIQ_LEVEL) values ('TP_BASE_EA:BASE_TP_EA_100415_3', 'TP_BASE_EA BASE_TP_EA_100415_3',1,'TP_BASE_EA','R1A01','BASE','','','','','','TECHPACKIDE',NOW(),'1.0');
 
     ----------------------------------------------------------------------
     -- MEASUREMENTTYPECLASS
     ----------------------------------------------------------------------
     --RAW,RAW_LEV2,1MIN,FIFTEEN,DAY                                                 		TYPECLASSID                        		VERSIONID              D
     insert into dwhrep.MeasurementTypeClass (TYPECLASSID, VERSIONID,DESCRIPTION) values ('TP_BASE_EA:BASE_TP_EA_100415_3:RAW',   'TP_BASE_EA:BASE_TP_EA_100415_3', '');
     insert into dwhrep.MeasurementTypeClass (TYPECLASSID, VERSIONID,DESCRIPTION) values ('TP_BASE_EA:BASE_TP_EA_100415_3:RAW_LEV2',   'TP_BASE_EA:BASE_TP_EA_100415_3', '');
     insert into dwhrep.MeasurementTypeClass (TYPECLASSID, VERSIONID,DESCRIPTION) values ('TP_BASE_EA:BASE_TP_EA_100415_3:1MIN',   'TP_BASE_EA:BASE_TP_EA_100415_3', '');
     insert into dwhrep.MeasurementTypeClass (TYPECLASSID, VERSIONID,DESCRIPTION) values ('TP_BASE_EA:BASE_TP_EA_100415_3:15MIN',   'TP_BASE_EA:BASE_TP_EA_100415_3', '');
     insert into dwhrep.MeasurementTypeClass (TYPECLASSID, VERSIONID,DESCRIPTION) values ('TP_BASE_EA:BASE_TP_EA_100415_3:DAY',   'TP_BASE_EA:BASE_TP_EA_100415_3', '');
     
     ----------------------------------------------------------------------
     -- MEASUREMENTTYPE
     ----------------------------------------------------------------------
     --RAW,RAW_LEV2,1MIN,FIFTEEN,DAY  
     insert into dwhrep.MeasurementType (TYPEID, TYPECLASSID, TYPENAME, VENDORID, FOLDERNAME, DESCRIPTION, STATUS, VERSIONID, OBJECTID, OBJECTNAME, OBJECTVERSION, OBJECTTYPE, JOINABLE, SIZING, TOTALAGG, ELEMENTBHSUPPORT, RANKINGTABLE, DELTACALCSUPPORT, PLAINTABLE, UNIVERSEEXTENSION, VECTORSUPPORT, DATAFORMATSUPPORT) values ('TP_BASE_EA:BASE_TP_EA_100415_3:RAW',     'TP_BASE_EA:BASE_TP_EA_100415_3:RAW',    'RAW',    '', '', '', 0, 'TP_BASE_EA:BASE_TP_EA_100415_3', '', '', 0, '', '', '', 0, 0, 0, 0, 0, '',0,0);
     insert into dwhrep.MeasurementType (TYPEID, TYPECLASSID, TYPENAME, VENDORID, FOLDERNAME, DESCRIPTION, STATUS, VERSIONID, OBJECTID, OBJECTNAME, OBJECTVERSION, OBJECTTYPE, JOINABLE, SIZING, TOTALAGG, ELEMENTBHSUPPORT, RANKINGTABLE, DELTACALCSUPPORT, PLAINTABLE, UNIVERSEEXTENSION, VECTORSUPPORT, DATAFORMATSUPPORT) values ('TP_BASE_EA:BASE_TP_EA_100415_3:RAW_LEV2',     'TP_BASE_EA:BASE_TP_EA_100415_3:RAW_LEV2',    'RAW_LEV2',    '', '', '', 0, 'TP_BASE_EA:BASE_TP_EA_100415_3', '', '', 0, '', '', '', 0, 0, 0, 0, 0, '',0,0);
     insert into dwhrep.MeasurementType (TYPEID, TYPECLASSID, TYPENAME, VENDORID, FOLDERNAME, DESCRIPTION, STATUS, VERSIONID, OBJECTID, OBJECTNAME, OBJECTVERSION, OBJECTTYPE, JOINABLE, SIZING, TOTALAGG, ELEMENTBHSUPPORT, RANKINGTABLE, DELTACALCSUPPORT, PLAINTABLE, UNIVERSEEXTENSION, VECTORSUPPORT, DATAFORMATSUPPORT) values ('TP_BASE_EA:BASE_TP_EA_100415_3:1MIN',     'TP_BASE_EA:BASE_TP_EA_100415_3:1MIN',    '1MIN',    '', '', '', 0, 'TP_BASE_EA:BASE_TP_EA_100415_3', '', '', 0, '', '', '', 0, 0, 0, 0, 0, '',0,0);
     insert into dwhrep.MeasurementType (TYPEID, TYPECLASSID, TYPENAME, VENDORID, FOLDERNAME, DESCRIPTION, STATUS, VERSIONID, OBJECTID, OBJECTNAME, OBJECTVERSION, OBJECTTYPE, JOINABLE, SIZING, TOTALAGG, ELEMENTBHSUPPORT, RANKINGTABLE, DELTACALCSUPPORT, PLAINTABLE, UNIVERSEEXTENSION, VECTORSUPPORT, DATAFORMATSUPPORT) values ('TP_BASE_EA:BASE_TP_EA_100415_3:15MIN',     'TP_BASE_EA:BASE_TP_EA_100415_3:15MIN',    '15MIN',    '', '', '', 0, 'TP_BASE_EA:BASE_TP_EA_100415_3', '', '', 0, '', '', '', 0, 0, 0, 0, 0, '',0,0);
     insert into dwhrep.MeasurementType (TYPEID, TYPECLASSID, TYPENAME, VENDORID, FOLDERNAME, DESCRIPTION, STATUS, VERSIONID, OBJECTID, OBJECTNAME, OBJECTVERSION, OBJECTTYPE, JOINABLE, SIZING, TOTALAGG, ELEMENTBHSUPPORT, RANKINGTABLE, DELTACALCSUPPORT, PLAINTABLE, UNIVERSEEXTENSION, VECTORSUPPORT, DATAFORMATSUPPORT) values ('TP_BASE_EA:BASE_TP_EA_100415_3:DAY',     'TP_BASE_EA:BASE_TP_EA_100415_3:DAY',    'DAY',    '', '', '', 0, 'TP_BASE_EA:BASE_TP_EA_100415_3', '', '', 0, '', '', '', 0, 0, 0, 0, 0, '',0,0);
 
 
     ----------------------------------------------------------------------
     -- MEASUREMENTTABLE
     ----------------------------------------------------------------------
     --RAW,RAW_LEV2,1MIN,FIFTEEN,DAY                                                                                                   					MTABLEID               		TABLEVEL        		TYPEID			  BTN   DT    PP
      insert into dwhrep.MeasurementTable (MTABLEID, TABLELEVEL, TYPEID, BASETABLENAME, DEFAULT_TEMPLATE, PARTITIONPLAN) values ('TP_BASE_EA:BASE_TP_EA_100415_3:RAW',    'RAW'    , 'TP_BASE_EA:BASE_TP_EA_100415_3:RAW',    null, null, null);
      insert into dwhrep.MeasurementTable (MTABLEID, TABLELEVEL, TYPEID, BASETABLENAME, DEFAULT_TEMPLATE, PARTITIONPLAN) values ('TP_BASE_EA:BASE_TP_EA_100415_3:RAW_LEV2',    'RAW_LEV2'    , 'TP_BASE_EA:BASE_TP_EA_100415_3:RAW_LEV2',    null, null, null);
      insert into dwhrep.MeasurementTable (MTABLEID, TABLELEVEL, TYPEID, BASETABLENAME, DEFAULT_TEMPLATE, PARTITIONPLAN) values ('TP_BASE_EA:BASE_TP_EA_100415_3:1MIN',    '1MIN'    , 'TP_BASE_EA:BASE_TP_EA_100415_3:1MIN',    null, null, null);
      insert into dwhrep.MeasurementTable (MTABLEID, TABLELEVEL, TYPEID, BASETABLENAME, DEFAULT_TEMPLATE, PARTITIONPLAN) values ('TP_BASE_EA:BASE_TP_EA_100415_3:15MIN',    '15MIN'    , 'TP_BASE_EA:BASE_TP_EA_100415_3:15MIN',    null, null, null);
      insert into dwhrep.MeasurementTable (MTABLEID, TABLELEVEL, TYPEID, BASETABLENAME, DEFAULT_TEMPLATE, PARTITIONPLAN) values ('TP_BASE_EA:BASE_TP_EA_100415_3:DAY',    'DAY'    , 'TP_BASE_EA:BASE_TP_EA_100415_3:DAY',    null, null, null);
      
 
      
     ----------------------------------------------------------------------
     -- MEASUREMENTCOLUMN
     ----------------------------------------------------------------------
     --RAW public keys
     insert into dwhrep.MeasurementColumn (MTABLEID, DATANAME, COLNUMBER, DATATYPE, DATASIZE, DATASCALE, UNIQUEVALUE, NULLABLE, INDEXES, DESCRIPTION, DATAID, RELEASEID, UNIQUEKEY, INCLUDESQL, COLTYPE) values ('TP_BASE_EA:BASE_TP_EA_100415_3:RAW',   'IMSI', 89, 'unsigned bigint', 0, 0, 100000000, 1, 'HG', '', 'IMSI', 'BASE_TP_EA_100415_3', 0, 1, null);
     insert into dwhrep.MeasurementColumn (MTABLEID, DATANAME, COLNUMBER, DATATYPE, DATASIZE, DATASCALE, UNIQUEVALUE, NULLABLE, INDEXES, DESCRIPTION, DATAID, RELEASEID, UNIQUEKEY, INCLUDESQL, COLTYPE) values ('TP_BASE_EA:BASE_TP_EA_100415_3:RAW',   'MSISDN', 90, 'unsigned bigint', 0, 0, 100000000, 1, 'HG', '', 'MSISDN', 'BASE_TP_EA_100415_3', 0, 1, null);
     insert into dwhrep.MeasurementColumn (MTABLEID, DATANAME, COLNUMBER, DATATYPE, DATASIZE, DATASCALE, UNIQUEVALUE, NULLABLE, INDEXES, DESCRIPTION, DATAID, RELEASEID, UNIQUEKEY, INCLUDESQL, COLTYPE) values ('TP_BASE_EA:BASE_TP_EA_100415_3:RAW',   'DATETIME_ID', 91, 'datetime', 0, 0, 100000000, 0, 'HG', '', 'DATETIME_ID', 'BASE_TP_EA_100415_3', 0, 1, null);
     insert into dwhrep.MeasurementColumn (MTABLEID, DATANAME, COLNUMBER, DATATYPE, DATASIZE, DATASCALE, UNIQUEVALUE, NULLABLE, INDEXES, DESCRIPTION, DATAID, RELEASEID, UNIQUEKEY, INCLUDESQL, COLTYPE) values ('TP_BASE_EA:BASE_TP_EA_100415_3:RAW',   'EVENT_TIME', 92, 'timestamp', 0, 0, 25000000, 1, '', '', 'EVENT_TIME', 'BASE_TP_EA_100415_3', 0, 0, null);
     --RAW_LEV2 public keys
     insert into dwhrep.MeasurementColumn (MTABLEID, DATANAME, COLNUMBER, DATATYPE, DATASIZE, DATASCALE, UNIQUEVALUE, NULLABLE, INDEXES, DESCRIPTION, DATAID, RELEASEID, UNIQUEKEY, INCLUDESQL, COLTYPE) values ('TP_BASE_EA:BASE_TP_EA_100415_3:RAW_LEV2',   'OSS_ID', 82, 'varchar', 20, 0, 255, 1, 'LF', '', 'OSS_ID', 'BASE_TP_EA_100415_3', 0, 1, null);
     insert into dwhrep.MeasurementColumn (MTABLEID, DATANAME, COLNUMBER, DATATYPE, DATASIZE, DATASCALE, UNIQUEVALUE, NULLABLE, INDEXES, DESCRIPTION, DATAID, RELEASEID, UNIQUEKEY, INCLUDESQL, COLTYPE) values ('TP_BASE_EA:BASE_TP_EA_100415_3:RAW_LEV2',   'DATE_ID', 83, 'date', 0, 0, 100000000, 0, 'LF', '', 'DATE_ID', 'BASE_TP_EA_100415_3', 0, 1, null);
     insert into dwhrep.MeasurementColumn (MTABLEID, DATANAME, COLNUMBER, DATATYPE, DATASIZE, DATASCALE, UNIQUEVALUE, NULLABLE, INDEXES, DESCRIPTION, DATAID, RELEASEID, UNIQUEKEY, INCLUDESQL, COLTYPE) values ('TP_BASE_EA:BASE_TP_EA_100415_3:RAW_LEV2',   'YEAR_ID', 84, 'smallint', 0, 0, 65536, 0, 'LF', '', 'YEAR_ID', 'BASE_TP_EA_100415_3', 0, 0, null);
     insert into dwhrep.MeasurementColumn (MTABLEID, DATANAME, COLNUMBER, DATATYPE, DATASIZE, DATASCALE, UNIQUEVALUE, NULLABLE, INDEXES, DESCRIPTION, DATAID, RELEASEID, UNIQUEKEY, INCLUDESQL, COLTYPE) values ('TP_BASE_EA:BASE_TP_EA_100415_3:RAW_LEV2',   'MONTH_ID', 85, 'tinyint', 0, 0, 256, 0, 'LF', '', 'MONTH_ID', 'BASE_TP_EA_100415_3', 0, 0, null);
     insert into dwhrep.MeasurementColumn (MTABLEID, DATANAME, COLNUMBER, DATATYPE, DATASIZE, DATASCALE, UNIQUEVALUE, NULLABLE, INDEXES, DESCRIPTION, DATAID, RELEASEID, UNIQUEKEY, INCLUDESQL, COLTYPE) values ('TP_BASE_EA:BASE_TP_EA_100415_3:RAW_LEV2',   'DAY_ID', 86, 'tinyint', 0, 0, 256, 0, 'LF', '', 'DAY_ID', 'BASE_TP_EA_100415_3', 0, 0, null);
     insert into dwhrep.MeasurementColumn (MTABLEID, DATANAME, COLNUMBER, DATATYPE, DATASIZE, DATASCALE, UNIQUEVALUE, NULLABLE, INDEXES, DESCRIPTION, DATAID, RELEASEID, UNIQUEKEY, INCLUDESQL, COLTYPE) values ('TP_BASE_EA:BASE_TP_EA_100415_3:RAW_LEV2',   'HOUR_ID', 87, 'tinyint', 0, 0, 256, 0, 'LF', '', 'HOUR_ID', 'BASE_TP_EA_100415_3', 0, 0, null);
     insert into dwhrep.MeasurementColumn (MTABLEID, DATANAME, COLNUMBER, DATATYPE, DATASIZE, DATASCALE, UNIQUEVALUE, NULLABLE, INDEXES, DESCRIPTION, DATAID, RELEASEID, UNIQUEKEY, INCLUDESQL, COLTYPE) values ('TP_BASE_EA:BASE_TP_EA_100415_3:RAW_LEV2',   'MIN_ID', 88, 'tinyint', 0, 0, 256, 0, 'LF', '', 'MIN_ID', 'BASE_TP_EA_100415_3', 0, 0, null);
     insert into dwhrep.MeasurementColumn (MTABLEID, DATANAME, COLNUMBER, DATATYPE, DATASIZE, DATASCALE, UNIQUEVALUE, NULLABLE, INDEXES, DESCRIPTION, DATAID, RELEASEID, UNIQUEKEY, INCLUDESQL, COLTYPE) values ('TP_BASE_EA:BASE_TP_EA_100415_3:RAW_LEV2',   'DATETIME_ID', 89, 'datetime', 0, 0, 100000000, 0, 'HG', '', 'DATETIME_ID', 'BASE_TP_EA_100415_3', 0, 1, null);
     insert into dwhrep.MeasurementColumn (MTABLEID, DATANAME, COLNUMBER, DATATYPE, DATASIZE, DATASCALE, UNIQUEVALUE, NULLABLE, INDEXES, DESCRIPTION, DATAID, RELEASEID, UNIQUEKEY, INCLUDESQL, COLTYPE) values ('TP_BASE_EA:BASE_TP_EA_100415_3:RAW_LEV2',   'EVENT_TIME', 90, 'timestamp', 0, 0, 25000000, 0, '', '', 'EVENT_TIME', 'BASE_TP_EA_100415_3', 0, 0, null);
     insert into dwhrep.MeasurementColumn (MTABLEID, DATANAME, COLNUMBER, DATATYPE, DATASIZE, DATASCALE, UNIQUEVALUE, NULLABLE, INDEXES, DESCRIPTION, DATAID, RELEASEID, UNIQUEKEY, INCLUDESQL, COLTYPE) values ('TP_BASE_EA:BASE_TP_EA_100415_3:RAW_LEV2',   'TIMEZONE', 91, 'smallint', 0, 0, 65536, 1, 'LF', '', 'TIMEZONE', 'BASE_TP_EA_100415_3', 0, 1, null);
     insert into dwhrep.MeasurementColumn (MTABLEID, DATANAME, COLNUMBER, DATATYPE, DATASIZE, DATASCALE, UNIQUEVALUE, NULLABLE, INDEXES, DESCRIPTION, DATAID, RELEASEID, UNIQUEKEY, INCLUDESQL, COLTYPE) values ('TP_BASE_EA:BASE_TP_EA_100415_3:RAW_LEV2',   'SUSPECTFLAG', 93, 'bit', 0, 0, 1, 1, '', '', 'SUSPECTFLAG', 'BASE_TP_EA_100415_3', 0, 1, null);
     insert into dwhrep.MeasurementColumn (MTABLEID, DATANAME, COLNUMBER, DATATYPE, DATASIZE, DATASCALE, UNIQUEVALUE, NULLABLE, INDEXES, DESCRIPTION, DATAID, RELEASEID, UNIQUEKEY, INCLUDESQL, COLTYPE) values ('TP_BASE_EA:BASE_TP_EA_100415_3:RAW_LEV2',   'NE_VERSION', 94, 'varchar', 20, 0, 255, 1, 'LF', '', 'NE_VERSION', 'BASE_TP_EA_100415_3', 0, 1, null);
     insert into dwhrep.MeasurementColumn (MTABLEID, DATANAME, COLNUMBER, DATATYPE, DATASIZE, DATASCALE, UNIQUEVALUE, NULLABLE, INDEXES, DESCRIPTION, DATAID, RELEASEID, UNIQUEKEY, INCLUDESQL, COLTYPE) values ('TP_BASE_EA:BASE_TP_EA_100415_3:RAW_LEV2',   'IMSI', 95, 'unsigned bigint', 0, 0, 100000000, 1, 'HG', '', 'IMSI', 'BASE_TP_EA_100415_3', 0, 1, null);
     insert into dwhrep.MeasurementColumn (MTABLEID, DATANAME, COLNUMBER, DATATYPE, DATASIZE, DATASCALE, UNIQUEVALUE, NULLABLE, INDEXES, DESCRIPTION, DATAID, RELEASEID, UNIQUEKEY, INCLUDESQL, COLTYPE) values ('TP_BASE_EA:BASE_TP_EA_100415_3:RAW_LEV2',   'MSISDN', 96, 'unsigned bigint', 0, 0, 100000000, 1, 'HG', '', 'MSISDN', 'BASE_TP_EA_100415_3', 0, 1, null);
     insert into dwhrep.MeasurementColumn (MTABLEID, DATANAME, COLNUMBER, DATATYPE, DATASIZE, DATASCALE, UNIQUEVALUE, NULLABLE, INDEXES, DESCRIPTION, DATAID, RELEASEID, UNIQUEKEY, INCLUDESQL, COLTYPE) values ('TP_BASE_EA:BASE_TP_EA_100415_3:RAW_LEV2',   'SESSION_ID', 97, 'unsigned bigint', 0, 0, 100000000, 1, 'HG', '', 'SESSION_ID', 'BASE_TP_EA_100415_3', 0, 0, null);
     insert into dwhrep.MeasurementColumn (MTABLEID, DATANAME, COLNUMBER, DATATYPE, DATASIZE, DATASCALE, UNIQUEVALUE, NULLABLE, INDEXES, DESCRIPTION, DATAID, RELEASEID, UNIQUEKEY, INCLUDESQL, COLTYPE) values ('TP_BASE_EA:BASE_TP_EA_100415_3:RAW_LEV2',   'BATCH_ID', 98, 'unsigned int', 0, 0, 100000000, 1, '', '', 'BATCH_ID', 'BASE_TP_EA_100415_3', 0, 0, null);
     insert into dwhrep.MeasurementColumn (MTABLEID, DATANAME, COLNUMBER, DATATYPE, DATASIZE, DATASCALE, UNIQUEVALUE, NULLABLE, INDEXES, DESCRIPTION, DATAID, RELEASEID, UNIQUEKEY, INCLUDESQL, COLTYPE) values ('TP_BASE_EA:BASE_TP_EA_100415_3:RAW_LEV2',   'LOCAL_DATE_ID', 99, 'date', 0, 0, 100000000, 0, 'LF', '', 'LOCAL_DATE_ID', 'BASE_TP_EA_100415_3', 0, 1, null);

     --1MIN public keys
     insert into dwhrep.MeasurementColumn (MTABLEID, DATANAME, COLNUMBER, DATATYPE, DATASIZE, DATASCALE, UNIQUEVALUE, NULLABLE, INDEXES, DESCRIPTION, DATAID, RELEASEID, UNIQUEKEY, INCLUDESQL, COLTYPE) values ('TP_BASE_EA:BASE_TP_EA_100415_3:1MIN',   'DATE_ID', 81, 'date', 0, 0, 100000000, 0, 'LF', '', 'DATE_ID', 'BASE_TP_EA_100415_3', 0, 1, null);
     insert into dwhrep.MeasurementColumn (MTABLEID, DATANAME, COLNUMBER, DATATYPE, DATASIZE, DATASCALE, UNIQUEVALUE, NULLABLE, INDEXES, DESCRIPTION, DATAID, RELEASEID, UNIQUEKEY, INCLUDESQL, COLTYPE) values ('TP_BASE_EA:BASE_TP_EA_100415_3:1MIN',   'YEAR_ID', 82, 'smallint', 0, 0, 65536, 0, 'LF', '', 'YEAR_ID', 'BASE_TP_EA_100415_3', 0, 0, null);
     insert into dwhrep.MeasurementColumn (MTABLEID, DATANAME, COLNUMBER, DATATYPE, DATASIZE, DATASCALE, UNIQUEVALUE, NULLABLE, INDEXES, DESCRIPTION, DATAID, RELEASEID, UNIQUEKEY, INCLUDESQL, COLTYPE) values ('TP_BASE_EA:BASE_TP_EA_100415_3:1MIN',   'MONTH_ID', 83, 'tinyint', 0, 0, 256, 0, 'LF', '', 'MONTH_ID', 'BASE_TP_EA_100415_3', 0, 0, null);
     insert into dwhrep.MeasurementColumn (MTABLEID, DATANAME, COLNUMBER, DATATYPE, DATASIZE, DATASCALE, UNIQUEVALUE, NULLABLE, INDEXES, DESCRIPTION, DATAID, RELEASEID, UNIQUEKEY, INCLUDESQL, COLTYPE) values ('TP_BASE_EA:BASE_TP_EA_100415_3:1MIN',   'DAY_ID', 84, 'tinyint', 0, 0, 256, 0, 'LF', '', 'DAY_ID', 'BASE_TP_EA_100415_3', 0, 0, null);
     insert into dwhrep.MeasurementColumn (MTABLEID, DATANAME, COLNUMBER, DATATYPE, DATASIZE, DATASCALE, UNIQUEVALUE, NULLABLE, INDEXES, DESCRIPTION, DATAID, RELEASEID, UNIQUEKEY, INCLUDESQL, COLTYPE) values ('TP_BASE_EA:BASE_TP_EA_100415_3:1MIN',   'HOUR_ID', 85, 'tinyint', 0, 0, 256, 0, 'LF', '', 'HOUR_ID', 'BASE_TP_EA_100415_3', 0, 0, null);
     insert into dwhrep.MeasurementColumn (MTABLEID, DATANAME, COLNUMBER, DATATYPE, DATASIZE, DATASCALE, UNIQUEVALUE, NULLABLE, INDEXES, DESCRIPTION, DATAID, RELEASEID, UNIQUEKEY, INCLUDESQL, COLTYPE) values ('TP_BASE_EA:BASE_TP_EA_100415_3:1MIN',   'MIN_ID', 86, 'tinyint', 0, 0, 256, 0, 'LF', '', 'MIN_ID', 'BASE_TP_EA_100415_3', 0, 0, null);
     insert into dwhrep.MeasurementColumn (MTABLEID, DATANAME, COLNUMBER, DATATYPE, DATASIZE, DATASCALE, UNIQUEVALUE, NULLABLE, INDEXES, DESCRIPTION, DATAID, RELEASEID, UNIQUEKEY, INCLUDESQL, COLTYPE) values ('TP_BASE_EA:BASE_TP_EA_100415_3:1MIN',   'DATETIME_ID', 87, 'datetime', 0, 0, 100000000, 0, 'HG', '', 'DATETIME_ID', 'BASE_TP_EA_100415_3', 0, 1, null);
     insert into dwhrep.MeasurementColumn (MTABLEID, DATANAME, COLNUMBER, DATATYPE, DATASIZE, DATASCALE, UNIQUEVALUE, NULLABLE, INDEXES, DESCRIPTION, DATAID, RELEASEID, UNIQUEKEY, INCLUDESQL, COLTYPE) values ('TP_BASE_EA:BASE_TP_EA_100415_3:1MIN',   'VALID', 88, 'bit', 0, 0, 1, 1, '', '', 'VALID', 'BASE_TP_EA_100415_3', 0, 0, null);
 
     --15MIN public keys
     insert into dwhrep.MeasurementColumn (MTABLEID, DATANAME, COLNUMBER, DATATYPE, DATASIZE, DATASCALE, UNIQUEVALUE, NULLABLE, INDEXES, DESCRIPTION, DATAID, RELEASEID, UNIQUEKEY, INCLUDESQL, COLTYPE) values ('TP_BASE_EA:BASE_TP_EA_100415_3:15MIN',   'DATE_ID', 81, 'date', 0, 0, 100000000, 0, 'LF', '', 'DATE_ID', 'BASE_TP_EA_100415_3', 0, 1, null);
     insert into dwhrep.MeasurementColumn (MTABLEID, DATANAME, COLNUMBER, DATATYPE, DATASIZE, DATASCALE, UNIQUEVALUE, NULLABLE, INDEXES, DESCRIPTION, DATAID, RELEASEID, UNIQUEKEY, INCLUDESQL, COLTYPE) values ('TP_BASE_EA:BASE_TP_EA_100415_3:15MIN',   'YEAR_ID', 82, 'smallint', 0, 0, 65536, 0, 'LF', '', 'YEAR_ID', 'BASE_TP_EA_100415_3', 0, 0, null);
     insert into dwhrep.MeasurementColumn (MTABLEID, DATANAME, COLNUMBER, DATATYPE, DATASIZE, DATASCALE, UNIQUEVALUE, NULLABLE, INDEXES, DESCRIPTION, DATAID, RELEASEID, UNIQUEKEY, INCLUDESQL, COLTYPE) values ('TP_BASE_EA:BASE_TP_EA_100415_3:15MIN',   'MONTH_ID', 83, 'tinyint', 0, 0, 256, 0, 'LF', '', 'MONTH_ID', 'BASE_TP_EA_100415_3', 0, 0, null);
     insert into dwhrep.MeasurementColumn (MTABLEID, DATANAME, COLNUMBER, DATATYPE, DATASIZE, DATASCALE, UNIQUEVALUE, NULLABLE, INDEXES, DESCRIPTION, DATAID, RELEASEID, UNIQUEKEY, INCLUDESQL, COLTYPE) values ('TP_BASE_EA:BASE_TP_EA_100415_3:15MIN',   'DAY_ID', 84, 'tinyint', 0, 0, 256, 0, 'LF', '', 'DAY_ID', 'BASE_TP_EA_100415_3', 0, 0, null);
     insert into dwhrep.MeasurementColumn (MTABLEID, DATANAME, COLNUMBER, DATATYPE, DATASIZE, DATASCALE, UNIQUEVALUE, NULLABLE, INDEXES, DESCRIPTION, DATAID, RELEASEID, UNIQUEKEY, INCLUDESQL, COLTYPE) values ('TP_BASE_EA:BASE_TP_EA_100415_3:15MIN',   'HOUR_ID', 85, 'tinyint', 0, 0, 256, 0, 'LF', '', 'HOUR_ID', 'BASE_TP_EA_100415_3', 0, 0, null);
     insert into dwhrep.MeasurementColumn (MTABLEID, DATANAME, COLNUMBER, DATATYPE, DATASIZE, DATASCALE, UNIQUEVALUE, NULLABLE, INDEXES, DESCRIPTION, DATAID, RELEASEID, UNIQUEKEY, INCLUDESQL, COLTYPE) values ('TP_BASE_EA:BASE_TP_EA_100415_3:15MIN',   'MIN_ID', 86, 'tinyint', 0, 0, 256, 0, 'LF', '', 'MIN_ID', 'BASE_TP_EA_100415_3', 0, 0, null);
     insert into dwhrep.MeasurementColumn (MTABLEID, DATANAME, COLNUMBER, DATATYPE, DATASIZE, DATASCALE, UNIQUEVALUE, NULLABLE, INDEXES, DESCRIPTION, DATAID, RELEASEID, UNIQUEKEY, INCLUDESQL, COLTYPE) values ('TP_BASE_EA:BASE_TP_EA_100415_3:15MIN',   'DATETIME_ID', 87, 'datetime', 0, 0, 100000000, 0, 'HG', '', 'DATETIME_ID', 'BASE_TP_EA_100415_3', 0, 1, null);
     insert into dwhrep.MeasurementColumn (MTABLEID, DATANAME, COLNUMBER, DATATYPE, DATASIZE, DATASCALE, UNIQUEVALUE, NULLABLE, INDEXES, DESCRIPTION, DATAID, RELEASEID, UNIQUEKEY, INCLUDESQL, COLTYPE) values ('TP_BASE_EA:BASE_TP_EA_100415_3:15MIN',   'VALID', 88, 'bit', 0, 0, 1, 1, '', '', 'VALID', 'BASE_TP_EA_100415_3', 0, 0, null);
 
     --DAY public keys
     insert into dwhrep.MeasurementColumn (MTABLEID, DATANAME, COLNUMBER, DATATYPE, DATASIZE, DATASCALE, UNIQUEVALUE, NULLABLE, INDEXES, DESCRIPTION, DATAID, RELEASEID, UNIQUEKEY, INCLUDESQL, COLTYPE) values ('TP_BASE_EA:BASE_TP_EA_100415_3:DAY',   'DATE_ID', 81, 'date', 0, 0, 100000000, 0, 'LF', '', 'DATE_ID', 'BASE_TP_EA_100415_3', 0, 1, null);
     insert into dwhrep.MeasurementColumn (MTABLEID, DATANAME, COLNUMBER, DATATYPE, DATASIZE, DATASCALE, UNIQUEVALUE, NULLABLE, INDEXES, DESCRIPTION, DATAID, RELEASEID, UNIQUEKEY, INCLUDESQL, COLTYPE) values ('TP_BASE_EA:BASE_TP_EA_100415_3:DAY',   'YEAR_ID', 82, 'smallint', 0, 0, 65536, 0, 'LF', '', 'YEAR_ID', 'BASE_TP_EA_100415_3', 0, 0, null);
     insert into dwhrep.MeasurementColumn (MTABLEID, DATANAME, COLNUMBER, DATATYPE, DATASIZE, DATASCALE, UNIQUEVALUE, NULLABLE, INDEXES, DESCRIPTION, DATAID, RELEASEID, UNIQUEKEY, INCLUDESQL, COLTYPE) values ('TP_BASE_EA:BASE_TP_EA_100415_3:DAY',   'MONTH_ID', 83, 'tinyint', 0, 0, 256, 0, 'LF', '', 'MONTH_ID', 'BASE_TP_EA_100415_3', 0, 0, null);
     insert into dwhrep.MeasurementColumn (MTABLEID, DATANAME, COLNUMBER, DATATYPE, DATASIZE, DATASCALE, UNIQUEVALUE, NULLABLE, INDEXES, DESCRIPTION, DATAID, RELEASEID, UNIQUEKEY, INCLUDESQL, COLTYPE) values ('TP_BASE_EA:BASE_TP_EA_100415_3:DAY',   'DAY_ID', 84, 'tinyint', 0, 0, 256, 0, 'LF', '', 'DAY_ID', 'BASE_TP_EA_100415_3', 0, 0, null);
     insert into dwhrep.MeasurementColumn (MTABLEID, DATANAME, COLNUMBER, DATATYPE, DATASIZE, DATASCALE, UNIQUEVALUE, NULLABLE, INDEXES, DESCRIPTION, DATAID, RELEASEID, UNIQUEKEY, INCLUDESQL, COLTYPE) values ('TP_BASE_EA:BASE_TP_EA_100415_3:DAY',   'HOUR_ID', 85, 'tinyint', 0, 0, 256, 1, 'LF', '', 'HOUR_ID', 'BASE_TP_EA_100415_3', 0, 0, null);
     insert into dwhrep.MeasurementColumn (MTABLEID, DATANAME, COLNUMBER, DATATYPE, DATASIZE, DATASCALE, UNIQUEVALUE, NULLABLE, INDEXES, DESCRIPTION, DATAID, RELEASEID, UNIQUEKEY, INCLUDESQL, COLTYPE) values ('TP_BASE_EA:BASE_TP_EA_100415_3:DAY',   'MIN_ID', 86, 'tinyint', 0, 0, 256, 1, 'LF', '', 'MIN_ID', 'BASE_TP_EA_100415_3', 0, 0, null);
     insert into dwhrep.MeasurementColumn (MTABLEID, DATANAME, COLNUMBER, DATATYPE, DATASIZE, DATASCALE, UNIQUEVALUE, NULLABLE, INDEXES, DESCRIPTION, DATAID, RELEASEID, UNIQUEKEY, INCLUDESQL, COLTYPE) values ('TP_BASE_EA:BASE_TP_EA_100415_3:DAY',   'DATETIME_ID', 87, 'datetime', 0, 0, 100000000, 1, 'HG', '', 'DATETIME_ID', 'BASE_TP_EA_100415_3', 0, 1, null);
     insert into dwhrep.MeasurementColumn (MTABLEID, DATANAME, COLNUMBER, DATATYPE, DATASIZE, DATASCALE, UNIQUEVALUE, NULLABLE, INDEXES, DESCRIPTION, DATAID, RELEASEID, UNIQUEKEY, INCLUDESQL, COLTYPE) values ('TP_BASE_EA:BASE_TP_EA_100415_3:DAY',   'VALID', 88, 'bit', 0, 0, 1, 1, '', '', 'VALID', 'BASE_TP_EA_100415_3', 0, 0, null);

    ----------------------------------------------------------------------
    --REFERENCETABLE
    ----------------------------------------------------------------------
    insert into dwhrep.ReferenceTable (TYPEID, VERSIONID, TYPENAME, OBJECTID, OBJECTNAME, OBJECTVERSION, OBJECTTYPE, DESCRIPTION, STATUS, UPDATE_POLICY, TABLE_TYPE, DATAFORMATSUPPORT, BASEDEF) values ('TP_BASE_EA:BASE_TP_EA_100415_3:PUBLIC_REFTYPE', 		'TP_BASE_EA:BASE_TP_EA_100415_3',	'PUBLIC_REFTYPE',			'TP_BASE_EA:BASE_TP_EA_100415_3:PUBLIC_REFTYPE',			'PUBLIC_REFTYPE',			'','','',0,0,'',0,0);    
    
    ----------------------------------------------------------------------
    --REFERENCECOLUMN
    ----------------------------------------------------------------------  
    insert into dwhrep.ReferenceColumn (TYPEID, DATANAME, COLNUMBER, DATATYPE, DATASIZE, DATASCALE, UNIQUEVALUE, NULLABLE, INDEXES, UNIQUEKEY, INCLUDESQL, INCLUDEUPD, BASEDEF, COLTYPE) values ('TP_BASE_EA:BASE_TP_EA_100415_3:PUBLIC_REFTYPE',		'VENDOR',      8,  'varchar',  20, 0, 255, 1, 'HG', 0, 1, 1, 0, 'COLUMN');
    insert into dwhrep.ReferenceColumn (TYPEID, DATANAME, COLNUMBER, DATATYPE, DATASIZE, DATASCALE, UNIQUEVALUE, NULLABLE, INDEXES, UNIQUEKEY, INCLUDESQL, INCLUDEUPD, BASEDEF, COLTYPE) values ('TP_BASE_EA:BASE_TP_EA_100415_3:PUBLIC_REFTYPE',		'STATUS',      9,  'varchar',  16, 0, 255, 1, 'HG', 0, 1, 1, 0, 'COLUMN');
    insert into dwhrep.ReferenceColumn (TYPEID, DATANAME, COLNUMBER, DATATYPE, DATASIZE, DATASCALE, UNIQUEVALUE, NULLABLE, INDEXES, UNIQUEKEY, INCLUDESQL, INCLUDEUPD, BASEDEF, COLTYPE) values ('TP_BASE_EA:BASE_TP_EA_100415_3:PUBLIC_REFTYPE',		'CREATED',     10, 'datetime', 0,  0, 255, 1, 'HG', 0, 1, 0, 0, 'COLUMN');
    insert into dwhrep.ReferenceColumn (TYPEID, DATANAME, COLNUMBER, DATATYPE, DATASIZE, DATASCALE, UNIQUEVALUE, NULLABLE, INDEXES, UNIQUEKEY, INCLUDESQL, INCLUDEUPD, BASEDEF, COLTYPE) values ('TP_BASE_EA:BASE_TP_EA_100415_3:PUBLIC_REFTYPE',		'MODIFIED',    11, 'datetime', 0,  0, 255, 1, 'HG', 0, 1, 1, 0, 'COLUMN');
    insert into dwhrep.ReferenceColumn (TYPEID, DATANAME, COLNUMBER, DATATYPE, DATASIZE, DATASCALE, UNIQUEVALUE, NULLABLE, INDEXES, UNIQUEKEY, INCLUDESQL, INCLUDEUPD, BASEDEF, COLTYPE) values ('TP_BASE_EA:BASE_TP_EA_100415_3:PUBLIC_REFTYPE',		'MODIFIER',    12, 'varchar',  32, 0, 255, 1, 'HG', 0, 1, 1, 0, 'COLUMN');

     ----------------------------------------------------------------------
     ----------------------------------------------------------------------
     ------------------BASE Techpack For EVENT_E_EA2--------------------
     ----------------------------------------------------------------------
     ----------------------------------------------------------------------
     ----------------------------------------------------------------------
     -- VERSIONING
     ----------------------------------------------------------------------
     insert into dwhrep.Versioning (VERSIONID, DESCRIPTION, STATUS, TECHPACK_NAME, TECHPACK_VERSION, TECHPACK_TYPE, PRODUCT_NUMBER, BASEDEFINITION,INSTALLDESCRIPTION,UNIVERSENAME,UNIVERSEEXTENSION,LOCKEDBY,LOCKDATE,ENIQ_LEVEL) values ('TP_BASE_EA:BASE_TP_EA2_100415_3', 'TP_BASE_EA BASE_TP_EA2_100415_3',1,'TP_BASE_EA','R1A01','BASE','','','','','','TECHPACKIDE',NOW(),'1.0');
 
     ----------------------------------------------------------------------
     -- MEASUREMENTTYPECLASS
     ----------------------------------------------------------------------
     --RAW,RAW_LEV2,1MIN,FIFTEEN,DAY                                                 		TYPECLASSID                        		VERSIONID              D
     insert into dwhrep.MeasurementTypeClass (TYPECLASSID, VERSIONID,DESCRIPTION) values ('TP_BASE_EA:BASE_TP_EA2_100415_3:RAW',   'TP_BASE_EA:BASE_TP_EA2_100415_3', '');
     insert into dwhrep.MeasurementTypeClass (TYPECLASSID, VERSIONID,DESCRIPTION) values ('TP_BASE_EA:BASE_TP_EA2_100415_3:RAW_LEV2',   'TP_BASE_EA:BASE_TP_EA2_100415_3', '');
     insert into dwhrep.MeasurementTypeClass (TYPECLASSID, VERSIONID,DESCRIPTION) values ('TP_BASE_EA:BASE_TP_EA2_100415_3:1MIN',   'TP_BASE_EA:BASE_TP_EA2_100415_3', '');
     insert into dwhrep.MeasurementTypeClass (TYPECLASSID, VERSIONID,DESCRIPTION) values ('TP_BASE_EA:BASE_TP_EA2_100415_3:15MIN',   'TP_BASE_EA:BASE_TP_EA2_100415_3', '');
     insert into dwhrep.MeasurementTypeClass (TYPECLASSID, VERSIONID,DESCRIPTION) values ('TP_BASE_EA:BASE_TP_EA2_100415_3:DAY',   'TP_BASE_EA:BASE_TP_EA2_100415_3', '');
     
     ----------------------------------------------------------------------
     -- MEASUREMENTTYPE
     ----------------------------------------------------------------------
     --RAW,RAW_LEV2,1MIN,FIFTEEN,DAY  
     insert into dwhrep.MeasurementType (TYPEID, TYPECLASSID, TYPENAME, VENDORID, FOLDERNAME, DESCRIPTION, STATUS, VERSIONID, OBJECTID, OBJECTNAME, OBJECTVERSION, OBJECTTYPE, JOINABLE, SIZING, TOTALAGG, ELEMENTBHSUPPORT, RANKINGTABLE, DELTACALCSUPPORT, PLAINTABLE, UNIVERSEEXTENSION, VECTORSUPPORT, DATAFORMATSUPPORT) values ('TP_BASE_EA:BASE_TP_EA2_100415_3:RAW',     'TP_BASE_EA:BASE_TP_EA2_100415_3:RAW',    'RAW',    '', '', '', 0, 'TP_BASE_EA:BASE_TP_EA2_100415_3', '', '', 0, '', '', '', 0, 0, 0, 0, 0, '',0,0);
     insert into dwhrep.MeasurementType (TYPEID, TYPECLASSID, TYPENAME, VENDORID, FOLDERNAME, DESCRIPTION, STATUS, VERSIONID, OBJECTID, OBJECTNAME, OBJECTVERSION, OBJECTTYPE, JOINABLE, SIZING, TOTALAGG, ELEMENTBHSUPPORT, RANKINGTABLE, DELTACALCSUPPORT, PLAINTABLE, UNIVERSEEXTENSION, VECTORSUPPORT, DATAFORMATSUPPORT) values ('TP_BASE_EA:BASE_TP_EA2_100415_3:RAW_LEV2',     'TP_BASE_EA:BASE_TP_EA2_100415_3:RAW_LEV2',    'RAW_LEV2',    '', '', '', 0, 'TP_BASE_EA:BASE_TP_EA2_100415_3', '', '', 0, '', '', '', 0, 0, 0, 0, 0, '',0,0);
     insert into dwhrep.MeasurementType (TYPEID, TYPECLASSID, TYPENAME, VENDORID, FOLDERNAME, DESCRIPTION, STATUS, VERSIONID, OBJECTID, OBJECTNAME, OBJECTVERSION, OBJECTTYPE, JOINABLE, SIZING, TOTALAGG, ELEMENTBHSUPPORT, RANKINGTABLE, DELTACALCSUPPORT, PLAINTABLE, UNIVERSEEXTENSION, VECTORSUPPORT, DATAFORMATSUPPORT) values ('TP_BASE_EA:BASE_TP_EA2_100415_3:1MIN',     'TP_BASE_EA:BASE_TP_EA2_100415_3:1MIN',    '1MIN',    '', '', '', 0, 'TP_BASE_EA:BASE_TP_EA2_100415_3', '', '', 0, '', '', '', 0, 0, 0, 0, 0, '',0,0);
     insert into dwhrep.MeasurementType (TYPEID, TYPECLASSID, TYPENAME, VENDORID, FOLDERNAME, DESCRIPTION, STATUS, VERSIONID, OBJECTID, OBJECTNAME, OBJECTVERSION, OBJECTTYPE, JOINABLE, SIZING, TOTALAGG, ELEMENTBHSUPPORT, RANKINGTABLE, DELTACALCSUPPORT, PLAINTABLE, UNIVERSEEXTENSION, VECTORSUPPORT, DATAFORMATSUPPORT) values ('TP_BASE_EA:BASE_TP_EA2_100415_3:15MIN',     'TP_BASE_EA:BASE_TP_EA2_100415_3:15MIN',    '15MIN',    '', '', '', 0, 'TP_BASE_EA:BASE_TP_EA2_100415_3', '', '', 0, '', '', '', 0, 0, 0, 0, 0, '',0,0);
     insert into dwhrep.MeasurementType (TYPEID, TYPECLASSID, TYPENAME, VENDORID, FOLDERNAME, DESCRIPTION, STATUS, VERSIONID, OBJECTID, OBJECTNAME, OBJECTVERSION, OBJECTTYPE, JOINABLE, SIZING, TOTALAGG, ELEMENTBHSUPPORT, RANKINGTABLE, DELTACALCSUPPORT, PLAINTABLE, UNIVERSEEXTENSION, VECTORSUPPORT, DATAFORMATSUPPORT) values ('TP_BASE_EA:BASE_TP_EA2_100415_3:DAY',     'TP_BASE_EA:BASE_TP_EA2_100415_3:DAY',    'DAY',    '', '', '', 0, 'TP_BASE_EA:BASE_TP_EA2_100415_3', '', '', 0, '', '', '', 0, 0, 0, 0, 0, '',0,0);
 
 
     ----------------------------------------------------------------------
     -- MEASUREMENTTABLE
     ----------------------------------------------------------------------
     --RAW,RAW_LEV2,1MIN,FIFTEEN,DAY                                                                                                   					MTABLEID               		TABLEVEL        		TYPEID			  BTN   DT    PP
      insert into dwhrep.MeasurementTable (MTABLEID, TABLELEVEL, TYPEID, BASETABLENAME, DEFAULT_TEMPLATE, PARTITIONPLAN) values ('TP_BASE_EA:BASE_TP_EA2_100415_3:RAW',    'RAW'    , 'TP_BASE_EA:BASE_TP_EA2_100415_3:RAW',    null, null, null);
      insert into dwhrep.MeasurementTable (MTABLEID, TABLELEVEL, TYPEID, BASETABLENAME, DEFAULT_TEMPLATE, PARTITIONPLAN) values ('TP_BASE_EA:BASE_TP_EA2_100415_3:RAW_LEV2',    'RAW_LEV2'    , 'TP_BASE_EA:BASE_TP_EA2_100415_3:RAW_LEV2',    null, null, null);
      insert into dwhrep.MeasurementTable (MTABLEID, TABLELEVEL, TYPEID, BASETABLENAME, DEFAULT_TEMPLATE, PARTITIONPLAN) values ('TP_BASE_EA:BASE_TP_EA2_100415_3:1MIN',    '1MIN'    , 'TP_BASE_EA:BASE_TP_EA2_100415_3:1MIN',    null, null, null);
      insert into dwhrep.MeasurementTable (MTABLEID, TABLELEVEL, TYPEID, BASETABLENAME, DEFAULT_TEMPLATE, PARTITIONPLAN) values ('TP_BASE_EA:BASE_TP_EA2_100415_3:15MIN',    '15MIN'    , 'TP_BASE_EA:BASE_TP_EA2_100415_3:15MIN',    null, null, null);
      insert into dwhrep.MeasurementTable (MTABLEID, TABLELEVEL, TYPEID, BASETABLENAME, DEFAULT_TEMPLATE, PARTITIONPLAN) values ('TP_BASE_EA:BASE_TP_EA2_100415_3:DAY',    'DAY'    , 'TP_BASE_EA:BASE_TP_EA2_100415_3:DAY',    null, null, null);
      
 
      
     ----------------------------------------------------------------------
     -- MEASUREMENTCOLUMN
     ----------------------------------------------------------------------
     --RAW public keys
     insert into dwhrep.MeasurementColumn (MTABLEID, DATANAME, COLNUMBER, DATATYPE, DATASIZE, DATASCALE, UNIQUEVALUE, NULLABLE, INDEXES, DESCRIPTION, DATAID, RELEASEID, UNIQUEKEY, INCLUDESQL, COLTYPE) values ('TP_BASE_EA:BASE_TP_EA2_100415_3:RAW',   'DATETIME_ID', 89, 'datetime', 0, 0, 100000000, 0, 'HG', '', 'DATETIME_ID', 'BASE_TP_EA2_100415_3', 0, 1, null);
     insert into dwhrep.MeasurementColumn (MTABLEID, DATANAME, COLNUMBER, DATATYPE, DATASIZE, DATASCALE, UNIQUEVALUE, NULLABLE, INDEXES, DESCRIPTION, DATAID, RELEASEID, UNIQUEKEY, INCLUDESQL, COLTYPE) values ('TP_BASE_EA:BASE_TP_EA2_100415_3:RAW',   'EVENT_TIME', 90, 'timestamp', 0, 0, 25000000, 1, '', '', 'EVENT_TIME', 'BASE_TP_EA2_100415_3', 0, 0, null);
     
     --RAW_LEV2 public keys
     insert into dwhrep.MeasurementColumn (MTABLEID, DATANAME, COLNUMBER, DATATYPE, DATASIZE, DATASCALE, UNIQUEVALUE, NULLABLE, INDEXES, DESCRIPTION, DATAID, RELEASEID, UNIQUEKEY, INCLUDESQL, COLTYPE) values ('TP_BASE_EA:BASE_TP_EA2_100415_3:RAW_LEV2',   'OSS_ID', 82, 'varchar', 20, 0, 255, 1, 'LF', '', 'OSS_ID', 'BASE_TP_EA2_100415_3', 0, 1, null);
     insert into dwhrep.MeasurementColumn (MTABLEID, DATANAME, COLNUMBER, DATATYPE, DATASIZE, DATASCALE, UNIQUEVALUE, NULLABLE, INDEXES, DESCRIPTION, DATAID, RELEASEID, UNIQUEKEY, INCLUDESQL, COLTYPE) values ('TP_BASE_EA:BASE_TP_EA2_100415_3:RAW_LEV2',   'DATE_ID', 83, 'date', 0, 0, 100000000, 0, 'LF', '', 'DATE_ID', 'BASE_TP_EA2_100415_3', 0, 1, null);
     insert into dwhrep.MeasurementColumn (MTABLEID, DATANAME, COLNUMBER, DATATYPE, DATASIZE, DATASCALE, UNIQUEVALUE, NULLABLE, INDEXES, DESCRIPTION, DATAID, RELEASEID, UNIQUEKEY, INCLUDESQL, COLTYPE) values ('TP_BASE_EA:BASE_TP_EA2_100415_3:RAW_LEV2',   'YEAR_ID', 84, 'smallint', 0, 0, 65536, 0, 'LF', '', 'YEAR_ID', 'BASE_TP_EA2_100415_3', 0, 0, null);
     insert into dwhrep.MeasurementColumn (MTABLEID, DATANAME, COLNUMBER, DATATYPE, DATASIZE, DATASCALE, UNIQUEVALUE, NULLABLE, INDEXES, DESCRIPTION, DATAID, RELEASEID, UNIQUEKEY, INCLUDESQL, COLTYPE) values ('TP_BASE_EA:BASE_TP_EA2_100415_3:RAW_LEV2',   'MONTH_ID', 85, 'tinyint', 0, 0, 256, 0, 'LF', '', 'MONTH_ID', 'BASE_TP_EA2_100415_3', 0, 0, null);
     insert into dwhrep.MeasurementColumn (MTABLEID, DATANAME, COLNUMBER, DATATYPE, DATASIZE, DATASCALE, UNIQUEVALUE, NULLABLE, INDEXES, DESCRIPTION, DATAID, RELEASEID, UNIQUEKEY, INCLUDESQL, COLTYPE) values ('TP_BASE_EA:BASE_TP_EA2_100415_3:RAW_LEV2',   'DAY_ID', 86, 'tinyint', 0, 0, 256, 0, 'LF', '', 'DAY_ID', 'BASE_TP_EA2_100415_3', 0, 0, null);
     insert into dwhrep.MeasurementColumn (MTABLEID, DATANAME, COLNUMBER, DATATYPE, DATASIZE, DATASCALE, UNIQUEVALUE, NULLABLE, INDEXES, DESCRIPTION, DATAID, RELEASEID, UNIQUEKEY, INCLUDESQL, COLTYPE) values ('TP_BASE_EA:BASE_TP_EA2_100415_3:RAW_LEV2',   'HOUR_ID', 87, 'tinyint', 0, 0, 256, 0, 'LF', '', 'HOUR_ID', 'BASE_TP_EA2_100415_3', 0, 0, null);
     insert into dwhrep.MeasurementColumn (MTABLEID, DATANAME, COLNUMBER, DATATYPE, DATASIZE, DATASCALE, UNIQUEVALUE, NULLABLE, INDEXES, DESCRIPTION, DATAID, RELEASEID, UNIQUEKEY, INCLUDESQL, COLTYPE) values ('TP_BASE_EA:BASE_TP_EA2_100415_3:RAW_LEV2',   'MIN_ID', 88, 'tinyint', 0, 0, 256, 0, 'LF', '', 'MIN_ID', 'BASE_TP_EA2_100415_3', 0, 0, null);
     insert into dwhrep.MeasurementColumn (MTABLEID, DATANAME, COLNUMBER, DATATYPE, DATASIZE, DATASCALE, UNIQUEVALUE, NULLABLE, INDEXES, DESCRIPTION, DATAID, RELEASEID, UNIQUEKEY, INCLUDESQL, COLTYPE) values ('TP_BASE_EA:BASE_TP_EA2_100415_3:RAW_LEV2',   'DATETIME_ID', 89, 'datetime', 0, 0, 100000000, 0, 'HG', '', 'DATETIME_ID', 'BASE_TP_EA2_100415_3', 0, 1, null);
     insert into dwhrep.MeasurementColumn (MTABLEID, DATANAME, COLNUMBER, DATATYPE, DATASIZE, DATASCALE, UNIQUEVALUE, NULLABLE, INDEXES, DESCRIPTION, DATAID, RELEASEID, UNIQUEKEY, INCLUDESQL, COLTYPE) values ('TP_BASE_EA:BASE_TP_EA2_100415_3:RAW_LEV2',   'EVENT_TIME', 90, 'timestamp', 0, 0, 25000000, 0, '', '', 'EVENT_TIME', 'BASE_TP_EA2_100415_3', 0, 0, null);
     insert into dwhrep.MeasurementColumn (MTABLEID, DATANAME, COLNUMBER, DATATYPE, DATASIZE, DATASCALE, UNIQUEVALUE, NULLABLE, INDEXES, DESCRIPTION, DATAID, RELEASEID, UNIQUEKEY, INCLUDESQL, COLTYPE) values ('TP_BASE_EA:BASE_TP_EA2_100415_3:RAW_LEV2',   'TIMEZONE', 91, 'smallint', 0, 0, 65536, 1, 'LF', '', 'TIMEZONE', 'BASE_TP_EA2_100415_3', 0, 1, null);
     insert into dwhrep.MeasurementColumn (MTABLEID, DATANAME, COLNUMBER, DATATYPE, DATASIZE, DATASCALE, UNIQUEVALUE, NULLABLE, INDEXES, DESCRIPTION, DATAID, RELEASEID, UNIQUEKEY, INCLUDESQL, COLTYPE) values ('TP_BASE_EA:BASE_TP_EA2_100415_3:RAW_LEV2',   'SUSPECTFLAG', 93, 'bit', 0, 0, 1, 1, '', '', 'SUSPECTFLAG', 'BASE_TP_EA2_100415_3', 0, 1, null);
     insert into dwhrep.MeasurementColumn (MTABLEID, DATANAME, COLNUMBER, DATATYPE, DATASIZE, DATASCALE, UNIQUEVALUE, NULLABLE, INDEXES, DESCRIPTION, DATAID, RELEASEID, UNIQUEKEY, INCLUDESQL, COLTYPE) values ('TP_BASE_EA:BASE_TP_EA2_100415_3:RAW_LEV2',   'NE_VERSION', 94, 'varchar', 20, 0, 255, 1, 'LF', '', 'NE_VERSION', 'BASE_TP_EA2_100415_3', 0, 1, null);
     insert into dwhrep.MeasurementColumn (MTABLEID, DATANAME, COLNUMBER, DATATYPE, DATASIZE, DATASCALE, UNIQUEVALUE, NULLABLE, INDEXES, DESCRIPTION, DATAID, RELEASEID, UNIQUEKEY, INCLUDESQL, COLTYPE) values ('TP_BASE_EA:BASE_TP_EA2_100415_3:RAW_LEV2',   'IMSI', 95, 'unsigned bigint', 0, 0, 100000000, 1, 'HG', '', 'IMSI', 'BASE_TP_EA2_100415_3', 0, 1, null);
     insert into dwhrep.MeasurementColumn (MTABLEID, DATANAME, COLNUMBER, DATATYPE, DATASIZE, DATASCALE, UNIQUEVALUE, NULLABLE, INDEXES, DESCRIPTION, DATAID, RELEASEID, UNIQUEKEY, INCLUDESQL, COLTYPE) values ('TP_BASE_EA:BASE_TP_EA2_100415_3:RAW_LEV2',   'MSISDN', 96, 'unsigned bigint', 0, 0, 100000000, 1, 'HG', '', 'MSISDN', 'BASE_TP_EA2_100415_3', 0, 1, null);
     insert into dwhrep.MeasurementColumn (MTABLEID, DATANAME, COLNUMBER, DATATYPE, DATASIZE, DATASCALE, UNIQUEVALUE, NULLABLE, INDEXES, DESCRIPTION, DATAID, RELEASEID, UNIQUEKEY, INCLUDESQL, COLTYPE) values ('TP_BASE_EA:BASE_TP_EA2_100415_3:RAW_LEV2',   'SESSION_ID', 97, 'unsigned bigint', 0, 0, 100000000, 1, 'HG', '', 'SESSION_ID', 'BASE_TP_EA2_100415_3', 0, 0, null);
     insert into dwhrep.MeasurementColumn (MTABLEID, DATANAME, COLNUMBER, DATATYPE, DATASIZE, DATASCALE, UNIQUEVALUE, NULLABLE, INDEXES, DESCRIPTION, DATAID, RELEASEID, UNIQUEKEY, INCLUDESQL, COLTYPE) values ('TP_BASE_EA:BASE_TP_EA2_100415_3:RAW_LEV2',   'BATCH_ID', 98, 'unsigned int', 0, 0, 100000000, 1, '', '', 'BATCH_ID', 'BASE_TP_EA2_100415_3', 0, 0, null);
     insert into dwhrep.MeasurementColumn (MTABLEID, DATANAME, COLNUMBER, DATATYPE, DATASIZE, DATASCALE, UNIQUEVALUE, NULLABLE, INDEXES, DESCRIPTION, DATAID, RELEASEID, UNIQUEKEY, INCLUDESQL, COLTYPE) values ('TP_BASE_EA:BASE_TP_EA2_100415_3:RAW_LEV2',   'LOCAL_DATE_ID', 99, 'date', 0, 0, 100000000, 0, 'LF', '', 'LOCAL_DATE_ID', 'BASE_TP_EA2_100415_3', 0, 1, null);

     --1MIN public keys
     insert into dwhrep.MeasurementColumn (MTABLEID, DATANAME, COLNUMBER, DATATYPE, DATASIZE, DATASCALE, UNIQUEVALUE, NULLABLE, INDEXES, DESCRIPTION, DATAID, RELEASEID, UNIQUEKEY, INCLUDESQL, COLTYPE) values ('TP_BASE_EA:BASE_TP_EA2_100415_3:1MIN',   'DATE_ID', 81, 'date', 0, 0, 100000000, 0, 'LF', '', 'DATE_ID', 'BASE_TP_EA2_100415_3', 0, 1, null);
     insert into dwhrep.MeasurementColumn (MTABLEID, DATANAME, COLNUMBER, DATATYPE, DATASIZE, DATASCALE, UNIQUEVALUE, NULLABLE, INDEXES, DESCRIPTION, DATAID, RELEASEID, UNIQUEKEY, INCLUDESQL, COLTYPE) values ('TP_BASE_EA:BASE_TP_EA2_100415_3:1MIN',   'YEAR_ID', 82, 'smallint', 0, 0, 65536, 0, 'LF', '', 'YEAR_ID', 'BASE_TP_EA2_100415_3', 0, 0, null);
     insert into dwhrep.MeasurementColumn (MTABLEID, DATANAME, COLNUMBER, DATATYPE, DATASIZE, DATASCALE, UNIQUEVALUE, NULLABLE, INDEXES, DESCRIPTION, DATAID, RELEASEID, UNIQUEKEY, INCLUDESQL, COLTYPE) values ('TP_BASE_EA:BASE_TP_EA2_100415_3:1MIN',   'MONTH_ID', 83, 'tinyint', 0, 0, 256, 0, 'LF', '', 'MONTH_ID', 'BASE_TP_EA2_100415_3', 0, 0, null);
     insert into dwhrep.MeasurementColumn (MTABLEID, DATANAME, COLNUMBER, DATATYPE, DATASIZE, DATASCALE, UNIQUEVALUE, NULLABLE, INDEXES, DESCRIPTION, DATAID, RELEASEID, UNIQUEKEY, INCLUDESQL, COLTYPE) values ('TP_BASE_EA:BASE_TP_EA2_100415_3:1MIN',   'DAY_ID', 84, 'tinyint', 0, 0, 256, 0, 'LF', '', 'DAY_ID', 'BASE_TP_EA2_100415_3', 0, 0, null);
     insert into dwhrep.MeasurementColumn (MTABLEID, DATANAME, COLNUMBER, DATATYPE, DATASIZE, DATASCALE, UNIQUEVALUE, NULLABLE, INDEXES, DESCRIPTION, DATAID, RELEASEID, UNIQUEKEY, INCLUDESQL, COLTYPE) values ('TP_BASE_EA:BASE_TP_EA2_100415_3:1MIN',   'HOUR_ID', 85, 'tinyint', 0, 0, 256, 0, 'LF', '', 'HOUR_ID', 'BASE_TP_EA2_100415_3', 0, 0, null);
     insert into dwhrep.MeasurementColumn (MTABLEID, DATANAME, COLNUMBER, DATATYPE, DATASIZE, DATASCALE, UNIQUEVALUE, NULLABLE, INDEXES, DESCRIPTION, DATAID, RELEASEID, UNIQUEKEY, INCLUDESQL, COLTYPE) values ('TP_BASE_EA:BASE_TP_EA2_100415_3:1MIN',   'MIN_ID', 86, 'tinyint', 0, 0, 256, 0, 'LF', '', 'MIN_ID', 'BASE_TP_EA2_100415_3', 0, 0, null);
     insert into dwhrep.MeasurementColumn (MTABLEID, DATANAME, COLNUMBER, DATATYPE, DATASIZE, DATASCALE, UNIQUEVALUE, NULLABLE, INDEXES, DESCRIPTION, DATAID, RELEASEID, UNIQUEKEY, INCLUDESQL, COLTYPE) values ('TP_BASE_EA:BASE_TP_EA2_100415_3:1MIN',   'DATETIME_ID', 87, 'datetime', 0, 0, 100000000, 0, 'HG', '', 'DATETIME_ID', 'BASE_TP_EA2_100415_3', 0, 1, null);
     insert into dwhrep.MeasurementColumn (MTABLEID, DATANAME, COLNUMBER, DATATYPE, DATASIZE, DATASCALE, UNIQUEVALUE, NULLABLE, INDEXES, DESCRIPTION, DATAID, RELEASEID, UNIQUEKEY, INCLUDESQL, COLTYPE) values ('TP_BASE_EA:BASE_TP_EA2_100415_3:1MIN',   'VALID', 88, 'bit', 0, 0, 1, 1, '', '', 'VALID', 'BASE_TP_EA2_100415_3', 0, 0, null);
 
     --15MIN public keys
     insert into dwhrep.MeasurementColumn (MTABLEID, DATANAME, COLNUMBER, DATATYPE, DATASIZE, DATASCALE, UNIQUEVALUE, NULLABLE, INDEXES, DESCRIPTION, DATAID, RELEASEID, UNIQUEKEY, INCLUDESQL, COLTYPE) values ('TP_BASE_EA:BASE_TP_EA2_100415_3:15MIN',   'DATE_ID', 81, 'date', 0, 0, 100000000, 0, 'LF', '', 'DATE_ID', 'BASE_TP_EA2_100415_3', 0, 1, null);
     insert into dwhrep.MeasurementColumn (MTABLEID, DATANAME, COLNUMBER, DATATYPE, DATASIZE, DATASCALE, UNIQUEVALUE, NULLABLE, INDEXES, DESCRIPTION, DATAID, RELEASEID, UNIQUEKEY, INCLUDESQL, COLTYPE) values ('TP_BASE_EA:BASE_TP_EA2_100415_3:15MIN',   'YEAR_ID', 82, 'smallint', 0, 0, 65536, 0, 'LF', '', 'YEAR_ID', 'BASE_TP_EA2_100415_3', 0, 0, null);
     insert into dwhrep.MeasurementColumn (MTABLEID, DATANAME, COLNUMBER, DATATYPE, DATASIZE, DATASCALE, UNIQUEVALUE, NULLABLE, INDEXES, DESCRIPTION, DATAID, RELEASEID, UNIQUEKEY, INCLUDESQL, COLTYPE) values ('TP_BASE_EA:BASE_TP_EA2_100415_3:15MIN',   'MONTH_ID', 83, 'tinyint', 0, 0, 256, 0, 'LF', '', 'MONTH_ID', 'BASE_TP_EA2_100415_3', 0, 0, null);
     insert into dwhrep.MeasurementColumn (MTABLEID, DATANAME, COLNUMBER, DATATYPE, DATASIZE, DATASCALE, UNIQUEVALUE, NULLABLE, INDEXES, DESCRIPTION, DATAID, RELEASEID, UNIQUEKEY, INCLUDESQL, COLTYPE) values ('TP_BASE_EA:BASE_TP_EA2_100415_3:15MIN',   'DAY_ID', 84, 'tinyint', 0, 0, 256, 0, 'LF', '', 'DAY_ID', 'BASE_TP_EA2_100415_3', 0, 0, null);
     insert into dwhrep.MeasurementColumn (MTABLEID, DATANAME, COLNUMBER, DATATYPE, DATASIZE, DATASCALE, UNIQUEVALUE, NULLABLE, INDEXES, DESCRIPTION, DATAID, RELEASEID, UNIQUEKEY, INCLUDESQL, COLTYPE) values ('TP_BASE_EA:BASE_TP_EA2_100415_3:15MIN',   'HOUR_ID', 85, 'tinyint', 0, 0, 256, 0, 'LF', '', 'HOUR_ID', 'BASE_TP_EA2_100415_3', 0, 0, null);
     insert into dwhrep.MeasurementColumn (MTABLEID, DATANAME, COLNUMBER, DATATYPE, DATASIZE, DATASCALE, UNIQUEVALUE, NULLABLE, INDEXES, DESCRIPTION, DATAID, RELEASEID, UNIQUEKEY, INCLUDESQL, COLTYPE) values ('TP_BASE_EA:BASE_TP_EA2_100415_3:15MIN',   'MIN_ID', 86, 'tinyint', 0, 0, 256, 0, 'LF', '', 'MIN_ID', 'BASE_TP_EA2_100415_3', 0, 0, null);
     insert into dwhrep.MeasurementColumn (MTABLEID, DATANAME, COLNUMBER, DATATYPE, DATASIZE, DATASCALE, UNIQUEVALUE, NULLABLE, INDEXES, DESCRIPTION, DATAID, RELEASEID, UNIQUEKEY, INCLUDESQL, COLTYPE) values ('TP_BASE_EA:BASE_TP_EA2_100415_3:15MIN',   'DATETIME_ID', 87, 'datetime', 0, 0, 100000000, 0, 'HG', '', 'DATETIME_ID', 'BASE_TP_EA2_100415_3', 0, 1, null);
     insert into dwhrep.MeasurementColumn (MTABLEID, DATANAME, COLNUMBER, DATATYPE, DATASIZE, DATASCALE, UNIQUEVALUE, NULLABLE, INDEXES, DESCRIPTION, DATAID, RELEASEID, UNIQUEKEY, INCLUDESQL, COLTYPE) values ('TP_BASE_EA:BASE_TP_EA2_100415_3:15MIN',   'VALID', 88, 'bit', 0, 0, 1, 1, '', '', 'VALID', 'BASE_TP_EA2_100415_3', 0, 0, null);
 
     --DAY public keys
     insert into dwhrep.MeasurementColumn (MTABLEID, DATANAME, COLNUMBER, DATATYPE, DATASIZE, DATASCALE, UNIQUEVALUE, NULLABLE, INDEXES, DESCRIPTION, DATAID, RELEASEID, UNIQUEKEY, INCLUDESQL, COLTYPE) values ('TP_BASE_EA:BASE_TP_EA2_100415_3:DAY',   'DATE_ID', 81, 'date', 0, 0, 100000000, 0, 'LF', '', 'DATE_ID', 'BASE_TP_EA2_100415_3', 0, 1, null);
     insert into dwhrep.MeasurementColumn (MTABLEID, DATANAME, COLNUMBER, DATATYPE, DATASIZE, DATASCALE, UNIQUEVALUE, NULLABLE, INDEXES, DESCRIPTION, DATAID, RELEASEID, UNIQUEKEY, INCLUDESQL, COLTYPE) values ('TP_BASE_EA:BASE_TP_EA2_100415_3:DAY',   'YEAR_ID', 82, 'smallint', 0, 0, 65536, 0, 'LF', '', 'YEAR_ID', 'BASE_TP_EA2_100415_3', 0, 0, null);
     insert into dwhrep.MeasurementColumn (MTABLEID, DATANAME, COLNUMBER, DATATYPE, DATASIZE, DATASCALE, UNIQUEVALUE, NULLABLE, INDEXES, DESCRIPTION, DATAID, RELEASEID, UNIQUEKEY, INCLUDESQL, COLTYPE) values ('TP_BASE_EA:BASE_TP_EA2_100415_3:DAY',   'MONTH_ID', 83, 'tinyint', 0, 0, 256, 0, 'LF', '', 'MONTH_ID', 'BASE_TP_EA2_100415_3', 0, 0, null);
     insert into dwhrep.MeasurementColumn (MTABLEID, DATANAME, COLNUMBER, DATATYPE, DATASIZE, DATASCALE, UNIQUEVALUE, NULLABLE, INDEXES, DESCRIPTION, DATAID, RELEASEID, UNIQUEKEY, INCLUDESQL, COLTYPE) values ('TP_BASE_EA:BASE_TP_EA2_100415_3:DAY',   'DAY_ID', 84, 'tinyint', 0, 0, 256, 0, 'LF', '', 'DAY_ID', 'BASE_TP_EA2_100415_3', 0, 0, null);
     insert into dwhrep.MeasurementColumn (MTABLEID, DATANAME, COLNUMBER, DATATYPE, DATASIZE, DATASCALE, UNIQUEVALUE, NULLABLE, INDEXES, DESCRIPTION, DATAID, RELEASEID, UNIQUEKEY, INCLUDESQL, COLTYPE) values ('TP_BASE_EA:BASE_TP_EA2_100415_3:DAY',   'HOUR_ID', 85, 'tinyint', 0, 0, 256, 1, 'LF', '', 'HOUR_ID', 'BASE_TP_EA2_100415_3', 0, 0, null);
     insert into dwhrep.MeasurementColumn (MTABLEID, DATANAME, COLNUMBER, DATATYPE, DATASIZE, DATASCALE, UNIQUEVALUE, NULLABLE, INDEXES, DESCRIPTION, DATAID, RELEASEID, UNIQUEKEY, INCLUDESQL, COLTYPE) values ('TP_BASE_EA:BASE_TP_EA2_100415_3:DAY',   'MIN_ID', 86, 'tinyint', 0, 0, 256, 1, 'LF', '', 'MIN_ID', 'BASE_TP_EA2_100415_3', 0, 0, null);
     insert into dwhrep.MeasurementColumn (MTABLEID, DATANAME, COLNUMBER, DATATYPE, DATASIZE, DATASCALE, UNIQUEVALUE, NULLABLE, INDEXES, DESCRIPTION, DATAID, RELEASEID, UNIQUEKEY, INCLUDESQL, COLTYPE) values ('TP_BASE_EA:BASE_TP_EA2_100415_3:DAY',   'DATETIME_ID', 87, 'datetime', 0, 0, 100000000, 1, 'HG', '', 'DATETIME_ID', 'BASE_TP_EA2_100415_3', 0, 1, null);
     insert into dwhrep.MeasurementColumn (MTABLEID, DATANAME, COLNUMBER, DATATYPE, DATASIZE, DATASCALE, UNIQUEVALUE, NULLABLE, INDEXES, DESCRIPTION, DATAID, RELEASEID, UNIQUEKEY, INCLUDESQL, COLTYPE) values ('TP_BASE_EA:BASE_TP_EA2_100415_3:DAY',   'VALID', 88, 'bit', 0, 0, 1, 1, '', '', 'VALID', 'BASE_TP_EA2_100415_3', 0, 0, null);

    ----------------------------------------------------------------------
    --REFERENCETABLE
    ----------------------------------------------------------------------
    insert into dwhrep.ReferenceTable (TYPEID, VERSIONID, TYPENAME, OBJECTID, OBJECTNAME, OBJECTVERSION, OBJECTTYPE, DESCRIPTION, STATUS, UPDATE_POLICY, TABLE_TYPE, DATAFORMATSUPPORT, BASEDEF) values ('TP_BASE_EA:BASE_TP_EA2_100415_3:PUBLIC_REFTYPE', 		'TP_BASE_EA:BASE_TP_EA2_100415_3',	'PUBLIC_REFTYPE',			'TP_BASE_EA:BASE_TP_EA2_100415_3:PUBLIC_REFTYPE',			'PUBLIC_REFTYPE',			'','','',0,0,'',0,0);    
    
    ----------------------------------------------------------------------
    --REFERENCECOLUMN
    ----------------------------------------------------------------------  
    insert into dwhrep.ReferenceColumn (TYPEID, DATANAME, COLNUMBER, DATATYPE, DATASIZE, DATASCALE, UNIQUEVALUE, NULLABLE, INDEXES, UNIQUEKEY, INCLUDESQL, INCLUDEUPD, BASEDEF, COLTYPE) values ('TP_BASE_EA:BASE_TP_EA2_100415_3:PUBLIC_REFTYPE',		'VENDOR',      8,  'varchar',  20, 0, 255, 1, 'HG', 0, 1, 1, 0, 'COLUMN');
    insert into dwhrep.ReferenceColumn (TYPEID, DATANAME, COLNUMBER, DATATYPE, DATASIZE, DATASCALE, UNIQUEVALUE, NULLABLE, INDEXES, UNIQUEKEY, INCLUDESQL, INCLUDEUPD, BASEDEF, COLTYPE) values ('TP_BASE_EA:BASE_TP_EA2_100415_3:PUBLIC_REFTYPE',		'STATUS',      9,  'varchar',  16, 0, 255, 1, 'HG', 0, 1, 1, 0, 'COLUMN');
    insert into dwhrep.ReferenceColumn (TYPEID, DATANAME, COLNUMBER, DATATYPE, DATASIZE, DATASCALE, UNIQUEVALUE, NULLABLE, INDEXES, UNIQUEKEY, INCLUDESQL, INCLUDEUPD, BASEDEF, COLTYPE) values ('TP_BASE_EA:BASE_TP_EA2_100415_3:PUBLIC_REFTYPE',		'CREATED',     10, 'datetime', 0,  0, 255, 1, 'HG', 0, 1, 0, 0, 'COLUMN');
    insert into dwhrep.ReferenceColumn (TYPEID, DATANAME, COLNUMBER, DATATYPE, DATASIZE, DATASCALE, UNIQUEVALUE, NULLABLE, INDEXES, UNIQUEKEY, INCLUDESQL, INCLUDEUPD, BASEDEF, COLTYPE) values ('TP_BASE_EA:BASE_TP_EA2_100415_3:PUBLIC_REFTYPE',		'MODIFIED',    11, 'datetime', 0,  0, 255, 1, 'HG', 0, 1, 1, 0, 'COLUMN');
    insert into dwhrep.ReferenceColumn (TYPEID, DATANAME, COLNUMBER, DATATYPE, DATASIZE, DATASCALE, UNIQUEVALUE, NULLABLE, INDEXES, UNIQUEKEY, INCLUDESQL, INCLUDEUPD, BASEDEF, COLTYPE) values ('TP_BASE_EA:BASE_TP_EA2_100415_3:PUBLIC_REFTYPE',		'MODIFIER',    12, 'varchar',  32, 0, 255, 1, 'HG', 0, 1, 1, 0, 'COLUMN');


     ----------------------------------------------------------------------
     ----------------------------------------------------------------------
     ------------------BASE Techpack For EVENT_E_HASHIDS----------------------
     ----------------------------------------------------------------------
     ----------------------------------------------------------------------
     ----------------------------------------------------------------------
     -- VERSIONING
     ----------------------------------------------------------------------
     insert into dwhrep.Versioning (VERSIONID, DESCRIPTION, STATUS, TECHPACK_NAME, TECHPACK_VERSION, TECHPACK_TYPE, PRODUCT_NUMBER, BASEDEFINITION,INSTALLDESCRIPTION,UNIVERSENAME,UNIVERSEEXTENSION,LOCKEDBY,LOCKDATE,ENIQ_LEVEL) values ('TP_BASE_HASHIDS:BASE_TP_HASHIDS_100415_3', 'TP_BASE_HASHIDS BASE_TP_HASHIDS_100415_3',1,'TP_BASE_HASHIDS','R1A01','BASE','','','','','','TECHPACKIDE',NOW(),'1.0');
 
     ----------------------------------------------------------------------
     -- MEASUREMENTTYPECLASS
     ----------------------------------------------------------------------
     --RAW,RAW_LEV2,1MIN,FIFTEEN,DAY                                                 		TYPECLASSID                        		VERSIONID              D
     insert into dwhrep.MeasurementTypeClass (TYPECLASSID, VERSIONID,DESCRIPTION) values ('TP_BASE_HASHIDS:BASE_TP_HASHIDS_100415_3:RAW',   'TP_BASE_HASHIDS:BASE_TP_HASHIDS_100415_3', '');
     insert into dwhrep.MeasurementTypeClass (TYPECLASSID, VERSIONID,DESCRIPTION) values ('TP_BASE_HASHIDS:BASE_TP_HASHIDS_100415_3:RAW_LEV2',   'TP_BASE_HASHIDS:BASE_TP_HASHIDS_100415_3', '');
     insert into dwhrep.MeasurementTypeClass (TYPECLASSID, VERSIONID,DESCRIPTION) values ('TP_BASE_HASHIDS:BASE_TP_HASHIDS_100415_3:1MIN',   'TP_BASE_HASHIDS:BASE_TP_HASHIDS_100415_3', '');
     insert into dwhrep.MeasurementTypeClass (TYPECLASSID, VERSIONID,DESCRIPTION) values ('TP_BASE_HASHIDS:BASE_TP_HASHIDS_100415_3:15MIN',   'TP_BASE_HASHIDS:BASE_TP_HASHIDS_100415_3', '');
     insert into dwhrep.MeasurementTypeClass (TYPECLASSID, VERSIONID,DESCRIPTION) values ('TP_BASE_HASHIDS:BASE_TP_HASHIDS_100415_3:DAY',   'TP_BASE_HASHIDS:BASE_TP_HASHIDS_100415_3', '');
     
     ----------------------------------------------------------------------
     -- MEASUREMENTTYPE
     ----------------------------------------------------------------------
     --RAW,RAW_LEV2,1MIN,FIFTEEN,DAY  
     insert into dwhrep.MeasurementType (TYPEID, TYPECLASSID, TYPENAME, VENDORID, FOLDERNAME, DESCRIPTION, STATUS, VERSIONID, OBJECTID, OBJECTNAME, OBJECTVERSION, OBJECTTYPE, JOINABLE, SIZING, TOTALAGG, ELEMENTBHSUPPORT, RANKINGTABLE, DELTACALCSUPPORT, PLAINTABLE, UNIVERSEEXTENSION, VECTORSUPPORT, DATAFORMATSUPPORT) values ('TP_BASE_HASHIDS:BASE_TP_HASHIDS_100415_3:RAW',     'TP_BASE_HASHIDS:BASE_TP_HASHIDS_100415_3:RAW',    'RAW',    '', '', '', 0, 'TP_BASE_HASHIDS:BASE_TP_HASHIDS_100415_3', '', '', 0, '', '', '', 0, 0, 0, 0, 0, '',0,0);
     insert into dwhrep.MeasurementType (TYPEID, TYPECLASSID, TYPENAME, VENDORID, FOLDERNAME, DESCRIPTION, STATUS, VERSIONID, OBJECTID, OBJECTNAME, OBJECTVERSION, OBJECTTYPE, JOINABLE, SIZING, TOTALAGG, ELEMENTBHSUPPORT, RANKINGTABLE, DELTACALCSUPPORT, PLAINTABLE, UNIVERSEEXTENSION, VECTORSUPPORT, DATAFORMATSUPPORT) values ('TP_BASE_HASHIDS:BASE_TP_HASHIDS_100415_3:RAW_LEV2',     'TP_BASE_HASHIDS:BASE_TP_HASHIDS_100415_3:RAW_LEV2',    'RAW_LEV2',    '', '', '', 0, 'TP_BASE_HASHIDS:BASE_TP_HASHIDS_100415_3', '', '', 0, '', '', '', 0, 0, 0, 0, 0, '',0,0);
     insert into dwhrep.MeasurementType (TYPEID, TYPECLASSID, TYPENAME, VENDORID, FOLDERNAME, DESCRIPTION, STATUS, VERSIONID, OBJECTID, OBJECTNAME, OBJECTVERSION, OBJECTTYPE, JOINABLE, SIZING, TOTALAGG, ELEMENTBHSUPPORT, RANKINGTABLE, DELTACALCSUPPORT, PLAINTABLE, UNIVERSEEXTENSION, VECTORSUPPORT, DATAFORMATSUPPORT) values ('TP_BASE_HASHIDS:BASE_TP_HASHIDS_100415_3:1MIN',     'TP_BASE_HASHIDS:BASE_TP_HASHIDS_100415_3:1MIN',    '1MIN',    '', '', '', 0, 'TP_BASE_HASHIDS:BASE_TP_HASHIDS_100415_3', '', '', 0, '', '', '', 0, 0, 0, 0, 0, '',0,0);
     insert into dwhrep.MeasurementType (TYPEID, TYPECLASSID, TYPENAME, VENDORID, FOLDERNAME, DESCRIPTION, STATUS, VERSIONID, OBJECTID, OBJECTNAME, OBJECTVERSION, OBJECTTYPE, JOINABLE, SIZING, TOTALAGG, ELEMENTBHSUPPORT, RANKINGTABLE, DELTACALCSUPPORT, PLAINTABLE, UNIVERSEEXTENSION, VECTORSUPPORT, DATAFORMATSUPPORT) values ('TP_BASE_HASHIDS:BASE_TP_HASHIDS_100415_3:15MIN',     'TP_BASE_HASHIDS:BASE_TP_HASHIDS_100415_3:15MIN',    '15MIN',    '', '', '', 0, 'TP_BASE_HASHIDS:BASE_TP_HASHIDS_100415_3', '', '', 0, '', '', '', 0, 0, 0, 0, 0, '',0,0);
     insert into dwhrep.MeasurementType (TYPEID, TYPECLASSID, TYPENAME, VENDORID, FOLDERNAME, DESCRIPTION, STATUS, VERSIONID, OBJECTID, OBJECTNAME, OBJECTVERSION, OBJECTTYPE, JOINABLE, SIZING, TOTALAGG, ELEMENTBHSUPPORT, RANKINGTABLE, DELTACALCSUPPORT, PLAINTABLE, UNIVERSEEXTENSION, VECTORSUPPORT, DATAFORMATSUPPORT) values ('TP_BASE_HASHIDS:BASE_TP_HASHIDS_100415_3:DAY',     'TP_BASE_HASHIDS:BASE_TP_HASHIDS_100415_3:DAY',    'DAY',    '', '', '', 0, 'TP_BASE_HASHIDS:BASE_TP_HASHIDS_100415_3', '', '', 0, '', '', '', 0, 0, 0, 0, 0, '',0,0);
 
 
     ----------------------------------------------------------------------
     -- MEASUREMENTTABLE
     ----------------------------------------------------------------------
     --RAW,RAW_LEV2,1MIN,FIFTEEN,DAY                                                                                                   					MTABLEID               		TABLEVEL        		TYPEID			  BTN   DT    PP
      insert into dwhrep.MeasurementTable (MTABLEID, TABLELEVEL, TYPEID, BASETABLENAME, DEFAULT_TEMPLATE, PARTITIONPLAN) values ('TP_BASE_HASHIDS:BASE_TP_HASHIDS_100415_3:RAW',    'RAW'    , 'TP_BASE_HASHIDS:BASE_TP_HASHIDS_100415_3:RAW',    null, null, null);
      insert into dwhrep.MeasurementTable (MTABLEID, TABLELEVEL, TYPEID, BASETABLENAME, DEFAULT_TEMPLATE, PARTITIONPLAN) values ('TP_BASE_HASHIDS:BASE_TP_HASHIDS_100415_3:RAW_LEV2',    'RAW_LEV2'    , 'TP_BASE_HASHIDS:BASE_TP_HASHIDS_100415_3:RAW_LEV2',    null, null, null);
      insert into dwhrep.MeasurementTable (MTABLEID, TABLELEVEL, TYPEID, BASETABLENAME, DEFAULT_TEMPLATE, PARTITIONPLAN) values ('TP_BASE_HASHIDS:BASE_TP_HASHIDS_100415_3:1MIN',    '1MIN'    , 'TP_BASE_HASHIDS:BASE_TP_HASHIDS_100415_3:1MIN',    null, null, null);
      insert into dwhrep.MeasurementTable (MTABLEID, TABLELEVEL, TYPEID, BASETABLENAME, DEFAULT_TEMPLATE, PARTITIONPLAN) values ('TP_BASE_HASHIDS:BASE_TP_HASHIDS_100415_3:15MIN',    '15MIN'    , 'TP_BASE_HASHIDS:BASE_TP_HASHIDS_100415_3:15MIN',    null, null, null);
      insert into dwhrep.MeasurementTable (MTABLEID, TABLELEVEL, TYPEID, BASETABLENAME, DEFAULT_TEMPLATE, PARTITIONPLAN) values ('TP_BASE_HASHIDS:BASE_TP_HASHIDS_100415_3:DAY',    'DAY'    , 'TP_BASE_HASHIDS:BASE_TP_HASHIDS_100415_3:DAY',    null, null, null);
      
 
      
     ----------------------------------------------------------------------
     -- MEASUREMENTCOLUMN
     ----------------------------------------------------------------------
     --RAW public keys
     insert into dwhrep.MeasurementColumn (MTABLEID, DATANAME, COLNUMBER, DATATYPE, DATASIZE, DATASCALE, UNIQUEVALUE, NULLABLE, INDEXES, DESCRIPTION, DATAID, RELEASEID, UNIQUEKEY, INCLUDESQL, COLTYPE) values ('TP_BASE_HASHIDS:BASE_TP_HASHIDS_100415_3:RAW',   'EVNTSRC_ID', 81, 'unsigned bigint', 0, 0, 4000, 1, 'LF', '', 'EVNTSRC_ID', 'BASE_TP_HASHIDS_100415_3', 0, 1, null);
     insert into dwhrep.MeasurementColumn (MTABLEID, DATANAME, COLNUMBER, DATATYPE, DATASIZE, DATASCALE, UNIQUEVALUE, NULLABLE, INDEXES, DESCRIPTION, DATAID, RELEASEID, UNIQUEKEY, INCLUDESQL, COLTYPE) values ('TP_BASE_HASHIDS:BASE_TP_HASHIDS_100415_3:RAW',   'OSS_ID', 82, 'varchar', 20, 0, 255, 1, 'LF', '', 'OSS_ID', 'BASE_TP_HASHIDS_100415_3', 0, 1, null);
     insert into dwhrep.MeasurementColumn (MTABLEID, DATANAME, COLNUMBER, DATATYPE, DATASIZE, DATASCALE, UNIQUEVALUE, NULLABLE, INDEXES, DESCRIPTION, DATAID, RELEASEID, UNIQUEKEY, INCLUDESQL, COLTYPE) values ('TP_BASE_HASHIDS:BASE_TP_HASHIDS_100415_3:RAW',   'DATE_ID', 83, 'date', 0, 0, 100000000, 0, 'LF', '', 'DATE_ID', 'BASE_TP_HASHIDS_100415_3', 0, 1, null);
     insert into dwhrep.MeasurementColumn (MTABLEID, DATANAME, COLNUMBER, DATATYPE, DATASIZE, DATASCALE, UNIQUEVALUE, NULLABLE, INDEXES, DESCRIPTION, DATAID, RELEASEID, UNIQUEKEY, INCLUDESQL, COLTYPE) values ('TP_BASE_HASHIDS:BASE_TP_HASHIDS_100415_3:RAW',   'YEAR_ID', 84, 'smallint', 0, 0, 65536, 0, 'LF', '', 'YEAR_ID', 'BASE_TP_HASHIDS_100415_3', 0, 0, null);
     insert into dwhrep.MeasurementColumn (MTABLEID, DATANAME, COLNUMBER, DATATYPE, DATASIZE, DATASCALE, UNIQUEVALUE, NULLABLE, INDEXES, DESCRIPTION, DATAID, RELEASEID, UNIQUEKEY, INCLUDESQL, COLTYPE) values ('TP_BASE_HASHIDS:BASE_TP_HASHIDS_100415_3:RAW',   'MONTH_ID', 85, 'tinyint', 0, 0, 256, 0, 'LF', '', 'MONTH_ID', 'BASE_TP_HASHIDS_100415_3', 0, 0, null);
     insert into dwhrep.MeasurementColumn (MTABLEID, DATANAME, COLNUMBER, DATATYPE, DATASIZE, DATASCALE, UNIQUEVALUE, NULLABLE, INDEXES, DESCRIPTION, DATAID, RELEASEID, UNIQUEKEY, INCLUDESQL, COLTYPE) values ('TP_BASE_HASHIDS:BASE_TP_HASHIDS_100415_3:RAW',   'DAY_ID', 86, 'tinyint', 0, 0, 256, 0, 'LF', '', 'DAY_ID', 'BASE_TP_HASHIDS_100415_3', 0, 0, null);
     insert into dwhrep.MeasurementColumn (MTABLEID, DATANAME, COLNUMBER, DATATYPE, DATASIZE, DATASCALE, UNIQUEVALUE, NULLABLE, INDEXES, DESCRIPTION, DATAID, RELEASEID, UNIQUEKEY, INCLUDESQL, COLTYPE) values ('TP_BASE_HASHIDS:BASE_TP_HASHIDS_100415_3:RAW',   'HOUR_ID', 87, 'tinyint', 0, 0, 256, 0, 'LF', '', 'HOUR_ID', 'BASE_TP_HASHIDS_100415_3', 0, 0, null);
     insert into dwhrep.MeasurementColumn (MTABLEID, DATANAME, COLNUMBER, DATATYPE, DATASIZE, DATASCALE, UNIQUEVALUE, NULLABLE, INDEXES, DESCRIPTION, DATAID, RELEASEID, UNIQUEKEY, INCLUDESQL, COLTYPE) values ('TP_BASE_HASHIDS:BASE_TP_HASHIDS_100415_3:RAW',   'MIN_ID', 88, 'tinyint', 0, 0, 256, 0, 'LF', '', 'MIN_ID', 'BASE_TP_HASHIDS_100415_3', 0, 0, null);
     insert into dwhrep.MeasurementColumn (MTABLEID, DATANAME, COLNUMBER, DATATYPE, DATASIZE, DATASCALE, UNIQUEVALUE, NULLABLE, INDEXES, DESCRIPTION, DATAID, RELEASEID, UNIQUEKEY, INCLUDESQL, COLTYPE) values ('TP_BASE_HASHIDS:BASE_TP_HASHIDS_100415_3:RAW',   'DATETIME_ID', 89, 'datetime', 0, 0, 100000000, 0, 'HG', '', 'DATETIME_ID', 'BASE_TP_HASHIDS_100415_3', 0, 1, null);
     insert into dwhrep.MeasurementColumn (MTABLEID, DATANAME, COLNUMBER, DATATYPE, DATASIZE, DATASCALE, UNIQUEVALUE, NULLABLE, INDEXES, DESCRIPTION, DATAID, RELEASEID, UNIQUEKEY, INCLUDESQL, COLTYPE) values ('TP_BASE_HASHIDS:BASE_TP_HASHIDS_100415_3:RAW',   'EVENT_TIME', 90, 'timestamp', 0, 0, 25000000, 0, '', '', 'EVENT_TIME', 'BASE_TP_HASHIDS_100415_3', 0, 0, null);
     insert into dwhrep.MeasurementColumn (MTABLEID, DATANAME, COLNUMBER, DATATYPE, DATASIZE, DATASCALE, UNIQUEVALUE, NULLABLE, INDEXES, DESCRIPTION, DATAID, RELEASEID, UNIQUEKEY, INCLUDESQL, COLTYPE) values ('TP_BASE_HASHIDS:BASE_TP_HASHIDS_100415_3:RAW',   'TIMEZONE', 91, 'smallint', 0, 0, 65536, 1, 'LF', '', 'TIMEZONE', 'BASE_TP_HASHIDS_100415_3', 0, 1, null);
     insert into dwhrep.MeasurementColumn (MTABLEID, DATANAME, COLNUMBER, DATATYPE, DATASIZE, DATASCALE, UNIQUEVALUE, NULLABLE, INDEXES, DESCRIPTION, DATAID, RELEASEID, UNIQUEKEY, INCLUDESQL, COLTYPE) values ('TP_BASE_HASHIDS:BASE_TP_HASHIDS_100415_3:RAW',   'SUSPECTFLAG', 93, 'bit', 0, 0, 1, 1, '', '', 'SUSPECTFLAG', 'BASE_TP_HASHIDS_100415_3', 0, 1, null);
     insert into dwhrep.MeasurementColumn (MTABLEID, DATANAME, COLNUMBER, DATATYPE, DATASIZE, DATASCALE, UNIQUEVALUE, NULLABLE, INDEXES, DESCRIPTION, DATAID, RELEASEID, UNIQUEKEY, INCLUDESQL, COLTYPE) values ('TP_BASE_HASHIDS:BASE_TP_HASHIDS_100415_3:RAW',   'NE_VERSION', 94, 'varchar', 20, 0, 255, 1, 'LF', '', 'NE_VERSION', 'BASE_TP_HASHIDS_100415_3', 0, 1, null);
     insert into dwhrep.MeasurementColumn (MTABLEID, DATANAME, COLNUMBER, DATATYPE, DATASIZE, DATASCALE, UNIQUEVALUE, NULLABLE, INDEXES, DESCRIPTION, DATAID, RELEASEID, UNIQUEKEY, INCLUDESQL, COLTYPE) values ('TP_BASE_HASHIDS:BASE_TP_HASHIDS_100415_3:RAW',   'IMSI', 95, 'unsigned bigint', 0, 0, 100000000, 1, 'HG', '', 'IMSI', 'BASE_TP_HASHIDS_100415_3', 0, 1, null);
     insert into dwhrep.MeasurementColumn (MTABLEID, DATANAME, COLNUMBER, DATATYPE, DATASIZE, DATASCALE, UNIQUEVALUE, NULLABLE, INDEXES, DESCRIPTION, DATAID, RELEASEID, UNIQUEKEY, INCLUDESQL, COLTYPE) values ('TP_BASE_HASHIDS:BASE_TP_HASHIDS_100415_3:RAW',   'MSISDN', 96, 'unsigned bigint', 0, 0, 100000000, 1, 'HG', '', 'MSISDN', 'BASE_TP_HASHIDS_100415_3', 0, 1, null);
     insert into dwhrep.MeasurementColumn (MTABLEID, DATANAME, COLNUMBER, DATATYPE, DATASIZE, DATASCALE, UNIQUEVALUE, NULLABLE, INDEXES, DESCRIPTION, DATAID, RELEASEID, UNIQUEKEY, INCLUDESQL, COLTYPE) values ('TP_BASE_HASHIDS:BASE_TP_HASHIDS_100415_3:RAW',   'SESSION_ID', 97, 'unsigned int', 0, 0, 100000000, 1, 'HG', '', 'SESSION_ID', 'BASE_TP_HASHIDS_100415_3', 0, 0, null);
     insert into dwhrep.MeasurementColumn (MTABLEID, DATANAME, COLNUMBER, DATATYPE, DATASIZE, DATASCALE, UNIQUEVALUE, NULLABLE, INDEXES, DESCRIPTION, DATAID, RELEASEID, UNIQUEKEY, INCLUDESQL, COLTYPE) values ('TP_BASE_HASHIDS:BASE_TP_HASHIDS_100415_3:RAW',   'BATCH_ID', 98, 'unsigned int', 0, 0, 100000000, 1, '', '', 'BATCH_ID', 'BASE_TP_HASHIDS_100415_3', 0, 0, null);
     insert into dwhrep.MeasurementColumn (MTABLEID, DATANAME, COLNUMBER, DATATYPE, DATASIZE, DATASCALE, UNIQUEVALUE, NULLABLE, INDEXES, DESCRIPTION, DATAID, RELEASEID, UNIQUEKEY, INCLUDESQL, COLTYPE) values ('TP_BASE_HASHIDS:BASE_TP_HASHIDS_100415_3:RAW',   'LOCAL_DATE_ID', 99, 'date', 0, 0, 100000000, 0, 'LF', '', 'LOCAL_DATE_ID', 'BASE_TP_HASHIDS_100415_3', 0, 1, null);
     insert into dwhrep.MeasurementColumn (MTABLEID, DATANAME, COLNUMBER, DATATYPE, DATASIZE, DATASCALE, UNIQUEVALUE, NULLABLE, INDEXES, DESCRIPTION, DATAID, RELEASEID, UNIQUEKEY, INCLUDESQL, COLTYPE) values ('TP_BASE_HASHIDS:BASE_TP_HASHIDS_100415_3:RAW',   'AGG_FLAG', 100, 'bit', 0, 0, 1, 1, '', '', 'AGG_FLAG', 'BASE_TP_HASHIDS_100415_3', 0, 0, null);

     --RAW_LEV2 public keys
     insert into dwhrep.MeasurementColumn (MTABLEID, DATANAME, COLNUMBER, DATATYPE, DATASIZE, DATASCALE, UNIQUEVALUE, NULLABLE, INDEXES, DESCRIPTION, DATAID, RELEASEID, UNIQUEKEY, INCLUDESQL, COLTYPE) values ('TP_BASE_HASHIDS:BASE_TP_HASHIDS_100415_3:RAW_LEV2',   'EVNTSRC_ID', 81, 'unsigned bigint', 0, 0, 4000, 1, 'LF', '', 'EVNTSRC_ID', 'BASE_TP_HASHIDS_100415_3', 0, 1, null);
     insert into dwhrep.MeasurementColumn (MTABLEID, DATANAME, COLNUMBER, DATATYPE, DATASIZE, DATASCALE, UNIQUEVALUE, NULLABLE, INDEXES, DESCRIPTION, DATAID, RELEASEID, UNIQUEKEY, INCLUDESQL, COLTYPE) values ('TP_BASE_HASHIDS:BASE_TP_HASHIDS_100415_3:RAW_LEV2',   'OSS_ID', 82, 'varchar', 20, 0, 255, 1, 'LF', '', 'OSS_ID', 'BASE_TP_HASHIDS_100415_3', 0, 1, null);
     insert into dwhrep.MeasurementColumn (MTABLEID, DATANAME, COLNUMBER, DATATYPE, DATASIZE, DATASCALE, UNIQUEVALUE, NULLABLE, INDEXES, DESCRIPTION, DATAID, RELEASEID, UNIQUEKEY, INCLUDESQL, COLTYPE) values ('TP_BASE_HASHIDS:BASE_TP_HASHIDS_100415_3:RAW_LEV2',   'DATE_ID', 83, 'date', 0, 0, 100000000, 0, 'LF', '', 'DATE_ID', 'BASE_TP_HASHIDS_100415_3', 0, 1, null);
     insert into dwhrep.MeasurementColumn (MTABLEID, DATANAME, COLNUMBER, DATATYPE, DATASIZE, DATASCALE, UNIQUEVALUE, NULLABLE, INDEXES, DESCRIPTION, DATAID, RELEASEID, UNIQUEKEY, INCLUDESQL, COLTYPE) values ('TP_BASE_HASHIDS:BASE_TP_HASHIDS_100415_3:RAW_LEV2',   'YEAR_ID', 84, 'smallint', 0, 0, 65536, 0, 'LF', '', 'YEAR_ID', 'BASE_TP_HASHIDS_100415_3', 0, 0, null);
     insert into dwhrep.MeasurementColumn (MTABLEID, DATANAME, COLNUMBER, DATATYPE, DATASIZE, DATASCALE, UNIQUEVALUE, NULLABLE, INDEXES, DESCRIPTION, DATAID, RELEASEID, UNIQUEKEY, INCLUDESQL, COLTYPE) values ('TP_BASE_HASHIDS:BASE_TP_HASHIDS_100415_3:RAW_LEV2',   'MONTH_ID', 85, 'tinyint', 0, 0, 256, 0, 'LF', '', 'MONTH_ID', 'BASE_TP_HASHIDS_100415_3', 0, 0, null);
     insert into dwhrep.MeasurementColumn (MTABLEID, DATANAME, COLNUMBER, DATATYPE, DATASIZE, DATASCALE, UNIQUEVALUE, NULLABLE, INDEXES, DESCRIPTION, DATAID, RELEASEID, UNIQUEKEY, INCLUDESQL, COLTYPE) values ('TP_BASE_HASHIDS:BASE_TP_HASHIDS_100415_3:RAW_LEV2',   'DAY_ID', 86, 'tinyint', 0, 0, 256, 0, 'LF', '', 'DAY_ID', 'BASE_TP_HASHIDS_100415_3', 0, 0, null);
     insert into dwhrep.MeasurementColumn (MTABLEID, DATANAME, COLNUMBER, DATATYPE, DATASIZE, DATASCALE, UNIQUEVALUE, NULLABLE, INDEXES, DESCRIPTION, DATAID, RELEASEID, UNIQUEKEY, INCLUDESQL, COLTYPE) values ('TP_BASE_HASHIDS:BASE_TP_HASHIDS_100415_3:RAW_LEV2',   'HOUR_ID', 87, 'tinyint', 0, 0, 256, 0, 'LF', '', 'HOUR_ID', 'BASE_TP_HASHIDS_100415_3', 0, 0, null);
     insert into dwhrep.MeasurementColumn (MTABLEID, DATANAME, COLNUMBER, DATATYPE, DATASIZE, DATASCALE, UNIQUEVALUE, NULLABLE, INDEXES, DESCRIPTION, DATAID, RELEASEID, UNIQUEKEY, INCLUDESQL, COLTYPE) values ('TP_BASE_HASHIDS:BASE_TP_HASHIDS_100415_3:RAW_LEV2',   'MIN_ID', 88, 'tinyint', 0, 0, 256, 0, 'LF', '', 'MIN_ID', 'BASE_TP_HASHIDS_100415_3', 0, 0, null);
     insert into dwhrep.MeasurementColumn (MTABLEID, DATANAME, COLNUMBER, DATATYPE, DATASIZE, DATASCALE, UNIQUEVALUE, NULLABLE, INDEXES, DESCRIPTION, DATAID, RELEASEID, UNIQUEKEY, INCLUDESQL, COLTYPE) values ('TP_BASE_HASHIDS:BASE_TP_HASHIDS_100415_3:RAW_LEV2',   'DATETIME_ID', 89, 'datetime', 0, 0, 100000000, 0, 'HG', '', 'DATETIME_ID', 'BASE_TP_HASHIDS_100415_3', 0, 1, null);
     insert into dwhrep.MeasurementColumn (MTABLEID, DATANAME, COLNUMBER, DATATYPE, DATASIZE, DATASCALE, UNIQUEVALUE, NULLABLE, INDEXES, DESCRIPTION, DATAID, RELEASEID, UNIQUEKEY, INCLUDESQL, COLTYPE) values ('TP_BASE_HASHIDS:BASE_TP_HASHIDS_100415_3:RAW_LEV2',   'EVENT_TIME', 90, 'timestamp', 0, 0, 25000000, 0, '', '', 'EVENT_TIME', 'BASE_TP_HASHIDS_100415_3', 0, 0, null);
     insert into dwhrep.MeasurementColumn (MTABLEID, DATANAME, COLNUMBER, DATATYPE, DATASIZE, DATASCALE, UNIQUEVALUE, NULLABLE, INDEXES, DESCRIPTION, DATAID, RELEASEID, UNIQUEKEY, INCLUDESQL, COLTYPE) values ('TP_BASE_HASHIDS:BASE_TP_HASHIDS_100415_3:RAW_LEV2',   'TIMEZONE', 91, 'smallint', 0, 0, 65536, 1, 'LF', '', 'TIMEZONE', 'BASE_TP_HASHIDS_100415_3', 0, 1, null);
     insert into dwhrep.MeasurementColumn (MTABLEID, DATANAME, COLNUMBER, DATATYPE, DATASIZE, DATASCALE, UNIQUEVALUE, NULLABLE, INDEXES, DESCRIPTION, DATAID, RELEASEID, UNIQUEKEY, INCLUDESQL, COLTYPE) values ('TP_BASE_HASHIDS:BASE_TP_HASHIDS_100415_3:RAW_LEV2',   'SUSPECTFLAG', 93, 'bit', 0, 0, 1, 1, '', '', 'SUSPECTFLAG', 'BASE_TP_HASHIDS_100415_3', 0, 1, null);
     insert into dwhrep.MeasurementColumn (MTABLEID, DATANAME, COLNUMBER, DATATYPE, DATASIZE, DATASCALE, UNIQUEVALUE, NULLABLE, INDEXES, DESCRIPTION, DATAID, RELEASEID, UNIQUEKEY, INCLUDESQL, COLTYPE) values ('TP_BASE_HASHIDS:BASE_TP_HASHIDS_100415_3:RAW_LEV2',   'NE_VERSION', 94, 'varchar', 20, 0, 255, 1, 'LF', '', 'NE_VERSION', 'BASE_TP_HASHIDS_100415_3', 0, 1, null);
     insert into dwhrep.MeasurementColumn (MTABLEID, DATANAME, COLNUMBER, DATATYPE, DATASIZE, DATASCALE, UNIQUEVALUE, NULLABLE, INDEXES, DESCRIPTION, DATAID, RELEASEID, UNIQUEKEY, INCLUDESQL, COLTYPE) values ('TP_BASE_HASHIDS:BASE_TP_HASHIDS_100415_3:RAW_LEV2',   'IMSI', 95, 'unsigned bigint', 0, 0, 100000000, 1, 'HG', '', 'IMSI', 'BASE_TP_HASHIDS_100415_3', 0, 1, null);
     insert into dwhrep.MeasurementColumn (MTABLEID, DATANAME, COLNUMBER, DATATYPE, DATASIZE, DATASCALE, UNIQUEVALUE, NULLABLE, INDEXES, DESCRIPTION, DATAID, RELEASEID, UNIQUEKEY, INCLUDESQL, COLTYPE) values ('TP_BASE_HASHIDS:BASE_TP_HASHIDS_100415_3:RAW_LEV2',   'MSISDN', 96, 'unsigned bigint', 0, 0, 100000000, 1, 'HG', '', 'MSISDN', 'BASE_TP_HASHIDS_100415_3', 0, 1, null);
     insert into dwhrep.MeasurementColumn (MTABLEID, DATANAME, COLNUMBER, DATATYPE, DATASIZE, DATASCALE, UNIQUEVALUE, NULLABLE, INDEXES, DESCRIPTION, DATAID, RELEASEID, UNIQUEKEY, INCLUDESQL, COLTYPE) values ('TP_BASE_HASHIDS:BASE_TP_HASHIDS_100415_3:RAW_LEV2',   'SESSION_ID', 97, 'unsigned int', 0, 0, 100000000, 1, 'HG', '', 'SESSION_ID', 'BASE_TP_HASHIDS_100415_3', 0, 0, null);
     insert into dwhrep.MeasurementColumn (MTABLEID, DATANAME, COLNUMBER, DATATYPE, DATASIZE, DATASCALE, UNIQUEVALUE, NULLABLE, INDEXES, DESCRIPTION, DATAID, RELEASEID, UNIQUEKEY, INCLUDESQL, COLTYPE) values ('TP_BASE_HASHIDS:BASE_TP_HASHIDS_100415_3:RAW_LEV2',   'BATCH_ID', 98, 'unsigned int', 0, 0, 100000000, 1, '', '', 'BATCH_ID', 'BASE_TP_HASHIDS_100415_3', 0, 0, null);
     insert into dwhrep.MeasurementColumn (MTABLEID, DATANAME, COLNUMBER, DATATYPE, DATASIZE, DATASCALE, UNIQUEVALUE, NULLABLE, INDEXES, DESCRIPTION, DATAID, RELEASEID, UNIQUEKEY, INCLUDESQL, COLTYPE) values ('TP_BASE_HASHIDS:BASE_TP_HASHIDS_100415_3:RAW_LEV2',   'LOCAL_DATE_ID', 99, 'date', 0, 0, 100000000, 0, 'LF', '', 'LOCAL_DATE_ID', 'BASE_TP_HASHIDS_100415_3', 0, 1, null);
     insert into dwhrep.MeasurementColumn (MTABLEID, DATANAME, COLNUMBER, DATATYPE, DATASIZE, DATASCALE, UNIQUEVALUE, NULLABLE, INDEXES, DESCRIPTION, DATAID, RELEASEID, UNIQUEKEY, INCLUDESQL, COLTYPE) values ('TP_BASE_HASHIDS:BASE_TP_HASHIDS_100415_3:RAW_LEV2',   'AGG_FLAG', 100, 'bit', 0, 0, 1, 1, '', '', 'AGG_FLAG', 'BASE_TP_HASHIDS_100415_3', 0, 0, null);

     --1MIN public keys
     insert into dwhrep.MeasurementColumn (MTABLEID, DATANAME, COLNUMBER, DATATYPE, DATASIZE, DATASCALE, UNIQUEVALUE, NULLABLE, INDEXES, DESCRIPTION, DATAID, RELEASEID, UNIQUEKEY, INCLUDESQL, COLTYPE) values ('TP_BASE_HASHIDS:BASE_TP_HASHIDS_100415_3:1MIN',   'DATE_ID', 81, 'date', 0, 0, 100000000, 0, 'LF', '', 'DATE_ID', 'BASE_TP_HASHIDS_100415_3', 0, 1, null);
     insert into dwhrep.MeasurementColumn (MTABLEID, DATANAME, COLNUMBER, DATATYPE, DATASIZE, DATASCALE, UNIQUEVALUE, NULLABLE, INDEXES, DESCRIPTION, DATAID, RELEASEID, UNIQUEKEY, INCLUDESQL, COLTYPE) values ('TP_BASE_HASHIDS:BASE_TP_HASHIDS_100415_3:1MIN',   'YEAR_ID', 82, 'smallint', 0, 0, 65536, 0, 'LF', '', 'YEAR_ID', 'BASE_TP_HASHIDS_100415_3', 0, 0, null);
     insert into dwhrep.MeasurementColumn (MTABLEID, DATANAME, COLNUMBER, DATATYPE, DATASIZE, DATASCALE, UNIQUEVALUE, NULLABLE, INDEXES, DESCRIPTION, DATAID, RELEASEID, UNIQUEKEY, INCLUDESQL, COLTYPE) values ('TP_BASE_HASHIDS:BASE_TP_HASHIDS_100415_3:1MIN',   'MONTH_ID', 83, 'tinyint', 0, 0, 256, 0, 'LF', '', 'MONTH_ID', 'BASE_TP_HASHIDS_100415_3', 0, 0, null);
     insert into dwhrep.MeasurementColumn (MTABLEID, DATANAME, COLNUMBER, DATATYPE, DATASIZE, DATASCALE, UNIQUEVALUE, NULLABLE, INDEXES, DESCRIPTION, DATAID, RELEASEID, UNIQUEKEY, INCLUDESQL, COLTYPE) values ('TP_BASE_HASHIDS:BASE_TP_HASHIDS_100415_3:1MIN',   'DAY_ID', 84, 'tinyint', 0, 0, 256, 0, 'LF', '', 'DAY_ID', 'BASE_TP_HASHIDS_100415_3', 0, 0, null);
     insert into dwhrep.MeasurementColumn (MTABLEID, DATANAME, COLNUMBER, DATATYPE, DATASIZE, DATASCALE, UNIQUEVALUE, NULLABLE, INDEXES, DESCRIPTION, DATAID, RELEASEID, UNIQUEKEY, INCLUDESQL, COLTYPE) values ('TP_BASE_HASHIDS:BASE_TP_HASHIDS_100415_3:1MIN',   'HOUR_ID', 85, 'tinyint', 0, 0, 256, 0, 'LF', '', 'HOUR_ID', 'BASE_TP_HASHIDS_100415_3', 0, 0, null);
     insert into dwhrep.MeasurementColumn (MTABLEID, DATANAME, COLNUMBER, DATATYPE, DATASIZE, DATASCALE, UNIQUEVALUE, NULLABLE, INDEXES, DESCRIPTION, DATAID, RELEASEID, UNIQUEKEY, INCLUDESQL, COLTYPE) values ('TP_BASE_HASHIDS:BASE_TP_HASHIDS_100415_3:1MIN',   'MIN_ID', 86, 'tinyint', 0, 0, 256, 0, 'LF', '', 'MIN_ID', 'BASE_TP_HASHIDS_100415_3', 0, 0, null);
     insert into dwhrep.MeasurementColumn (MTABLEID, DATANAME, COLNUMBER, DATATYPE, DATASIZE, DATASCALE, UNIQUEVALUE, NULLABLE, INDEXES, DESCRIPTION, DATAID, RELEASEID, UNIQUEKEY, INCLUDESQL, COLTYPE) values ('TP_BASE_HASHIDS:BASE_TP_HASHIDS_100415_3:1MIN',   'DATETIME_ID', 87, 'datetime', 0, 0, 100000000, 0, 'HG', '', 'DATETIME_ID', 'BASE_TP_HASHIDS_100415_3', 0, 1, null);
     insert into dwhrep.MeasurementColumn (MTABLEID, DATANAME, COLNUMBER, DATATYPE, DATASIZE, DATASCALE, UNIQUEVALUE, NULLABLE, INDEXES, DESCRIPTION, DATAID, RELEASEID, UNIQUEKEY, INCLUDESQL, COLTYPE) values ('TP_BASE_HASHIDS:BASE_TP_HASHIDS_100415_3:1MIN',   'VALID', 88, 'bit', 0, 0, 1, 1, '', '', 'VALID', 'BASE_TP_HASHIDS_100415_3', 0, 0, null);
 
     --15MIN public keys
     insert into dwhrep.MeasurementColumn (MTABLEID, DATANAME, COLNUMBER, DATATYPE, DATASIZE, DATASCALE, UNIQUEVALUE, NULLABLE, INDEXES, DESCRIPTION, DATAID, RELEASEID, UNIQUEKEY, INCLUDESQL, COLTYPE) values ('TP_BASE_HASHIDS:BASE_TP_HASHIDS_100415_3:15MIN',   'DATE_ID', 81, 'date', 0, 0, 100000000, 0, 'LF', '', 'DATE_ID', 'BASE_TP_HASHIDS_100415_3', 0, 1, null);
     insert into dwhrep.MeasurementColumn (MTABLEID, DATANAME, COLNUMBER, DATATYPE, DATASIZE, DATASCALE, UNIQUEVALUE, NULLABLE, INDEXES, DESCRIPTION, DATAID, RELEASEID, UNIQUEKEY, INCLUDESQL, COLTYPE) values ('TP_BASE_HASHIDS:BASE_TP_HASHIDS_100415_3:15MIN',   'YEAR_ID', 82, 'smallint', 0, 0, 65536, 0, 'LF', '', 'YEAR_ID', 'BASE_TP_HASHIDS_100415_3', 0, 0, null);
     insert into dwhrep.MeasurementColumn (MTABLEID, DATANAME, COLNUMBER, DATATYPE, DATASIZE, DATASCALE, UNIQUEVALUE, NULLABLE, INDEXES, DESCRIPTION, DATAID, RELEASEID, UNIQUEKEY, INCLUDESQL, COLTYPE) values ('TP_BASE_HASHIDS:BASE_TP_HASHIDS_100415_3:15MIN',   'MONTH_ID', 83, 'tinyint', 0, 0, 256, 0, 'LF', '', 'MONTH_ID', 'BASE_TP_HASHIDS_100415_3', 0, 0, null);
     insert into dwhrep.MeasurementColumn (MTABLEID, DATANAME, COLNUMBER, DATATYPE, DATASIZE, DATASCALE, UNIQUEVALUE, NULLABLE, INDEXES, DESCRIPTION, DATAID, RELEASEID, UNIQUEKEY, INCLUDESQL, COLTYPE) values ('TP_BASE_HASHIDS:BASE_TP_HASHIDS_100415_3:15MIN',   'DAY_ID', 84, 'tinyint', 0, 0, 256, 0, 'LF', '', 'DAY_ID', 'BASE_TP_HASHIDS_100415_3', 0, 0, null);
     insert into dwhrep.MeasurementColumn (MTABLEID, DATANAME, COLNUMBER, DATATYPE, DATASIZE, DATASCALE, UNIQUEVALUE, NULLABLE, INDEXES, DESCRIPTION, DATAID, RELEASEID, UNIQUEKEY, INCLUDESQL, COLTYPE) values ('TP_BASE_HASHIDS:BASE_TP_HASHIDS_100415_3:15MIN',   'HOUR_ID', 85, 'tinyint', 0, 0, 256, 0, 'LF', '', 'HOUR_ID', 'BASE_TP_HASHIDS_100415_3', 0, 0, null);
     insert into dwhrep.MeasurementColumn (MTABLEID, DATANAME, COLNUMBER, DATATYPE, DATASIZE, DATASCALE, UNIQUEVALUE, NULLABLE, INDEXES, DESCRIPTION, DATAID, RELEASEID, UNIQUEKEY, INCLUDESQL, COLTYPE) values ('TP_BASE_HASHIDS:BASE_TP_HASHIDS_100415_3:15MIN',   'MIN_ID', 86, 'tinyint', 0, 0, 256, 0, 'LF', '', 'MIN_ID', 'BASE_TP_HASHIDS_100415_3', 0, 0, null);
     insert into dwhrep.MeasurementColumn (MTABLEID, DATANAME, COLNUMBER, DATATYPE, DATASIZE, DATASCALE, UNIQUEVALUE, NULLABLE, INDEXES, DESCRIPTION, DATAID, RELEASEID, UNIQUEKEY, INCLUDESQL, COLTYPE) values ('TP_BASE_HASHIDS:BASE_TP_HASHIDS_100415_3:15MIN',   'DATETIME_ID', 87, 'datetime', 0, 0, 100000000, 0, 'HG', '', 'DATETIME_ID', 'BASE_TP_HASHIDS_100415_3', 0, 1, null);
     insert into dwhrep.MeasurementColumn (MTABLEID, DATANAME, COLNUMBER, DATATYPE, DATASIZE, DATASCALE, UNIQUEVALUE, NULLABLE, INDEXES, DESCRIPTION, DATAID, RELEASEID, UNIQUEKEY, INCLUDESQL, COLTYPE) values ('TP_BASE_HASHIDS:BASE_TP_HASHIDS_100415_3:15MIN',   'VALID', 88, 'bit', 0, 0, 1, 1, '', '', 'VALID', 'BASE_TP_HASHIDS_100415_3', 0, 0, null);
 
     --DAY public keys
     insert into dwhrep.MeasurementColumn (MTABLEID, DATANAME, COLNUMBER, DATATYPE, DATASIZE, DATASCALE, UNIQUEVALUE, NULLABLE, INDEXES, DESCRIPTION, DATAID, RELEASEID, UNIQUEKEY, INCLUDESQL, COLTYPE) values ('TP_BASE_HASHIDS:BASE_TP_HASHIDS_100415_3:DAY',   'DATE_ID', 81, 'date', 0, 0, 100000000, 0, 'LF', '', 'DATE_ID', 'BASE_TP_HASHIDS_100415_3', 0, 1, null);
     insert into dwhrep.MeasurementColumn (MTABLEID, DATANAME, COLNUMBER, DATATYPE, DATASIZE, DATASCALE, UNIQUEVALUE, NULLABLE, INDEXES, DESCRIPTION, DATAID, RELEASEID, UNIQUEKEY, INCLUDESQL, COLTYPE) values ('TP_BASE_HASHIDS:BASE_TP_HASHIDS_100415_3:DAY',   'YEAR_ID', 82, 'smallint', 0, 0, 65536, 0, 'LF', '', 'YEAR_ID', 'BASE_TP_HASHIDS_100415_3', 0, 0, null);
     insert into dwhrep.MeasurementColumn (MTABLEID, DATANAME, COLNUMBER, DATATYPE, DATASIZE, DATASCALE, UNIQUEVALUE, NULLABLE, INDEXES, DESCRIPTION, DATAID, RELEASEID, UNIQUEKEY, INCLUDESQL, COLTYPE) values ('TP_BASE_HASHIDS:BASE_TP_HASHIDS_100415_3:DAY',   'MONTH_ID', 83, 'tinyint', 0, 0, 256, 0, 'LF', '', 'MONTH_ID', 'BASE_TP_HASHIDS_100415_3', 0, 0, null);
     insert into dwhrep.MeasurementColumn (MTABLEID, DATANAME, COLNUMBER, DATATYPE, DATASIZE, DATASCALE, UNIQUEVALUE, NULLABLE, INDEXES, DESCRIPTION, DATAID, RELEASEID, UNIQUEKEY, INCLUDESQL, COLTYPE) values ('TP_BASE_HASHIDS:BASE_TP_HASHIDS_100415_3:DAY',   'DAY_ID', 84, 'tinyint', 0, 0, 256, 0, 'LF', '', 'DAY_ID', 'BASE_TP_HASHIDS_100415_3', 0, 0, null);
     insert into dwhrep.MeasurementColumn (MTABLEID, DATANAME, COLNUMBER, DATATYPE, DATASIZE, DATASCALE, UNIQUEVALUE, NULLABLE, INDEXES, DESCRIPTION, DATAID, RELEASEID, UNIQUEKEY, INCLUDESQL, COLTYPE) values ('TP_BASE_HASHIDS:BASE_TP_HASHIDS_100415_3:DAY',   'HOUR_ID', 85, 'tinyint', 0, 0, 256, 1, 'LF', '', 'HOUR_ID', 'BASE_TP_HASHIDS_100415_3', 0, 0, null);
     insert into dwhrep.MeasurementColumn (MTABLEID, DATANAME, COLNUMBER, DATATYPE, DATASIZE, DATASCALE, UNIQUEVALUE, NULLABLE, INDEXES, DESCRIPTION, DATAID, RELEASEID, UNIQUEKEY, INCLUDESQL, COLTYPE) values ('TP_BASE_HASHIDS:BASE_TP_HASHIDS_100415_3:DAY',   'MIN_ID', 86, 'tinyint', 0, 0, 256, 1, 'LF', '', 'MIN_ID', 'BASE_TP_HASHIDS_100415_3', 0, 0, null);
     insert into dwhrep.MeasurementColumn (MTABLEID, DATANAME, COLNUMBER, DATATYPE, DATASIZE, DATASCALE, UNIQUEVALUE, NULLABLE, INDEXES, DESCRIPTION, DATAID, RELEASEID, UNIQUEKEY, INCLUDESQL, COLTYPE) values ('TP_BASE_HASHIDS:BASE_TP_HASHIDS_100415_3:DAY',   'DATETIME_ID', 87, 'datetime', 0, 0, 100000000, 1, 'HG', '', 'DATETIME_ID', 'BASE_TP_HASHIDS_100415_3', 0, 1, null);
     insert into dwhrep.MeasurementColumn (MTABLEID, DATANAME, COLNUMBER, DATATYPE, DATASIZE, DATASCALE, UNIQUEVALUE, NULLABLE, INDEXES, DESCRIPTION, DATAID, RELEASEID, UNIQUEKEY, INCLUDESQL, COLTYPE) values ('TP_BASE_HASHIDS:BASE_TP_HASHIDS_100415_3:DAY',   'VALID', 88, 'bit', 0, 0, 1, 1, '', '', 'VALID', 'BASE_TP_HASHIDS_100415_3', 0, 0, null);

    ----------------------------------------------------------------------
    --REFERENCETABLE
    ----------------------------------------------------------------------
    insert into dwhrep.ReferenceTable (TYPEID, VERSIONID, TYPENAME, OBJECTID, OBJECTNAME, OBJECTVERSION, OBJECTTYPE, DESCRIPTION, STATUS, UPDATE_POLICY, TABLE_TYPE, DATAFORMATSUPPORT, BASEDEF) values ('TP_BASE_HASHIDS:BASE_TP_HASHIDS_100415_3:PUBLIC_REFTYPE', 		'TP_BASE_HASHIDS:BASE_TP_HASHIDS_100415_3',	'PUBLIC_REFTYPE',			'TP_BASE_HASHIDS:BASE_TP_HASHIDS_100415_3:PUBLIC_REFTYPE',			'PUBLIC_REFTYPE',			'','','',0,0,'',0,0);    
    
    ----------------------------------------------------------------------
    --REFERENCECOLUMN
    ----------------------------------------------------------------------  
    insert into dwhrep.ReferenceColumn (TYPEID, DATANAME, COLNUMBER, DATATYPE, DATASIZE, DATASCALE, UNIQUEVALUE, NULLABLE, INDEXES, UNIQUEKEY, INCLUDESQL, INCLUDEUPD, BASEDEF, COLTYPE) values ('TP_BASE_HASHIDS:BASE_TP_HASHIDS_100415_3:PUBLIC_REFTYPE',		'VENDOR',      8,  'varchar',  20, 0, 255, 1, 'HG', 0, 1, 1, 0, 'COLUMN');
    insert into dwhrep.ReferenceColumn (TYPEID, DATANAME, COLNUMBER, DATATYPE, DATASIZE, DATASCALE, UNIQUEVALUE, NULLABLE, INDEXES, UNIQUEKEY, INCLUDESQL, INCLUDEUPD, BASEDEF, COLTYPE) values ('TP_BASE_HASHIDS:BASE_TP_HASHIDS_100415_3:PUBLIC_REFTYPE',		'STATUS',      9,  'varchar',  16, 0, 255, 1, 'HG', 0, 1, 1, 0, 'COLUMN');
    insert into dwhrep.ReferenceColumn (TYPEID, DATANAME, COLNUMBER, DATATYPE, DATASIZE, DATASCALE, UNIQUEVALUE, NULLABLE, INDEXES, UNIQUEKEY, INCLUDESQL, INCLUDEUPD, BASEDEF, COLTYPE) values ('TP_BASE_HASHIDS:BASE_TP_HASHIDS_100415_3:PUBLIC_REFTYPE',		'CREATED',     10, 'datetime', 0,  0, 255, 1, 'HG', 0, 1, 0, 0, 'COLUMN');
    insert into dwhrep.ReferenceColumn (TYPEID, DATANAME, COLNUMBER, DATATYPE, DATASIZE, DATASCALE, UNIQUEVALUE, NULLABLE, INDEXES, UNIQUEKEY, INCLUDESQL, INCLUDEUPD, BASEDEF, COLTYPE) values ('TP_BASE_HASHIDS:BASE_TP_HASHIDS_100415_3:PUBLIC_REFTYPE',		'MODIFIED',    11, 'datetime', 0,  0, 255, 1, 'HG', 0, 1, 1, 0, 'COLUMN');
    insert into dwhrep.ReferenceColumn (TYPEID, DATANAME, COLNUMBER, DATATYPE, DATASIZE, DATASCALE, UNIQUEVALUE, NULLABLE, INDEXES, UNIQUEKEY, INCLUDESQL, INCLUDEUPD, BASEDEF, COLTYPE) values ('TP_BASE_HASHIDS:BASE_TP_HASHIDS_100415_3:PUBLIC_REFTYPE',		'MODIFIER',    12, 'varchar',  32, 0, 255, 1, 'HG', 0, 1, 1, 0, 'COLUMN');


