insert into Versioning ( VERSIONID, DESCRIPTION, STATUS, TECHPACK_NAME, TECHPACK_VERSION, TECHPACK_TYPE, PRODUCT_NUMBER, LOCKEDBY, LOCKDATE, BASEDEFINITION, BASEVERSION, INSTALLDESCRIPTION, UNIVERSENAME, UNIVERSEEXTENSION, ENIQ_LEVEL, LICENSENAME ) values ( 'CUSTOM_DC_E_CPP:((118))', 'Custom Ericsson CPP', 1, 'CUSTOM_DC_E_CPP', 'R2A', 'CUSTOM', 'NA', null, null, 'TP_BASE:BASE_TP_090421', null, '', null, null, '2.0', '' );
insert into Busyhour ( VERSIONID, BHLEVEL, BHTYPE, BHCRITERIA, WHERECLAUSE, DESCRIPTION, TARGETVERSIONID, BHOBJECT, BHELEMENT, ENABLE, AGGREGATIONTYPE, OFFSET, WINDOWSIZE, LOOKBACK, P_THRESHOLD, N_THRESHOLD, CLAUSE, PLACEHOLDERTYPE, GROUPING, REACTIVATEVIEWS ) values ( 'CUSTOM_DC_E_CPP:((118))', 'DC_E_CPP_AAL2APBH', 'NODEB_TRAF', 'case when sum(pmNoOfSampAseDl) = 0 or sum(pmNoOfSampAseDl) is null  then 0  else   case when sum(pmSumOfSampAseDl) is null   then 0   else    cast ( ( sum(pmSumOfSampAseDl )/ cast (sum(pmNoOfSampAseDl) as real))  as numeric (18,8) )  end  end', 'where DC_E_RAN_UCELL_RAW.UtranCell = DIM_E_RAN_UCELL.UCELL_ID and DIM_E_RAN_UCELL.NODEB = TSS_DIM_E_CPP_AAL2AP.NODEB and TSS_DIM_E_CPP_AAL2AP.AAL2AP = DC_E_CPP_AAL2AP_RAW.AAL2AP and DC_E_CPP_AAL2AP_RAW.date_id=DC_E_RAN_UCELL_RAW.date_id and DC_E_CPP_AAL2AP_RAW.HOUR_ID=DC_E_RAN_UCELL_RAW.HOUR_ID', 'NodeB Traffic Busy Hour', 'DC_E_CPP:((118))', 'Aal2Ap', 0, 1, 'RANKBH_TIMELIMITED', 0, 60, 0, 0, 0, '', null, 'None', 0 );
insert into Busyhour ( VERSIONID, BHLEVEL, BHTYPE, BHCRITERIA, WHERECLAUSE, DESCRIPTION, TARGETVERSIONID, BHOBJECT, BHELEMENT, ENABLE, AGGREGATIONTYPE, OFFSET, WINDOWSIZE, LOOKBACK, P_THRESHOLD, N_THRESHOLD, CLAUSE, PLACEHOLDERTYPE, GROUPING, REACTIVATEVIEWS ) values ( 'CUSTOM_DC_E_CPP:((118))', 'DC_E_CPP_AAL2APBH', 'TOTAL_CID', 'sum(pmExisOrigConns+ pmExisTermConns+pmExisTransConns)', '', 'Total CID', 'DC_E_CPP:((118))', 'Aal2Ap', 0, 1, 'RANKBH_TIMELIMITED', 0, 60, 0, 0, 0, '', null, 'None', 0 );
insert into Busyhour ( VERSIONID, BHLEVEL, BHTYPE, BHCRITERIA, WHERECLAUSE, DESCRIPTION, TARGETVERSIONID, BHOBJECT, BHELEMENT, ENABLE, AGGREGATIONTYPE, OFFSET, WINDOWSIZE, LOOKBACK, P_THRESHOLD, N_THRESHOLD, CLAUSE, PLACEHOLDERTYPE, GROUPING, REACTIVATEVIEWS ) values ( 'CUSTOM_DC_E_CPP:((118))', 'DC_E_CPP_VCLTPBH', 'REC_ATM_CELLS', 'sum(pmReceivedAtmCells)', '', 'Received ATM cells per VCI', 'DC_E_CPP:((118))', 'Vcltp', 0, 1, 'RANKBH_TIMELIMITED', 0, 60, 0, 0, 0, '', null, 'None', 0 );
insert into Busyhour ( VERSIONID, BHLEVEL, BHTYPE, BHCRITERIA, WHERECLAUSE, DESCRIPTION, TARGETVERSIONID, BHOBJECT, BHELEMENT, ENABLE, AGGREGATIONTYPE, OFFSET, WINDOWSIZE, LOOKBACK, P_THRESHOLD, N_THRESHOLD, CLAUSE, PLACEHOLDERTYPE, GROUPING, REACTIVATEVIEWS ) values ( 'CUSTOM_DC_E_CPP:((118))', 'DC_E_CPP_VCLTPBH', 'TRANS_ATM_CELLS', 'sum(pmTransmittedAtmCells)', '', 'Transmitted ATM cells per VCI', 'DC_E_CPP:((118))', 'Vcltp', 0, 1, 'RANKBH_TIMELIMITED', 0, 60, 0, 0, 0, '', null, 'None', 0 );
insert into Busyhourrankkeys ( VERSIONID, BHLEVEL, BHTYPE, KEYNAME, KEYVALUE, ORDERNBR, TARGETVERSIONID, BHOBJECT ) values ( 'CUSTOM_DC_E_CPP:((118))', 'DC_E_CPP_AAL2APBH', 'NODEB_TRAF', 'Aal2Ap', 'DC_E_CPP_AAL2AP_RAW.Aal2Ap', 0, 'DC_E_CPP:((118))', 'Aal2Ap' );
insert into Busyhourrankkeys ( VERSIONID, BHLEVEL, BHTYPE, KEYNAME, KEYVALUE, ORDERNBR, TARGETVERSIONID, BHOBJECT ) values ( 'CUSTOM_DC_E_CPP:((118))', 'DC_E_CPP_AAL2APBH', 'NODEB_TRAF', 'Aal2Sp', 'DC_E_CPP_AAL2AP_RAW.Aal2Sp', 1, 'DC_E_CPP:((118))', 'Aal2Ap' );
insert into Busyhourrankkeys ( VERSIONID, BHLEVEL, BHTYPE, KEYNAME, KEYVALUE, ORDERNBR, TARGETVERSIONID, BHOBJECT ) values ( 'CUSTOM_DC_E_CPP:((118))', 'DC_E_CPP_AAL2APBH', 'NODEB_TRAF', 'ERBS', 'DC_E_CPP_AAL2AP_RAW.ERBS', 0, 'DC_E_CPP:((118))', 'Aal2Ap' );
insert into Busyhourrankkeys ( VERSIONID, BHLEVEL, BHTYPE, KEYNAME, KEYVALUE, ORDERNBR, TARGETVERSIONID, BHOBJECT ) values ( 'CUSTOM_DC_E_CPP:((118))', 'DC_E_CPP_AAL2APBH', 'NODEB_TRAF', 'MOID', 'DC_E_CPP_AAL2AP_RAW.MOID', 2, 'DC_E_CPP:((118))', 'Aal2Ap' );
insert into Busyhourrankkeys ( VERSIONID, BHLEVEL, BHTYPE, KEYNAME, KEYVALUE, ORDERNBR, TARGETVERSIONID, BHOBJECT ) values ( 'CUSTOM_DC_E_CPP:((118))', 'DC_E_CPP_AAL2APBH', 'NODEB_TRAF', 'OSS_ID', 'DC_E_CPP_AAL2AP_RAW.OSS_ID', 3, 'DC_E_CPP:((118))', 'Aal2Ap' );
insert into Busyhourrankkeys ( VERSIONID, BHLEVEL, BHTYPE, KEYNAME, KEYVALUE, ORDERNBR, TARGETVERSIONID, BHOBJECT ) values ( 'CUSTOM_DC_E_CPP:((118))', 'DC_E_CPP_AAL2APBH', 'NODEB_TRAF', 'RBS', 'DC_E_CPP_AAL2AP_RAW.RBS', 4, 'DC_E_CPP:((118))', 'Aal2Ap' );
insert into Busyhourrankkeys ( VERSIONID, BHLEVEL, BHTYPE, KEYNAME, KEYVALUE, ORDERNBR, TARGETVERSIONID, BHOBJECT ) values ( 'CUSTOM_DC_E_CPP:((118))', 'DC_E_CPP_AAL2APBH', 'NODEB_TRAF', 'RNC', 'DC_E_CPP_AAL2AP_RAW.RNC', 5, 'DC_E_CPP:((118))', 'Aal2Ap' );
insert into Busyhourrankkeys ( VERSIONID, BHLEVEL, BHTYPE, KEYNAME, KEYVALUE, ORDERNBR, TARGETVERSIONID, BHOBJECT ) values ( 'CUSTOM_DC_E_CPP:((118))', 'DC_E_CPP_AAL2APBH', 'NODEB_TRAF', 'RXI', 'DC_E_CPP_AAL2AP_RAW.RXI', 6, 'DC_E_CPP:((118))', 'Aal2Ap' );
insert into Busyhourrankkeys ( VERSIONID, BHLEVEL, BHTYPE, KEYNAME, KEYVALUE, ORDERNBR, TARGETVERSIONID, BHOBJECT ) values ( 'CUSTOM_DC_E_CPP:((118))', 'DC_E_CPP_AAL2APBH', 'NODEB_TRAF', 'SN', 'DC_E_CPP_AAL2AP_RAW.SN', 7, 'DC_E_CPP:((118))', 'Aal2Ap' );
insert into Busyhourrankkeys ( VERSIONID, BHLEVEL, BHTYPE, KEYNAME, KEYVALUE, ORDERNBR, TARGETVERSIONID, BHOBJECT ) values ( 'CUSTOM_DC_E_CPP:((118))', 'DC_E_CPP_AAL2APBH', 'NODEB_TRAF', 'TransportNetwork', 'DC_E_CPP_AAL2AP_RAW.TransportNetwork', 8, 'DC_E_CPP:((118))', 'Aal2Ap' );
insert into Busyhourrankkeys ( VERSIONID, BHLEVEL, BHTYPE, KEYNAME, KEYVALUE, ORDERNBR, TARGETVERSIONID, BHOBJECT ) values ( 'CUSTOM_DC_E_CPP:((118))', 'DC_E_CPP_AAL2APBH', 'TOTAL_CID', 'Aal2Ap', 'DC_E_CPP_AAL2AP_RAW.Aal2Ap', 0, 'DC_E_CPP:((118))', 'Aal2Ap' );
insert into Busyhourrankkeys ( VERSIONID, BHLEVEL, BHTYPE, KEYNAME, KEYVALUE, ORDERNBR, TARGETVERSIONID, BHOBJECT ) values ( 'CUSTOM_DC_E_CPP:((118))', 'DC_E_CPP_AAL2APBH', 'TOTAL_CID', 'Aal2Sp', 'DC_E_CPP_AAL2AP_RAW.Aal2Sp', 1, 'DC_E_CPP:((118))', 'Aal2Ap' );
insert into Busyhourrankkeys ( VERSIONID, BHLEVEL, BHTYPE, KEYNAME, KEYVALUE, ORDERNBR, TARGETVERSIONID, BHOBJECT ) values ( 'CUSTOM_DC_E_CPP:((118))', 'DC_E_CPP_AAL2APBH', 'TOTAL_CID', 'ERBS', 'DC_E_CPP_AAL2AP_RAW.ERBS', 0, 'DC_E_CPP:((118))', 'Aal2Ap' );
insert into Busyhourrankkeys ( VERSIONID, BHLEVEL, BHTYPE, KEYNAME, KEYVALUE, ORDERNBR, TARGETVERSIONID, BHOBJECT ) values ( 'CUSTOM_DC_E_CPP:((118))', 'DC_E_CPP_AAL2APBH', 'TOTAL_CID', 'MOID', 'DC_E_CPP_AAL2AP_RAW.MOID', 2, 'DC_E_CPP:((118))', 'Aal2Ap' );
insert into Busyhourrankkeys ( VERSIONID, BHLEVEL, BHTYPE, KEYNAME, KEYVALUE, ORDERNBR, TARGETVERSIONID, BHOBJECT ) values ( 'CUSTOM_DC_E_CPP:((118))', 'DC_E_CPP_AAL2APBH', 'TOTAL_CID', 'OSS_ID', 'DC_E_CPP_AAL2AP_RAW.OSS_ID', 3, 'DC_E_CPP:((118))', 'Aal2Ap' );
insert into Busyhourrankkeys ( VERSIONID, BHLEVEL, BHTYPE, KEYNAME, KEYVALUE, ORDERNBR, TARGETVERSIONID, BHOBJECT ) values ( 'CUSTOM_DC_E_CPP:((118))', 'DC_E_CPP_AAL2APBH', 'TOTAL_CID', 'RBS', 'DC_E_CPP_AAL2AP_RAW.RBS', 4, 'DC_E_CPP:((118))', 'Aal2Ap' );
insert into Busyhourrankkeys ( VERSIONID, BHLEVEL, BHTYPE, KEYNAME, KEYVALUE, ORDERNBR, TARGETVERSIONID, BHOBJECT ) values ( 'CUSTOM_DC_E_CPP:((118))', 'DC_E_CPP_AAL2APBH', 'TOTAL_CID', 'RNC', 'DC_E_CPP_AAL2AP_RAW.RNC', 5, 'DC_E_CPP:((118))', 'Aal2Ap' );
insert into Busyhourrankkeys ( VERSIONID, BHLEVEL, BHTYPE, KEYNAME, KEYVALUE, ORDERNBR, TARGETVERSIONID, BHOBJECT ) values ( 'CUSTOM_DC_E_CPP:((118))', 'DC_E_CPP_AAL2APBH', 'TOTAL_CID', 'RXI', 'DC_E_CPP_AAL2AP_RAW.RXI', 6, 'DC_E_CPP:((118))', 'Aal2Ap' );
insert into Busyhourrankkeys ( VERSIONID, BHLEVEL, BHTYPE, KEYNAME, KEYVALUE, ORDERNBR, TARGETVERSIONID, BHOBJECT ) values ( 'CUSTOM_DC_E_CPP:((118))', 'DC_E_CPP_AAL2APBH', 'TOTAL_CID', 'SN', 'DC_E_CPP_AAL2AP_RAW.SN', 7, 'DC_E_CPP:((118))', 'Aal2Ap' );
insert into Busyhourrankkeys ( VERSIONID, BHLEVEL, BHTYPE, KEYNAME, KEYVALUE, ORDERNBR, TARGETVERSIONID, BHOBJECT ) values ( 'CUSTOM_DC_E_CPP:((118))', 'DC_E_CPP_AAL2APBH', 'TOTAL_CID', 'TransportNetwork', 'DC_E_CPP_AAL2AP_RAW.TransportNetwork', 8, 'DC_E_CPP:((118))', 'Aal2Ap' );
insert into Busyhourrankkeys ( VERSIONID, BHLEVEL, BHTYPE, KEYNAME, KEYVALUE, ORDERNBR, TARGETVERSIONID, BHOBJECT ) values ( 'CUSTOM_DC_E_CPP:((118))', 'DC_E_CPP_VCLTPBH', 'REC_ATM_CELLS', 'AtmPort', 'DC_E_CPP_VCLTP_COUNT.AtmPort', 0, 'DC_E_CPP:((118))', 'Vcltp' );
insert into Busyhourrankkeys ( VERSIONID, BHLEVEL, BHTYPE, KEYNAME, KEYVALUE, ORDERNBR, TARGETVERSIONID, BHOBJECT ) values ( 'CUSTOM_DC_E_CPP:((118))', 'DC_E_CPP_VCLTPBH', 'REC_ATM_CELLS', 'ERBS', 'DC_E_CPP_VCLTP_COUNT.ERBS', 1, 'DC_E_CPP:((118))', 'Vcltp' );
insert into Busyhourrankkeys ( VERSIONID, BHLEVEL, BHTYPE, KEYNAME, KEYVALUE, ORDERNBR, TARGETVERSIONID, BHOBJECT ) values ( 'CUSTOM_DC_E_CPP:((118))', 'DC_E_CPP_VCLTPBH', 'REC_ATM_CELLS', 'MOID', 'DC_E_CPP_VCLTP_COUNT.MOID', 2, 'DC_E_CPP:((118))', 'Vcltp' );
insert into Busyhourrankkeys ( VERSIONID, BHLEVEL, BHTYPE, KEYNAME, KEYVALUE, ORDERNBR, TARGETVERSIONID, BHOBJECT ) values ( 'CUSTOM_DC_E_CPP:((118))', 'DC_E_CPP_VCLTPBH', 'REC_ATM_CELLS', 'OSS_ID', 'DC_E_CPP_VCLTP_COUNT.OSS_ID', 3, 'DC_E_CPP:((118))', 'Vcltp' );
insert into Busyhourrankkeys ( VERSIONID, BHLEVEL, BHTYPE, KEYNAME, KEYVALUE, ORDERNBR, TARGETVERSIONID, BHOBJECT ) values ( 'CUSTOM_DC_E_CPP:((118))', 'DC_E_CPP_VCLTPBH', 'REC_ATM_CELLS', 'RBS', 'DC_E_CPP_VCLTP_COUNT.RBS', 4, 'DC_E_CPP:((118))', 'Vcltp' );
insert into Busyhourrankkeys ( VERSIONID, BHLEVEL, BHTYPE, KEYNAME, KEYVALUE, ORDERNBR, TARGETVERSIONID, BHOBJECT ) values ( 'CUSTOM_DC_E_CPP:((118))', 'DC_E_CPP_VCLTPBH', 'REC_ATM_CELLS', 'RNC', 'DC_E_CPP_VCLTP_COUNT.RNC', 5, 'DC_E_CPP:((118))', 'Vcltp' );
insert into Busyhourrankkeys ( VERSIONID, BHLEVEL, BHTYPE, KEYNAME, KEYVALUE, ORDERNBR, TARGETVERSIONID, BHOBJECT ) values ( 'CUSTOM_DC_E_CPP:((118))', 'DC_E_CPP_VCLTPBH', 'REC_ATM_CELLS', 'RXI', 'DC_E_CPP_VCLTP_COUNT.RXI', 6, 'DC_E_CPP:((118))', 'Vcltp' );
insert into Busyhourrankkeys ( VERSIONID, BHLEVEL, BHTYPE, KEYNAME, KEYVALUE, ORDERNBR, TARGETVERSIONID, BHOBJECT ) values ( 'CUSTOM_DC_E_CPP:((118))', 'DC_E_CPP_VCLTPBH', 'REC_ATM_CELLS', 'SN', 'DC_E_CPP_VCLTP_COUNT.SN', 7, 'DC_E_CPP:((118))', 'Vcltp' );
insert into Busyhourrankkeys ( VERSIONID, BHLEVEL, BHTYPE, KEYNAME, KEYVALUE, ORDERNBR, TARGETVERSIONID, BHOBJECT ) values ( 'CUSTOM_DC_E_CPP:((118))', 'DC_E_CPP_VCLTPBH', 'REC_ATM_CELLS', 'TransportNetwork', 'DC_E_CPP_VCLTP_COUNT.TransportNetwork', 8, 'DC_E_CPP:((118))', 'Vcltp' );
insert into Busyhourrankkeys ( VERSIONID, BHLEVEL, BHTYPE, KEYNAME, KEYVALUE, ORDERNBR, TARGETVERSIONID, BHOBJECT ) values ( 'CUSTOM_DC_E_CPP:((118))', 'DC_E_CPP_VCLTPBH', 'REC_ATM_CELLS', 'VclTp', 'DC_E_CPP_VCLTP_COUNT.VclTp', 9, 'DC_E_CPP:((118))', 'Vcltp' );
insert into Busyhourrankkeys ( VERSIONID, BHLEVEL, BHTYPE, KEYNAME, KEYVALUE, ORDERNBR, TARGETVERSIONID, BHOBJECT ) values ( 'CUSTOM_DC_E_CPP:((118))', 'DC_E_CPP_VCLTPBH', 'REC_ATM_CELLS', 'VpcTp', 'DC_E_CPP_VCLTP_COUNT.VpcTp', 10, 'DC_E_CPP:((118))', 'Vcltp' );
insert into Busyhourrankkeys ( VERSIONID, BHLEVEL, BHTYPE, KEYNAME, KEYVALUE, ORDERNBR, TARGETVERSIONID, BHOBJECT ) values ( 'CUSTOM_DC_E_CPP:((118))', 'DC_E_CPP_VCLTPBH', 'REC_ATM_CELLS', 'VplTp', 'DC_E_CPP_VCLTP_COUNT.VplTp', 11, 'DC_E_CPP:((118))', 'Vcltp' );
insert into Busyhourrankkeys ( VERSIONID, BHLEVEL, BHTYPE, KEYNAME, KEYVALUE, ORDERNBR, TARGETVERSIONID, BHOBJECT ) values ( 'CUSTOM_DC_E_CPP:((118))', 'DC_E_CPP_VCLTPBH', 'TRANS_ATM_CELLS', 'AtmPort', 'DC_E_CPP_VCLTP_COUNT.AtmPort', 0, 'DC_E_CPP:((118))', 'Vcltp' );
insert into Busyhourrankkeys ( VERSIONID, BHLEVEL, BHTYPE, KEYNAME, KEYVALUE, ORDERNBR, TARGETVERSIONID, BHOBJECT ) values ( 'CUSTOM_DC_E_CPP:((118))', 'DC_E_CPP_VCLTPBH', 'TRANS_ATM_CELLS', 'ERBS', 'DC_E_CPP_VCLTP_COUNT.ERBS', 0, 'DC_E_CPP:((118))', 'Vcltp' );
insert into Busyhourrankkeys ( VERSIONID, BHLEVEL, BHTYPE, KEYNAME, KEYVALUE, ORDERNBR, TARGETVERSIONID, BHOBJECT ) values ( 'CUSTOM_DC_E_CPP:((118))', 'DC_E_CPP_VCLTPBH', 'TRANS_ATM_CELLS', 'MOID', 'DC_E_CPP_VCLTP_COUNT.MOID', 1, 'DC_E_CPP:((118))', 'Vcltp' );
insert into Busyhourrankkeys ( VERSIONID, BHLEVEL, BHTYPE, KEYNAME, KEYVALUE, ORDERNBR, TARGETVERSIONID, BHOBJECT ) values ( 'CUSTOM_DC_E_CPP:((118))', 'DC_E_CPP_VCLTPBH', 'TRANS_ATM_CELLS', 'OSS_ID', 'DC_E_CPP_VCLTP_COUNT.OSS_ID', 2, 'DC_E_CPP:((118))', 'Vcltp' );
insert into Busyhourrankkeys ( VERSIONID, BHLEVEL, BHTYPE, KEYNAME, KEYVALUE, ORDERNBR, TARGETVERSIONID, BHOBJECT ) values ( 'CUSTOM_DC_E_CPP:((118))', 'DC_E_CPP_VCLTPBH', 'TRANS_ATM_CELLS', 'RBS', 'DC_E_CPP_VCLTP_COUNT.RBS', 3, 'DC_E_CPP:((118))', 'Vcltp' );
insert into Busyhourrankkeys ( VERSIONID, BHLEVEL, BHTYPE, KEYNAME, KEYVALUE, ORDERNBR, TARGETVERSIONID, BHOBJECT ) values ( 'CUSTOM_DC_E_CPP:((118))', 'DC_E_CPP_VCLTPBH', 'TRANS_ATM_CELLS', 'RNC', 'DC_E_CPP_VCLTP_COUNT.RNC', 4, 'DC_E_CPP:((118))', 'Vcltp' );
insert into Busyhourrankkeys ( VERSIONID, BHLEVEL, BHTYPE, KEYNAME, KEYVALUE, ORDERNBR, TARGETVERSIONID, BHOBJECT ) values ( 'CUSTOM_DC_E_CPP:((118))', 'DC_E_CPP_VCLTPBH', 'TRANS_ATM_CELLS', 'RXI', 'DC_E_CPP_VCLTP_COUNT.RXI', 5, 'DC_E_CPP:((118))', 'Vcltp' );
insert into Busyhourrankkeys ( VERSIONID, BHLEVEL, BHTYPE, KEYNAME, KEYVALUE, ORDERNBR, TARGETVERSIONID, BHOBJECT ) values ( 'CUSTOM_DC_E_CPP:((118))', 'DC_E_CPP_VCLTPBH', 'TRANS_ATM_CELLS', 'SN', 'DC_E_CPP_VCLTP_COUNT.SN', 6, 'DC_E_CPP:((118))', 'Vcltp' );
insert into Busyhourrankkeys ( VERSIONID, BHLEVEL, BHTYPE, KEYNAME, KEYVALUE, ORDERNBR, TARGETVERSIONID, BHOBJECT ) values ( 'CUSTOM_DC_E_CPP:((118))', 'DC_E_CPP_VCLTPBH', 'TRANS_ATM_CELLS', 'TransportNetwork', 'DC_E_CPP_VCLTP_COUNT.TransportNetwork', 7, 'DC_E_CPP:((118))', 'Vcltp' );
insert into Busyhourrankkeys ( VERSIONID, BHLEVEL, BHTYPE, KEYNAME, KEYVALUE, ORDERNBR, TARGETVERSIONID, BHOBJECT ) values ( 'CUSTOM_DC_E_CPP:((118))', 'DC_E_CPP_VCLTPBH', 'TRANS_ATM_CELLS', 'VclTp', 'DC_E_CPP_VCLTP_COUNT.VclTp', 8, 'DC_E_CPP:((118))', 'Vcltp' );
insert into Busyhourrankkeys ( VERSIONID, BHLEVEL, BHTYPE, KEYNAME, KEYVALUE, ORDERNBR, TARGETVERSIONID, BHOBJECT ) values ( 'CUSTOM_DC_E_CPP:((118))', 'DC_E_CPP_VCLTPBH', 'TRANS_ATM_CELLS', 'VpcTp', 'DC_E_CPP_VCLTP_COUNT.VpcTp', 9, 'DC_E_CPP:((118))', 'Vcltp' );
insert into Busyhourrankkeys ( VERSIONID, BHLEVEL, BHTYPE, KEYNAME, KEYVALUE, ORDERNBR, TARGETVERSIONID, BHOBJECT ) values ( 'CUSTOM_DC_E_CPP:((118))', 'DC_E_CPP_VCLTPBH', 'TRANS_ATM_CELLS', 'VplTp', 'DC_E_CPP_VCLTP_COUNT.VplTp', 10, 'DC_E_CPP:((118))', 'Vcltp' );
insert into Busyhoursource ( VERSIONID, BHLEVEL, BHTYPE, TYPENAME, TARGETVERSIONID, BHOBJECT ) values ( 'CUSTOM_DC_E_CPP:((118))', 'DC_E_CPP_AAL2APBH', 'NODEB_TRAF', 'DC_E_CPP_AAL2AP_RAW', 'DC_E_CPP:((118))', 'Aal2Ap' );
insert into Busyhoursource ( VERSIONID, BHLEVEL, BHTYPE, TYPENAME, TARGETVERSIONID, BHOBJECT ) values ( 'CUSTOM_DC_E_CPP:((118))', 'DC_E_CPP_AAL2APBH', 'NODEB_TRAF', 'DC_E_RAN_UCELL_RAW', 'DC_E_CPP:((118))', 'Aal2Ap' );
insert into Busyhoursource ( VERSIONID, BHLEVEL, BHTYPE, TYPENAME, TARGETVERSIONID, BHOBJECT ) values ( 'CUSTOM_DC_E_CPP:((118))', 'DC_E_CPP_AAL2APBH', 'NODEB_TRAF', 'DIM_E_RAN_UCELL', 'DC_E_CPP:((118))', 'Aal2Ap' );
insert into Busyhoursource ( VERSIONID, BHLEVEL, BHTYPE, TYPENAME, TARGETVERSIONID, BHOBJECT ) values ( 'CUSTOM_DC_E_CPP:((118))', 'DC_E_CPP_AAL2APBH', 'NODEB_TRAF', 'TSS_DIM_E_CPP_AAL2AP', 'DC_E_CPP:((118))', 'Aal2Ap' );
insert into Busyhoursource ( VERSIONID, BHLEVEL, BHTYPE, TYPENAME, TARGETVERSIONID, BHOBJECT ) values ( 'CUSTOM_DC_E_CPP:((118))', 'DC_E_CPP_AAL2APBH', 'TOTAL_CID', 'DC_E_CPP_AAL2AP_RAW', 'DC_E_CPP:((118))', 'Aal2Ap' );
insert into Busyhoursource ( VERSIONID, BHLEVEL, BHTYPE, TYPENAME, TARGETVERSIONID, BHOBJECT ) values ( 'CUSTOM_DC_E_CPP:((118))', 'DC_E_CPP_VCLTPBH', 'REC_ATM_CELLS', 'DC_E_CPP_VCLTP_COUNT', 'DC_E_CPP:((118))', 'Vcltp' );
insert into Busyhoursource ( VERSIONID, BHLEVEL, BHTYPE, TYPENAME, TARGETVERSIONID, BHOBJECT ) values ( 'CUSTOM_DC_E_CPP:((118))', 'DC_E_CPP_VCLTPBH', 'TRANS_ATM_CELLS', 'DC_E_CPP_VCLTP_COUNT', 'DC_E_CPP:((118))', 'Vcltp' );
insert into Referencetable ( TYPEID, VERSIONID, TYPENAME, OBJECTID, OBJECTNAME, OBJECTVERSION, OBJECTTYPE, DESCRIPTION, STATUS, UPDATE_POLICY, TABLE_TYPE, DATAFORMATSUPPORT, BASEDEF ) values ( 'CUSTOM_DC_E_CPP:((118)):SELECT_CUSTOM_E_CPP_AGGLEVEL', 'CUSTOM_DC_E_CPP:((118))', 'SELECT_CUSTOM_E_CPP_AGGLEVEL', 'CUSTOM_DC_E_CPP:((118)):SELECT_CUSTOM_E_CPP_AGGLEVEL', 'SELECT_CUSTOM_E_CPP_AGGLEVEL', '', '', '', 0, 0, '', 0, 1 );
insert into Referencetable ( TYPEID, VERSIONID, TYPENAME, OBJECTID, OBJECTNAME, OBJECTVERSION, OBJECTTYPE, DESCRIPTION, STATUS, UPDATE_POLICY, TABLE_TYPE, DATAFORMATSUPPORT, BASEDEF ) values ( 'CUSTOM_DC_E_CPP:((118)):TSS_DIM_E_CPP_AAL2AP', 'CUSTOM_DC_E_CPP:((118))', 'TSS_DIM_E_CPP_AAL2AP', 'CUSTOM_DC_E_CPP:((118)):TSS_DIM_E_CPP_AAL2AP', 'TSS_DIM_E_CPP_AAL2AP', null, null, 'For linking NodeB and aal2ap', null, 1, null, 1, 0 );
insert into Referencecolumn ( TYPEID, DATANAME, COLNUMBER, DATATYPE, DATASIZE, DATASCALE, UNIQUEVALUE, NULLABLE, INDEXES, UNIQUEKEY, INCLUDESQL, INCLUDEUPD, COLTYPE, DESCRIPTION, UNIVERSECLASS, UNIVERSEOBJECT, UNIVERSECONDITION, DATAID, BASEDEF ) values ( 'CUSTOM_DC_E_CPP:((118)):TSS_DIM_E_CPP_AAL2AP', 'AAL2AP', 101, 'varchar', 32, 0, 255, 0, 'HG', 0, 1, 0, 'COLUMN', 'Aal2ap', null, null, null, null, 0 );
insert into Referencecolumn ( TYPEID, DATANAME, COLNUMBER, DATATYPE, DATASIZE, DATASCALE, UNIQUEVALUE, NULLABLE, INDEXES, UNIQUEKEY, INCLUDESQL, INCLUDEUPD, COLTYPE, DESCRIPTION, UNIVERSECLASS, UNIVERSEOBJECT, UNIVERSECONDITION, DATAID, BASEDEF ) values ( 'CUSTOM_DC_E_CPP:((118)):TSS_DIM_E_CPP_AAL2AP', 'CREATED', 106, 'datetime', 0, 0, 255, 1, 'HG', 0, 1, 0, 'PUBLICCOL', null, null, null, null, null, 1 );
insert into Referencecolumn ( TYPEID, DATANAME, COLNUMBER, DATATYPE, DATASIZE, DATASCALE, UNIQUEVALUE, NULLABLE, INDEXES, UNIQUEKEY, INCLUDESQL, INCLUDEUPD, COLTYPE, DESCRIPTION, UNIVERSECLASS, UNIVERSEOBJECT, UNIVERSECONDITION, DATAID, BASEDEF ) values ( 'CUSTOM_DC_E_CPP:((118)):TSS_DIM_E_CPP_AAL2AP', 'MODIFIED', 107, 'datetime', 0, 0, 255, 1, 'HG', 0, 1, 1, 'PUBLICCOL', null, null, null, null, null, 1 );
insert into Referencecolumn ( TYPEID, DATANAME, COLNUMBER, DATATYPE, DATASIZE, DATASCALE, UNIQUEVALUE, NULLABLE, INDEXES, UNIQUEKEY, INCLUDESQL, INCLUDEUPD, COLTYPE, DESCRIPTION, UNIVERSECLASS, UNIVERSEOBJECT, UNIVERSECONDITION, DATAID, BASEDEF ) values ( 'CUSTOM_DC_E_CPP:((118)):TSS_DIM_E_CPP_AAL2AP', 'MODIFIER', 108, 'varchar', 32, 0, 255, 1, 'HG', 0, 1, 1, 'PUBLICCOL', null, null, null, null, null, 1 );
insert into Referencecolumn ( TYPEID, DATANAME, COLNUMBER, DATATYPE, DATASIZE, DATASCALE, UNIQUEVALUE, NULLABLE, INDEXES, UNIQUEKEY, INCLUDESQL, INCLUDEUPD, COLTYPE, DESCRIPTION, UNIVERSECLASS, UNIVERSEOBJECT, UNIVERSECONDITION, DATAID, BASEDEF ) values ( 'CUSTOM_DC_E_CPP:((118)):TSS_DIM_E_CPP_AAL2AP', 'NODEB', 102, 'varchar', 35, 0, 255, 0, 'HG', 0, 1, 0, 'COLUMN', 'NodeB id (UtranCell without last digit)', null, null, null, null, 0 );
insert into Referencecolumn ( TYPEID, DATANAME, COLNUMBER, DATATYPE, DATASIZE, DATASCALE, UNIQUEVALUE, NULLABLE, INDEXES, UNIQUEKEY, INCLUDESQL, INCLUDEUPD, COLTYPE, DESCRIPTION, UNIVERSECLASS, UNIVERSEOBJECT, UNIVERSECONDITION, DATAID, BASEDEF ) values ( 'CUSTOM_DC_E_CPP:((118)):TSS_DIM_E_CPP_AAL2AP', 'OSS_ID', 103, 'varchar', 50, 0, 255, 0, 'HG', 1, 1, 0, 'COLUMN', 'OSS RC identifier', null, null, null, null, 0 );
insert into Referencecolumn ( TYPEID, DATANAME, COLNUMBER, DATATYPE, DATASIZE, DATASCALE, UNIQUEVALUE, NULLABLE, INDEXES, UNIQUEKEY, INCLUDESQL, INCLUDEUPD, COLTYPE, DESCRIPTION, UNIVERSECLASS, UNIVERSEOBJECT, UNIVERSECONDITION, DATAID, BASEDEF ) values ( 'CUSTOM_DC_E_CPP:((118)):TSS_DIM_E_CPP_AAL2AP', 'STATUS', 105, 'varchar', 16, 0, 255, 1, 'HG', 0, 1, 1, 'PUBLICCOL', null, null, null, null, null, 1 );
insert into Referencecolumn ( TYPEID, DATANAME, COLNUMBER, DATATYPE, DATASIZE, DATASCALE, UNIQUEVALUE, NULLABLE, INDEXES, UNIQUEKEY, INCLUDESQL, INCLUDEUPD, COLTYPE, DESCRIPTION, UNIVERSECLASS, UNIVERSEOBJECT, UNIVERSECONDITION, DATAID, BASEDEF ) values ( 'CUSTOM_DC_E_CPP:((118)):TSS_DIM_E_CPP_AAL2AP', 'VENDOR', 104, 'varchar', 16, 0, 255, 1, 'HG', 0, 1, 1, 'PUBLICCOL', null, null, null, null, null, 1 );
insert into Externalstatement ( VERSIONID, STATEMENTNAME, EXECUTIONORDER, DBCONNECTION, STATEMENT, BASEDEF ) values ( 'CUSTOM_DC_E_CPP:((118))', 'create view SELECT_CUSTOM_E_CPP_AGGLEVEL', 1, 'dwh', 'IF (SELECT count(*) FROM sys.sysviews where viewname = ''SELECT_CUSTOM_E_CPP_AGGLEVEL'') > 0 DROP VIEW SELECT_CUSTOM_E_CPP_AGGLEVEL BEGIN create view SELECT_CUSTOM_E_CPP_AGGLEVEL(FIRSTDATE_ID,AGGLEVEL,DATE_ID,YEAR_ID,MONTH_ID,DAY_ID,WEEK_ID,WEEKDAY_ID,BUSINESSDAY,TIMELEVEL,TIMELEVELBH,DAYS) as select FIRSTDATE_ID,AGGLEVEL,DATE_ID,YEAR_ID,MONTH_ID,DAY_ID,WEEK_ID,WEEKDAY_ID,BUSINESSDAY,TIMELEVEL,TIMELEVELBH,DAYS from dc.SELECT_AGGLEVEL_TABLE WHERE TIMELEVELBH = ''DAYBH'' commit grant select on SELECT_CUSTOM_E_CPP_AGGLEVEL to dcbo END', 1 );
insert into Universename ( VERSIONID, UNIVERSENAME, UNIVERSEEXTENSION, ORDERNRO, UNIVERSEEXTENSIONNAME ) values ( 'CUSTOM_DC_E_CPP:((118))', 'A', '', null, '' );
insert into Aggregation ( AGGREGATION, VERSIONID, AGGREGATIONSET, AGGREGATIONGROUP, REAGGREGATIONSET, REAGGREGATIONGROUP, GROUPORDER, AGGREGATIONORDER, AGGREGATIONTYPE, AGGREGATIONSCOPE ) values ( 'DC_E_CPP_AAL2APBH_RANKBH_Aal2Ap_TOTAL_CID', 'CUSTOM_DC_E_CPP:((118))', null, null, null, null, null, null, 'RANKBH', 'DAY' );
insert into Aggregationrule ( AGGREGATION, VERSIONID, RULEID, TARGET_TYPE, TARGET_LEVEL, TARGET_TABLE, TARGET_MTABLEID, SOURCE_TYPE, SOURCE_LEVEL, SOURCE_TABLE, SOURCE_MTABLEID, RULETYPE, AGGREGATIONSCOPE, BHTYPE, ENABLE ) values ( 'DC_E_CPP_AAL2APBH_RANKBH_Aal2Ap_TOTAL_CID', 'CUSTOM_DC_E_CPP:((118))', 0, 'DC_E_CPP_AAL2APBH', 'RANKBH', 'DC_E_CPP_AAL2APBH_RANKBH', 'DC_E_CPP:((118)):DC_E_CPP_AAL2APBH:RANKBH', 'DC_E_CPP_AAL2AP', 'RAW', 'DC_E_CPP_AAL2APBH_RANKBH_Aal2Ap_TOTAL_CID', 'DC_E_CPP:((118)):DC_E_CPP_AAL2AP:RAW', 'RANKBH', 'DAY', 'Aal2Ap_TOTAL_CID', null );
insert into Aggregation ( AGGREGATION, VERSIONID, AGGREGATIONSET, AGGREGATIONGROUP, REAGGREGATIONSET, REAGGREGATIONGROUP, GROUPORDER, AGGREGATIONORDER, AGGREGATIONTYPE, AGGREGATIONSCOPE ) values ( 'DC_E_CPP_AAL2APBH_MONTHRANKBH_Aal2Ap_TOTAL_CID', 'CUSTOM_DC_E_CPP:((118))', null, null, null, null, null, null, 'RANKBH', 'MONTH' );
insert into Aggregationrule ( AGGREGATION, VERSIONID, RULEID, TARGET_TYPE, TARGET_LEVEL, TARGET_TABLE, TARGET_MTABLEID, SOURCE_TYPE, SOURCE_LEVEL, SOURCE_TABLE, SOURCE_MTABLEID, RULETYPE, AGGREGATIONSCOPE, BHTYPE, ENABLE ) values ( 'DC_E_CPP_AAL2APBH_MONTHRANKBH_Aal2Ap_TOTAL_CID', 'CUSTOM_DC_E_CPP:((118))', 2, 'DC_E_CPP_AAL2APBH', 'RANKBH', 'DC_E_CPP_AAL2APBH_RANKBH', 'DC_E_CPP:((118)):DC_E_CPP_AAL2APBH:RANKBH', 'DC_E_CPP_AAL2APBH', 'RANKBH', 'DC_E_CPP_AAL2APBH_RANKBH', 'DC_E_CPP:((118)):DC_E_CPP_AAL2APBH:RANKBH', 'RANKBHCLASS', 'MONTH', 'Aal2Ap_TOTAL_CID', null );
insert into Aggregation ( AGGREGATION, VERSIONID, AGGREGATIONSET, AGGREGATIONGROUP, REAGGREGATIONSET, REAGGREGATIONGROUP, GROUPORDER, AGGREGATIONORDER, AGGREGATIONTYPE, AGGREGATIONSCOPE ) values ( 'DC_E_CPP_AAL2APBH_WEEKRANKBH_Aal2Ap_NODEB_TRAF', 'CUSTOM_DC_E_CPP:((118))', null, null, null, null, null, null, 'RANKBH', 'WEEK' );
insert into Aggregationrule ( AGGREGATION, VERSIONID, RULEID, TARGET_TYPE, TARGET_LEVEL, TARGET_TABLE, TARGET_MTABLEID, SOURCE_TYPE, SOURCE_LEVEL, SOURCE_TABLE, SOURCE_MTABLEID, RULETYPE, AGGREGATIONSCOPE, BHTYPE, ENABLE ) values ( 'DC_E_CPP_AAL2APBH_WEEKRANKBH_Aal2Ap_NODEB_TRAF', 'CUSTOM_DC_E_CPP:((118))', 1, 'DC_E_CPP_AAL2APBH', 'RANKBH', 'DC_E_CPP_AAL2APBH_RANKBH', 'DC_E_CPP:((118)):DC_E_CPP_AAL2APBH:RANKBH', 'DC_E_CPP_AAL2APBH', 'RANKBH', 'DC_E_CPP_AAL2APBH_RANKBH', 'DC_E_CPP:((118)):DC_E_CPP_AAL2APBH:RANKBH', 'RANKBHCLASS', 'WEEK', 'Aal2Ap_NODEB_TRAF', null );
insert into Aggregationrule ( AGGREGATION, VERSIONID, RULEID, TARGET_TYPE, TARGET_LEVEL, TARGET_TABLE, TARGET_MTABLEID, SOURCE_TYPE, SOURCE_LEVEL, SOURCE_TABLE, SOURCE_MTABLEID, RULETYPE, AGGREGATIONSCOPE, BHTYPE, ENABLE ) values ( 'DC_E_CPP_AAL2APBH_WEEKRANKBH_Aal2Ap_NODEB_TRAF', 'CUSTOM_DC_E_CPP:((118))', 4, 'DC_E_CPP_AAL2APBH', 'RANKBH', 'DC_E_CPP_AAL2APBH_RANKBH', 'DC_E_CPP:((118)):DC_E_CPP_AAL2APBH:RANKBH', 'DC_E_CPP_AAL2APBH', 'RANKBH', 'DC_E_CPP_AAL2APBH_RANKBH', 'DC_E_CPP:((118)):DC_E_CPP_AAL2APBH:RANKBH', 'RANKBHCLASS', 'WEEK', 'Aal2Ap_NODEB_TRAF', null );
insert into Aggregation ( AGGREGATION, VERSIONID, AGGREGATIONSET, AGGREGATIONGROUP, REAGGREGATIONSET, REAGGREGATIONGROUP, GROUPORDER, AGGREGATIONORDER, AGGREGATIONTYPE, AGGREGATIONSCOPE ) values ( 'DC_E_CPP_VCLTPBH_RANKBH_Vcltp_REC_ATM_CELLS', 'CUSTOM_DC_E_CPP:((118))', null, null, null, null, null, null, 'RANKBH', 'DAY' );
insert into Aggregationrule ( AGGREGATION, VERSIONID, RULEID, TARGET_TYPE, TARGET_LEVEL, TARGET_TABLE, TARGET_MTABLEID, SOURCE_TYPE, SOURCE_LEVEL, SOURCE_TABLE, SOURCE_MTABLEID, RULETYPE, AGGREGATIONSCOPE, BHTYPE, ENABLE ) values ( 'DC_E_CPP_VCLTPBH_RANKBH_Vcltp_REC_ATM_CELLS', 'CUSTOM_DC_E_CPP:((118))', 0, 'DC_E_CPP_VCLTPBH', 'RANKBH', 'DC_E_CPP_VCLTPBH_RANKBH', 'DC_E_CPP:((118)):DC_E_CPP_VCLTPBH:RANKBH', 'DC_E_CPP_VCLTP', 'COUNT', 'DC_E_CPP_VCLTPBH_RANKBH_Vcltp_REC_ATM_CELLS', 'DC_E_CPP:((118)):DC_E_CPP_VCLTP:COUNT', 'RANKBH', 'DAY', 'Vcltp_REC_ATM_CELLS', null );
insert into Aggregation ( AGGREGATION, VERSIONID, AGGREGATIONSET, AGGREGATIONGROUP, REAGGREGATIONSET, REAGGREGATIONGROUP, GROUPORDER, AGGREGATIONORDER, AGGREGATIONTYPE, AGGREGATIONSCOPE ) values ( 'DC_E_CPP_VCLTPBH_MONTHRANKBH_Vcltp_REC_ATM_CELLS', 'CUSTOM_DC_E_CPP:((118))', null, null, null, null, null, null, 'RANKBH', 'MONTH' );
insert into Aggregationrule ( AGGREGATION, VERSIONID, RULEID, TARGET_TYPE, TARGET_LEVEL, TARGET_TABLE, TARGET_MTABLEID, SOURCE_TYPE, SOURCE_LEVEL, SOURCE_TABLE, SOURCE_MTABLEID, RULETYPE, AGGREGATIONSCOPE, BHTYPE, ENABLE ) values ( 'DC_E_CPP_VCLTPBH_MONTHRANKBH_Vcltp_REC_ATM_CELLS', 'CUSTOM_DC_E_CPP:((118))', 2, 'DC_E_CPP_VCLTPBH', 'RANKBH', 'DC_E_CPP_VCLTPBH_RANKBH', 'DC_E_CPP:((118)):DC_E_CPP_VCLTPBH:RANKBH', 'DC_E_CPP_VCLTPBH', 'RANKBH', 'DC_E_CPP_VCLTPBH_RANKBH', 'DC_E_CPP:((118)):DC_E_CPP_VCLTPBH:RANKBH', 'RANKBHCLASS', 'MONTH', 'Vcltp_REC_ATM_CELLS', null );
insert into Aggregation ( AGGREGATION, VERSIONID, AGGREGATIONSET, AGGREGATIONGROUP, REAGGREGATIONSET, REAGGREGATIONGROUP, GROUPORDER, AGGREGATIONORDER, AGGREGATIONTYPE, AGGREGATIONSCOPE ) values ( 'DC_E_CPP_VCLTPBH_WEEKRANKBH_Vcltp_TRANS_ATM_CELLS', 'CUSTOM_DC_E_CPP:((118))', null, null, null, null, null, null, 'RANKBH', 'WEEK' );
insert into Aggregationrule ( AGGREGATION, VERSIONID, RULEID, TARGET_TYPE, TARGET_LEVEL, TARGET_TABLE, TARGET_MTABLEID, SOURCE_TYPE, SOURCE_LEVEL, SOURCE_TABLE, SOURCE_MTABLEID, RULETYPE, AGGREGATIONSCOPE, BHTYPE, ENABLE ) values ( 'DC_E_CPP_VCLTPBH_WEEKRANKBH_Vcltp_TRANS_ATM_CELLS', 'CUSTOM_DC_E_CPP:((118))', 1, 'DC_E_CPP_VCLTPBH', 'RANKBH', 'DC_E_CPP_VCLTPBH_RANKBH', 'DC_E_CPP:((118)):DC_E_CPP_VCLTPBH:RANKBH', 'DC_E_CPP_VCLTPBH', 'RANKBH', 'DC_E_CPP_VCLTPBH_RANKBH', 'DC_E_CPP:((118)):DC_E_CPP_VCLTPBH:RANKBH', 'RANKBHCLASS', 'WEEK', 'Vcltp_TRANS_ATM_CELLS', null );
insert into Aggregation ( AGGREGATION, VERSIONID, AGGREGATIONSET, AGGREGATIONGROUP, REAGGREGATIONSET, REAGGREGATIONGROUP, GROUPORDER, AGGREGATIONORDER, AGGREGATIONTYPE, AGGREGATIONSCOPE ) values ( 'DC_E_CPP_AAL2APBH_WEEKRANKBH_Aal2Ap_TOTAL_CID', 'CUSTOM_DC_E_CPP:((118))', null, null, null, null, null, null, 'RANKBH', 'WEEK' );
insert into Aggregationrule ( AGGREGATION, VERSIONID, RULEID, TARGET_TYPE, TARGET_LEVEL, TARGET_TABLE, TARGET_MTABLEID, SOURCE_TYPE, SOURCE_LEVEL, SOURCE_TABLE, SOURCE_MTABLEID, RULETYPE, AGGREGATIONSCOPE, BHTYPE, ENABLE ) values ( 'DC_E_CPP_AAL2APBH_WEEKRANKBH_Aal2Ap_TOTAL_CID', 'CUSTOM_DC_E_CPP:((118))', 1, 'DC_E_CPP_AAL2APBH', 'RANKBH', 'DC_E_CPP_AAL2APBH_RANKBH', 'DC_E_CPP:((118)):DC_E_CPP_AAL2APBH:RANKBH', 'DC_E_CPP_AAL2APBH', 'RANKBH', 'DC_E_CPP_AAL2APBH_RANKBH', 'DC_E_CPP:((118)):DC_E_CPP_AAL2APBH:RANKBH', 'RANKBHCLASS', 'WEEK', 'Aal2Ap_TOTAL_CID', null );
insert into Aggregation ( AGGREGATION, VERSIONID, AGGREGATIONSET, AGGREGATIONGROUP, REAGGREGATIONSET, REAGGREGATIONGROUP, GROUPORDER, AGGREGATIONORDER, AGGREGATIONTYPE, AGGREGATIONSCOPE ) values ( 'DC_E_CPP_AAL2APBH_RANKBH_Aal2Ap_NODEB_TRAF', 'CUSTOM_DC_E_CPP:((118))', null, null, null, null, null, null, 'RANKBH', 'DAY' );
insert into Aggregationrule ( AGGREGATION, VERSIONID, RULEID, TARGET_TYPE, TARGET_LEVEL, TARGET_TABLE, TARGET_MTABLEID, SOURCE_TYPE, SOURCE_LEVEL, SOURCE_TABLE, SOURCE_MTABLEID, RULETYPE, AGGREGATIONSCOPE, BHTYPE, ENABLE ) values ( 'DC_E_CPP_AAL2APBH_RANKBH_Aal2Ap_NODEB_TRAF', 'CUSTOM_DC_E_CPP:((118))', 0, 'DC_E_CPP_AAL2APBH', 'RANKBH', 'DC_E_CPP_AAL2APBH_RANKBH', 'DC_E_CPP:((118)):DC_E_CPP_AAL2APBH:RANKBH', 'DC_E_CPP_AAL2AP', 'RAW', 'DC_E_CPP_AAL2APBH_RANKBH_Aal2Ap_NODEB_TRAF', 'DC_E_CPP:((118)):DC_E_CPP_AAL2AP:RAW', 'RANKBH', 'DAY', 'Aal2Ap_NODEB_TRAF', null );
insert into Aggregationrule ( AGGREGATION, VERSIONID, RULEID, TARGET_TYPE, TARGET_LEVEL, TARGET_TABLE, TARGET_MTABLEID, SOURCE_TYPE, SOURCE_LEVEL, SOURCE_TABLE, SOURCE_MTABLEID, RULETYPE, AGGREGATIONSCOPE, BHTYPE, ENABLE ) values ( 'DC_E_CPP_AAL2APBH_RANKBH_Aal2Ap_NODEB_TRAF', 'CUSTOM_DC_E_CPP:((118))', 3, 'DC_E_CPP_AAL2APBH', 'RANKBH', 'DC_E_CPP_AAL2APBH_RANKBH', 'DC_E_CPP:((118)):DC_E_CPP_AAL2APBH:RANKBH', 'DC_E_RAN_UCELL', 'RAW', 'DC_E_CPP_AAL2APBH_RANKBH_Aal2Ap_NODEB_TRAF', 'DC_E_CPP:((118)):DC_E_RAN_UCELL:RAW', 'RANKBH', 'DAY', 'Aal2Ap_NODEB_TRAF', null );
insert into Aggregation ( AGGREGATION, VERSIONID, AGGREGATIONSET, AGGREGATIONGROUP, REAGGREGATIONSET, REAGGREGATIONGROUP, GROUPORDER, AGGREGATIONORDER, AGGREGATIONTYPE, AGGREGATIONSCOPE ) values ( 'DC_E_CPP_AAL2APBH_MONTHRANKBH_Aal2Ap_NODEB_TRAF', 'CUSTOM_DC_E_CPP:((118))', null, null, null, null, null, null, 'RANKBH', 'MONTH' );
insert into Aggregationrule ( AGGREGATION, VERSIONID, RULEID, TARGET_TYPE, TARGET_LEVEL, TARGET_TABLE, TARGET_MTABLEID, SOURCE_TYPE, SOURCE_LEVEL, SOURCE_TABLE, SOURCE_MTABLEID, RULETYPE, AGGREGATIONSCOPE, BHTYPE, ENABLE ) values ( 'DC_E_CPP_AAL2APBH_MONTHRANKBH_Aal2Ap_NODEB_TRAF', 'CUSTOM_DC_E_CPP:((118))', 2, 'DC_E_CPP_AAL2APBH', 'RANKBH', 'DC_E_CPP_AAL2APBH_RANKBH', 'DC_E_CPP:((118)):DC_E_CPP_AAL2APBH:RANKBH', 'DC_E_CPP_AAL2APBH', 'RANKBH', 'DC_E_CPP_AAL2APBH_RANKBH', 'DC_E_CPP:((118)):DC_E_CPP_AAL2APBH:RANKBH', 'RANKBHCLASS', 'MONTH', 'Aal2Ap_NODEB_TRAF', null );
insert into Aggregationrule ( AGGREGATION, VERSIONID, RULEID, TARGET_TYPE, TARGET_LEVEL, TARGET_TABLE, TARGET_MTABLEID, SOURCE_TYPE, SOURCE_LEVEL, SOURCE_TABLE, SOURCE_MTABLEID, RULETYPE, AGGREGATIONSCOPE, BHTYPE, ENABLE ) values ( 'DC_E_CPP_AAL2APBH_MONTHRANKBH_Aal2Ap_NODEB_TRAF', 'CUSTOM_DC_E_CPP:((118))', 5, 'DC_E_CPP_AAL2APBH', 'RANKBH', 'DC_E_CPP_AAL2APBH_RANKBH', 'DC_E_CPP:((118)):DC_E_CPP_AAL2APBH:RANKBH', 'DC_E_CPP_AAL2APBH', 'RANKBH', 'DC_E_CPP_AAL2APBH_RANKBH', 'DC_E_CPP:((118)):DC_E_CPP_AAL2APBH:RANKBH', 'RANKBHCLASS', 'MONTH', 'Aal2Ap_NODEB_TRAF', null );
insert into Aggregation ( AGGREGATION, VERSIONID, AGGREGATIONSET, AGGREGATIONGROUP, REAGGREGATIONSET, REAGGREGATIONGROUP, GROUPORDER, AGGREGATIONORDER, AGGREGATIONTYPE, AGGREGATIONSCOPE ) values ( 'DC_E_CPP_VCLTPBH_WEEKRANKBH_Vcltp_REC_ATM_CELLS', 'CUSTOM_DC_E_CPP:((118))', null, null, null, null, null, null, 'RANKBH', 'WEEK' );
insert into Aggregationrule ( AGGREGATION, VERSIONID, RULEID, TARGET_TYPE, TARGET_LEVEL, TARGET_TABLE, TARGET_MTABLEID, SOURCE_TYPE, SOURCE_LEVEL, SOURCE_TABLE, SOURCE_MTABLEID, RULETYPE, AGGREGATIONSCOPE, BHTYPE, ENABLE ) values ( 'DC_E_CPP_VCLTPBH_WEEKRANKBH_Vcltp_REC_ATM_CELLS', 'CUSTOM_DC_E_CPP:((118))', 1, 'DC_E_CPP_VCLTPBH', 'RANKBH', 'DC_E_CPP_VCLTPBH_RANKBH', 'DC_E_CPP:((118)):DC_E_CPP_VCLTPBH:RANKBH', 'DC_E_CPP_VCLTPBH', 'RANKBH', 'DC_E_CPP_VCLTPBH_RANKBH', 'DC_E_CPP:((118)):DC_E_CPP_VCLTPBH:RANKBH', 'RANKBHCLASS', 'WEEK', 'Vcltp_REC_ATM_CELLS', null );
insert into Aggregation ( AGGREGATION, VERSIONID, AGGREGATIONSET, AGGREGATIONGROUP, REAGGREGATIONSET, REAGGREGATIONGROUP, GROUPORDER, AGGREGATIONORDER, AGGREGATIONTYPE, AGGREGATIONSCOPE ) values ( 'DC_E_CPP_VCLTPBH_RANKBH_Vcltp_TRANS_ATM_CELLS', 'CUSTOM_DC_E_CPP:((118))', null, null, null, null, null, null, 'RANKBH', 'DAY' );
insert into Aggregationrule ( AGGREGATION, VERSIONID, RULEID, TARGET_TYPE, TARGET_LEVEL, TARGET_TABLE, TARGET_MTABLEID, SOURCE_TYPE, SOURCE_LEVEL, SOURCE_TABLE, SOURCE_MTABLEID, RULETYPE, AGGREGATIONSCOPE, BHTYPE, ENABLE ) values ( 'DC_E_CPP_VCLTPBH_RANKBH_Vcltp_TRANS_ATM_CELLS', 'CUSTOM_DC_E_CPP:((118))', 0, 'DC_E_CPP_VCLTPBH', 'RANKBH', 'DC_E_CPP_VCLTPBH_RANKBH', 'DC_E_CPP:((118)):DC_E_CPP_VCLTPBH:RANKBH', 'DC_E_CPP_VCLTP', 'COUNT', 'DC_E_CPP_VCLTPBH_RANKBH_Vcltp_TRANS_ATM_CELLS', 'DC_E_CPP:((118)):DC_E_CPP_VCLTP:COUNT', 'RANKBH', 'DAY', 'Vcltp_TRANS_ATM_CELLS', null );
insert into Aggregation ( AGGREGATION, VERSIONID, AGGREGATIONSET, AGGREGATIONGROUP, REAGGREGATIONSET, REAGGREGATIONGROUP, GROUPORDER, AGGREGATIONORDER, AGGREGATIONTYPE, AGGREGATIONSCOPE ) values ( 'DC_E_CPP_VCLTPBH_MONTHRANKBH_Vcltp_TRANS_ATM_CELLS', 'CUSTOM_DC_E_CPP:((118))', null, null, null, null, null, null, 'RANKBH', 'MONTH' );
insert into Aggregationrule ( AGGREGATION, VERSIONID, RULEID, TARGET_TYPE, TARGET_LEVEL, TARGET_TABLE, TARGET_MTABLEID, SOURCE_TYPE, SOURCE_LEVEL, SOURCE_TABLE, SOURCE_MTABLEID, RULETYPE, AGGREGATIONSCOPE, BHTYPE, ENABLE ) values ( 'DC_E_CPP_VCLTPBH_MONTHRANKBH_Vcltp_TRANS_ATM_CELLS', 'CUSTOM_DC_E_CPP:((118))', 2, 'DC_E_CPP_VCLTPBH', 'RANKBH', 'DC_E_CPP_VCLTPBH_RANKBH', 'DC_E_CPP:((118)):DC_E_CPP_VCLTPBH:RANKBH', 'DC_E_CPP_VCLTPBH', 'RANKBH', 'DC_E_CPP_VCLTPBH_RANKBH', 'DC_E_CPP:((118)):DC_E_CPP_VCLTPBH:RANKBH', 'RANKBHCLASS', 'MONTH', 'Vcltp_TRANS_ATM_CELLS', null );
